Year,Plot,Layer ,Pignatti_1982,Bartolucci et al_2024,spp_presence_cover 
2002,9,C,Allium sphaerocephalon L.,Allium sphaerocephalon L. subsp. sphaerocephalon,p
2002,9,C,Amelanchier ovalis Medik. subsp. ovalis,Amelanchier ovalis Medik. subsp. ovalis,p
2002,9,C,Anthyllis vulneraria L. subsp. praepropera (Kerner) Bornm.,Anthyllis vulneraria L. subsp. rubriflora (DC.) Arcang.,p
2002,9,C,Arabis collina Ten.,Arabis collina Ten.,p
2002,9,C,Asperula cynanchica L.,Cynanchica pyrenaica (L.) P.Caputo & Del Guacchio subsp. cynanchica (L.) P.Caputo & Del Guacchio,p
2002,9,C,Asperula purpurea (L.) Ehrend.,Thliphthisa purpurea (L.) P.Caputo & Del Guacchio subsp. purpurea,p
2002,9,C,Brachypodium rupestre (Host) Roem. & Schult. subsp. rupestre,Brachypodium rupestre (Host) Roem. & Schult.,p
2002,9,C,Bromus erectus Huds.,Bromopsis erecta (Huds.) Fourr.,p
2002,9,C,Bupleurum falcatum L. subsp. cernuum (Ten.) Arcang.,Bupleurum falcatum L. subsp. cernuum (Nyman) Arcang.,p
2002,9,C,Centaurea ambigua Guss. subsp. ambigua,Centaurea arrigonii Greuter,p
2002,9,C,Cerastium arvense L. subsp. suffruticosum (L.) Nym.,Cerastium arvense L. subsp. suffruticosum (L.) Ces.,p
2002,9,C,Coronilla minima L.,Coronilla minima L.,p
2002,9,C,Cuscuta epithymum (L.) L.,Cuscuta epithymum (L.) L. subsp. epithymum ,p
2002,9,C,Cytisus sessilifolius L.,Cytisophyllum sessilifolium (L.) O.Lang,p
2002,9,C,Orchis sambucina L.,Dactylorhiza sambucina (L.) Soó,p
2002,9,C,Dianthus sylvestris Wulfen subsp. garganicus (Grande) Pignatti,Dianthus virgineus L.,p
2002,9,C,Eryngium amethystinum L.,Eryngium amethystinum L.,p
2002,9,C,Erysimum pseudorhaeticum Polatschek,Erysimum pseudorhaeticum Polatschek,p
2002,9,C,Festuca circummediterranea Patzke,Festuca circummediterranea Patzke,p
2002,9,C,Globularia punctata Lapeyr.,Globularia bisnagarica L.,p
2002,9,C,Helianthemum canum (L.) Baumg. subsp. canum,Helianthemum oelandicum (L.) Dum.Cours. subsp. incanum (Willk.) G.López,p
2002,9,C,Helleborus bocconei Ten. subsp. bocconei,Helleborus viridis L. subsp. bocconei (Ten.) Peruzzi,p
2002,9,C,Hieracium pilosella L.,Pilosella officinarum F.W.Schultz & Sch.Bip.,p
2002,9,C,Knautia purpurea (Vill.) Borbás,Knautia calycina (C.Presl) Guss.,p
2002,9,C,Koeleria macrantha (Ledeb.) Sprengel,Koeleria macrantha (Ledeb.) Schult. subsp. macrantha,p
2002,9,C,Muscari neglectum Guss.,Muscari neglectum Guss. ex Ten. & Sangiovanni,p
2002,9,C,Onobrychis viciifolia Scop.,Onobrychis viciifolia Scop.,p
2002,9,C,Orobanche alba Stephan,Orobanche alba Stephan ex Willd.,p
2002,9,C,Rhinanthus minor L.,Rhinanthus minor L.,p
2002,9,C,Sanguisorba minor Scop. subsp. muricata (Gremli) Briq.,Poterium sanguisorba L. subsp. balearicum (Bourg. ex Nyman) Stace,p
2002,9,C,Sedum rupestre L. subsp. rupestre,Petrosedum rupestre (L.) P.V.Heath,p
2002,9,C,Senecio doronicum L. subsp. doronicum,Senecio doronicum (L.) L. subsp. doronicum,p
2002,9,C,Sesleria nitida Ten.,Sesleria nitida Ten.,p
2002,9,C,Silene italica (L.) Pers. subsp. italica,Silene italica (L.) Pers. subsp. italica,p
2002,9,C,Silene otites (L.) Wibel,Silene otites (L.) Wibel subsp. otites,p
2002,9,C,Stachys recta L. subsp. recta,Stachys recta L. subsp. recta,p
2002,9,C,Tanacetum corymbosum var. tenuifolium (Willd.) Briq. et Cavill.,Tanacetum corymbosum (L.) Sch.Bip. subsp. achilleae (L.) Greuter,p
2002,9,C,Teucrium chamaedrys L.,Teucrium chamaedrys L. subsp. chamaedrys,p
2002,9,C,Teucrium montanum L.,Teucrium montanum L.,p
2002,9,C,Thymus longicaulis Presl,Thymus longicaulis C.Presl subsp. longicaulis,p
2002,9,C,Trifolium pratense L. subsp. pratense,Trifolium pratense L. subsp. pratense,p
2002,9,C,Trinia glauca (L.) Dumort. subsp. carniolica (Kerner) Wolff,Trinia glauca (L.) Dumort. subsp. carniolica (A.Kern. ex Janch.) H.Wolff,p
2003,9,C,Asperula purpurea (L.) Ehrend.,Thliphthisa purpurea (L.) P.Caputo & Del Guacchio subsp. purpurea,p
2003,9,C,Astragalus sempervirens Lam. subsp. gussonei Pignatti,Astragalus sempervirens Lam.,p
2003,9,C,Bromus erectus Huds.,Bromopsis erecta (Huds.) Fourr.,p
2003,9,C,Bupleurum falcatum L. subsp. cernuum (Ten.) Arcang.,Bupleurum falcatum L. subsp. cernuum (Nyman) Arcang.,p
2003,9,C,Carlina acaulis L.,Carlina acaulis L. subsp. caulescens (Lam.) Schübl. & G.Martens,p
2003,9,C,Centaurea ambigua Guss. subsp. ambigua,Centaurea arrigonii Greuter,p
2003,9,C,Centaurea triumfettii All.,Centaurea triumfettii All.,p
2003,9,C,Cuscuta epithymum (L.) L.,Cuscuta epithymum (L.) L. subsp. epithymum ,p
2003,9,C,Dactylis glomerata L.,Dactylis glomerata L. subsp. glomerata,p
2003,9,C,Dianthus sylvestris Wulfen subsp. garganicus (Grande) Pignatti,Dianthus virgineus L.,p
2003,9,C,Eryngium amethystinum L.,Eryngium amethystinum L.,p
2003,9,C,Festuca circummediterranea Patzke,Festuca circummediterranea Patzke,p
2003,9,C,Genista tinctoria L. subsp. tinctoria,Genista tinctoria L.,p
2003,9,C,Globularia punctata Lapeyr.,Globularia bisnagarica L.,p
2003,9,C,Helianthemum apenninum (L.) Mill.,Helianthemum apenninum (L.) Mill. subsp. apenninum,p
2003,9,C,Helianthemum nummularium (L.) Mill. subsp. obscurum (Čelak.) Holub,Helianthemum nummularium (L.) Mill. subsp. obscurum (Čelak.) Holub,p
2003,9,C,Hieracium pilosella L.,Pilosella officinarum F.W.Schultz & Sch.Bip.,p
2003,9,C,Inula montana L.,"Pentanema montanum (L.) D.Gut.Larr., Santos-Vicente, Anderb., E.Rico & M.M.Mart.Ort.",p
2003,9,C,Knautia purpurea (Vill.) Borbás,Knautia calycina (C.Presl) Guss.,p
2003,9,C,Koeleria macrantha (Ledeb.) Sprengel,Koeleria macrantha (Ledeb.) Schult. subsp. macrantha,p
2003,9,C,Koeleria splendens Presl,Koeleria splendens C.Presl,p
2003,9,C,Lathyrus sylvestris L.,Lathyrus sylvestris L. subsp. sylvestris,p
2003,9,C,Leontodon crispus Vill.,Leontodon crispus Vill.,p
2003,9,C,Linum bienne Mill.,Linum usitatissimum L. subsp. angustifolium (Huds.) Thell.,p
2003,9,C,Lotus corniculatus L.,Lotus corniculatus L. subsp. corniculatus,p
2003,9,C,Ononis pusilla L.,Ononis pusilla L. subsp. pusilla,p
2003,9,C,Ononis spinosa L. subsp. spinosa,Ononis spinosa L. subsp. spinosa,p
2003,9,C,Orobanche minor Sm.,Orobanche minor Sm.,p
2003,9,C,Petrorhagia prolifera (L.) P.W.Ball et Heywood,Petrorhagia prolifera (L.) P.W.Ball & Heywood,p
2003,9,C,Phleum ambiguum Ten.,Phleum hirsutum Honck. subsp. ambiguum (Ten.) Cif. & Giacom.,p
2003,9,C,Plantago lanceolata L. var. lanceolata,Plantago lanceolata L.,p
2003,9,C,Rhinanthus minor L.,Rhinanthus minor L.,p
2003,9,C,Sanguisorba minor Scop. subsp. muricata (Gremli) Briq.,Poterium sanguisorba L. subsp. balearicum (Bourg. ex Nyman) Stace,p
2003,9,C,Sedum rupestre L. subsp. rupestre,Petrosedum rupestre (L.) P.V.Heath,p
2003,9,C,Thymus longicaulis Presl,Thymus longicaulis C.Presl subsp. longicaulis,p
2003,9,C,Trifolium montanum L. subsp. rupestre (Ten.) Pignatti,Trifolium montanum L. subsp. rupestre (Ten.) Nyman,p
2003,9,C,Trifolium ochroleucum Huds.,Trifolium ochroleucon Huds.,p
2015,9,B,Cytisus sessilifolius L.,Cytisophyllum sessilifolium (L.) O.Lang,2
2015,9,B,Prunus mahaleb L.,Prunus mahaleb L. subsp. mahaleb,+
2015,9,C,Acinos alpinus (L.) Moench,Ziziphora granatensis (Boiss. & Reut.) Melnikov subsp. alpina (L.) Bräuchler & Gutermann,+
2015,9,C,Aethionema saxatile (L.) R. Br.,Aethionema saxatile (L.) W.T.Aiton,+
2015,9,C,Allium sphaerocephalon L.,Allium sphaerocephalon L. subsp. sphaerocephalon,+
2015,9,C,Anacamptis pyramidalis (L.)L.C.Rich.,Anacamptis pyramidalis (L.) Rich.,r
2015,9,C,Anthyllis vulneraria L. subsp. praepropera (Kerner) Bornm.,Anthyllis vulneraria L. subsp. rubriflora (DC.) Arcang.,+
2015,9,C,Asperula cynanchica L.,Cynanchica pyrenaica (L.) P.Caputo & Del Guacchio subsp. cynanchica (L.) P.Caputo & Del Guacchio,+
2015,9,C,Asperula purpurea (L.) Ehrend.,Thliphthisa purpurea (L.) P.Caputo & Del Guacchio subsp. purpurea,1
2015,9,C,Astragalus sempervirens Lam. subsp. gussonei Pignatti,Astragalus sempervirens Lam.,+
2015,9,C,Avenula praetutiana (Parl.) Pignatti,"Helictochloa praetutiana (Parl. ex Arcang.) Bartolucci, F.Conti, Peruzzi & Banfi subsp. praetutiana",1
2015,9,C,Brachypodium rupestre (Host) Roem. & Schult.,Brachypodium rupestre (Host) Roem. & Schult.,1
2015,9,C,Bromus erectus Huds.,Bromopsis erecta (Huds.) Fourr.,2
2015,9,C,Carex macrolepis DC.,Carex macrolepis DC.,+
2015,9,C,Centaurea ambigua Guss. subsp. ambigua,Centaurea arrigonii Greuter,1
2015,9,C,Centaurea bracteata Scop.,Centaurea jacea L. subsp. gaudinii (Boiss. & Reut.) Gremli,+
2015,9,C,Cerastium arvense L. subsp. suffruticosum (L.) Nym.,Cerastium arvense L. subsp. suffruticosum (L.) Ces.,+
2015,9,C,Chamaecytisus hirsutus (L.) Link,Cytisus hirsutus L.,+
2015,9,C,Coronilla minima L.,Coronilla minima L.,1
2015,9,C,Cuscuta epithymum (L.) L.,Cuscuta epithymum (L.) L. subsp. epithymum ,+
2015,9,C,Cytisus sessilifolius L.,Cytisophyllum sessilifolium (L.) O.Lang,+
2015,9,C,Dianthus sylvestris Wulfen subsp. garganicus (Grande) Pignatti,Dianthus virgineus L.,+
2015,9,C,Eryngium amethystinum L.,Eryngium amethystinum L.,+
2015,9,C,Erysimum pseudorhaeticum Polatschek,Erysimum pseudorhaeticum Polatschek,+
2015,9,C,Festuca circummediterranea Patzke,Festuca circummediterranea Patzke,1
2015,9,C,Festuca inops De Not.,Festuca inops De Not.,+
2015,9,C,Festuca trachyphylla (Hackel) Krajina,Festuca trachyphylla (Hack.) R.P.Murray,+
2015,9,C,Galium corrudifolium Vill.,Galium corrudifolium Vill.,+
2015,9,C,Genista tinctoria L. subsp. tinctoria,Genista tinctoria L.,+
2015,9,C,Globularia punctata Lapeyr.,Globularia bisnagarica L.,+
2015,9,C,Helianthemum canum (L.) Baumg. subsp. canum,Helianthemum oelandicum (L.) Dum.Cours. subsp. incanum (Willk.) G.López,1
2015,9,C,Helianthemum nummularium (L.) Mill. subsp. obscurum (Čelak.) Holub,Helianthemum nummularium (L.) Mill. subsp. obscurum (Čelak.) Holub,+
2015,9,C,Hieracium pilosella L.,Pilosella officinarum F.W.Schultz & Sch.Bip.,+
2015,9,C,Knautia purpurea (Vill.) Borbás,Knautia calycina (C.Presl) Guss.,+
2015,9,C,Koeleria macrantha (Ledeb.) Sprengel,Koeleria macrantha (Ledeb.) Schult. subsp. macrantha,1
2015,9,C,Laserpitium garganicum (Ten.) Bertol. subsp. garganicum,Siler montanum Crantz subsp. stabianum (Lacaita) F.Conti & Bartolucci,+
2015,9,C,Leontodon crispus Vill.,Leontodon crispus Vill.,+
2015,9,C,Linum catharticum L. subsp. catharticum,Linum catharticum L. subsp. catharticum,+
2015,9,C,Lotus corniculatus L.,Lotus corniculatus L. subsp. corniculatus,+
2015,9,C,Onobrychis viciifolia Scop.,Onobrychis viciifolia Scop.,+
2015,9,C,Orobanche alba Stephan,Orobanche alba Stephan ex Willd.,+
2015,9,C,Plantago argentea Chaix,Plantago argentea Chaix subsp. argentea,+
2015,9,C,Polygala nicaeensis Risso subsp. mediterranea Chodat,Polygala nicaeensis Risso ex W.D.J.Koch subsp. mediterranea Chodat,+
2015,9,C,Rhinanthus alectorolophus (Scop.) Pollich,Rhinanthus alectorolophus (Scop.) Pollich subsp. alectorolophus,+
2015,9,C,Rosa canina L.,Rosa canina L.,+
2015,9,C,Sanguisorba minor Scop. subsp. muricata (Gremli) Briq.,Poterium sanguisorba L. subsp. balearicum (Bourg. ex Nyman) Stace,+
2015,9,C,Sedum rupestre L. subsp. rupestre,Petrosedum rupestre (L.) P.V.Heath,+
2015,9,C,Senecio doronicum L. subsp. gerardii (G. et G.) Nyman,Senecio apenninus Tausch,+
2015,9,C,Sesleria nitida Ten.,Sesleria nitida Ten.,1
2015,9,C,Silene otites (L.) Wibel,Silene otites (L.) Wibel subsp. otites,+
2015,9,C,Stachys recta L. subsp. recta,Stachys recta L. subsp. recta,+
2015,9,C,Tanacetum corymbosum var. tenuifolium (Willd.) Briq. et Cavill.,Tanacetum corymbosum (L.) Sch.Bip. subsp. achilleae (L.) Greuter,+
2015,9,C,Teucrium chamaedrys L.,Teucrium chamaedrys L. subsp. chamaedrys,1
2015,9,C,Teucrium montanum L.,Teucrium montanum L.,+
2015,9,C,Thymus longicaulis Presl,Thymus longicaulis C.Presl subsp. longicaulis,+
2015,9,C,Thymus sp.,Thymus sp.,+
2015,9,C,Trifolium alpestre L.,Trifolium alpestre L.,+
2020,9,B,Cytisus sessilifolius L.,Cytisophyllum sessilifolium (L.) O.Lang,4
2020,9,C,Aethionema saxatile (L.) R. Br.,Aethionema saxatile (L.) W.T.Aiton,+
2020,9,C,Allium sphaerocephalon L.,Allium sphaerocephalon L. subsp. sphaerocephalon,+
2020,9,C,Asperula cynanchica L.,Cynanchica pyrenaica (L.) P.Caputo & Del Guacchio subsp. cynanchica (L.) P.Caputo & Del Guacchio,+
2020,9,C,Asperula purpurea (L.) Ehrend.,Thliphthisa purpurea (L.) P.Caputo & Del Guacchio subsp. purpurea,1
2020,9,C,Astragalus sempervirens Lam. subsp. gussonei Pignatti,Astragalus sempervirens Lam.,+
2020,9,C,Avenula praetutiana (Parl.) Pignatti,"Helictochloa praetutiana (Parl. ex Arcang.) Bartolucci, F.Conti, Peruzzi & Banfi subsp. praetutiana",+
2020,9,C,Brachypodium rupestre (Host) Roem. & Schult.,Brachypodium rupestre (Host) Roem. & Schult.,1
2020,9,C,Bromus erectus Huds.,Bromopsis erecta (Huds.) Fourr.,+
2020,9,C,Bupleurum falcatum L. subsp. cernuum (Ten.) Arcang.,Bupleurum falcatum L. subsp. cernuum (Nyman) Arcang.,+
2020,9,C,Carex macrolepis DC.,Carex macrolepis DC.,1
2020,9,C,Centaurea ambigua Guss. subsp. ambigua,Centaurea arrigonii Greuter,1
2020,9,C,Centaurea bracteata Scop.,Centaurea jacea L. subsp. gaudinii (Boiss. & Reut.) Gremli,+
2020,9,C,Centaurea triumfettii All.,Centaurea triumfettii All.,+
2020,9,C,Cerastium arvense L. subsp. suffruticosum (L.) Nym.,Cerastium arvense L. subsp. suffruticosum (L.) Ces.,+
2020,9,C,Chamaecytisus hirsutus (L.) Link,Cytisus hirsutus L.,+
2020,9,C,Coronilla minima L.,Coronilla minima L.,+
2020,9,C,Cuscuta epithymum (L.) L.,Cuscuta epithymum (L.) L. subsp. epithymum ,+
2020,9,C,Cytisus sessilifolius L.,Cytisophyllum sessilifolium (L.) O.Lang,+
2020,9,C,Dianthus sylvestris Wulfen subsp. garganicus (Grande) Pignatti,Dianthus virgineus L.,+
2020,9,C,Eryngium amethystinum L.,Eryngium amethystinum L.,1
2020,9,C,Erysimum pseudorhaeticum Polatschek,Erysimum pseudorhaeticum Polatschek,+
2020,9,C,Festuca circummediterranea Patzke,Festuca circummediterranea Patzke,+
2020,9,C,Festuca inops De Not.,Festuca inops De Not.,1
2020,9,C,Festuca trachyphylla (Hackel) Krajina,Festuca trachyphylla (Hack.) R.P.Murray,+
2020,9,C,Galium corrudifolium Vill.,Galium corrudifolium Vill.,+
2020,9,C,Globularia punctata Lapeyr.,Globularia bisnagarica L.,+
2020,9,C,Helianthemum canum (L.) Baumg. subsp. canum,Helianthemum oelandicum (L.) Dum.Cours. subsp. incanum (Willk.) G.López,1
2020,9,C,Helianthemum nummularium (L.) Mill. subsp. obscurum (Čelak.) Holub,Helianthemum nummularium (L.) Mill. subsp. obscurum (Čelak.) Holub,+
2020,9,C,Hieracium pilosella L.,Pilosella officinarum F.W.Schultz & Sch.Bip.,+
2020,9,C,Inula montana L.,"Pentanema montanum (L.) D.Gut.Larr., Santos-Vicente, Anderb., E.Rico & M.M.Mart.Ort.",+
2020,9,C,Juniperus communis L.,Juniperus communis L.,+
2020,9,C,Knautia purpurea (Vill.) Borbás,Knautia calycina (C.Presl) Guss.,+
2020,9,C,Koeleria macrantha (Ledeb.) Sprengel,Koeleria macrantha (Ledeb.) Schult. subsp. macrantha,+
2020,9,C,Laserpitium garganicum (Ten.) Bertol. subsp. garganicum,Siler montanum Crantz subsp. stabianum (Lacaita) F.Conti & Bartolucci,+
2020,9,C,Leontodon crispus Vill.,Leontodon crispus Vill.,+
2020,9,C,Linum tenuifolium L.,Linum tenuifolium L.,+
2020,9,C,Onobrychis viciifolia Scop.,Onobrychis viciifolia Scop.,1
2020,9,C,Orobanche alba Stephan,Orobanche alba Stephan ex Willd.,+
2020,9,C,Polygala nicaeensis Risso subsp. mediterranea Chodat,Polygala nicaeensis Risso ex W.D.J.Koch subsp. mediterranea Chodat,+
2020,9,C,Primula veris L. subsp. columnae (Ten.) Ludi,Primula veris L. subsp. columnae (Ten.) Maire & Petitm.,+
2020,9,C,Prunus mahaleb L.,Prunus mahaleb L. subsp. mahaleb,1
2020,9,C,Rosa canina L.,Rosa canina L.,+
2020,9,C,Sanguisorba minor Scop. subsp. muricata (Gremli) Briq.,Poterium sanguisorba L. subsp. balearicum (Bourg. ex Nyman) Stace,+
2020,9,C,Sedum rupestre L. subsp. rupestre,Petrosedum rupestre (L.) P.V.Heath,+
2020,9,C,Senecio doronicum L. subsp. gerardii (G. et G.) Nyman,Senecio apenninus Tausch,1
2020,9,C,Sesleria nitida Ten.,Sesleria nitida Ten.,4
2020,9,C,Silene otites (L.) Wibel,Silene otites (L.) Wibel subsp. otites,+
2020,9,C,Stachys recta L. subsp. recta,Stachys recta L. subsp. recta,+
2020,9,C,Tanacetum corymbosum var. tenuifolium (Willd.) Briq. et Cavill.,Tanacetum corymbosum (L.) Sch.Bip. subsp. achilleae (L.) Greuter,+
2020,9,C,Teucrium chamaedrys L.,Teucrium chamaedrys L. subsp. chamaedrys,1
2020,9,C,Teucrium montanum L.,Teucrium montanum L.,+
2020,9,C,Thymus longicaulis Presl,Thymus longicaulis C.Presl subsp. longicaulis,1
2020,9,C,Thymus sp.,Thymus sp.,+
2020,9,C,Trifolium alpestre L.,Trifolium alpestre L.,+
2020,9,C,Trinia glauca (L.) Dumort. subsp. carniolica (Kerner) Wolff,Trinia glauca (L.) Dumort. subsp. carniolica (A.Kern. ex Janch.) H.Wolff,+
2024,9,B,Cytisus sessilifolius L.,Cytisophyllum sessilifolium (L.) O.Lang,2
2024,9,C,Anacamptis pyramidalis (L.)L.C.Rich.,Anacamptis pyramidalis (L.) Rich.,+
2024,9,C,Anthyllis vulneraria L. subsp. praepropera (Kerner) Bornm.,Anthyllis vulneraria L. subsp. rubriflora (DC.) Arcang.,+
2024,9,C,Asperula cynanchica L.,Cynanchica pyrenaica (L.) P.Caputo & Del Guacchio subsp. cynanchica (L.) P.Caputo & Del Guacchio,+
2024,9,C,Asperula purpurea (L.) Ehrend.,Thliphthisa purpurea (L.) P.Caputo & Del Guacchio subsp. purpurea,1
2024,9,C,Avenula praetutiana (Parl.) Pignatti,"Helictochloa praetutiana (Parl. ex Arcang.) Bartolucci, F.Conti, Peruzzi & Banfi subsp. praetutiana",+
2024,9,C,Brachypodium rupestre (Host) Roem. & Schult.,Brachypodium rupestre (Host) Roem. & Schult.,2
2024,9,C,Bromus erectus Huds.,Bromopsis erecta (Huds.) Fourr.,1
2024,9,C,Carex macrolepis DC.,Carex macrolepis DC.,2
2024,9,C,Centaurea ambigua Guss. subsp. ambigua,Centaurea arrigonii Greuter,1
2024,9,C,Centaurea triumfettii All.,Centaurea triumfettii All.,+
2024,9,C,Cerastium arvense L. subsp. suffruticosum (L.) Nym.,Cerastium arvense L. subsp. suffruticosum (L.) Ces.,1
2024,9,C,Coronilla minima L.,Coronilla minima L.,1
2024,9,C,Cuscuta epithymum (L.) L.,Cuscuta epithymum (L.) L. subsp. epithymum ,+
2024,9,C,Cytisus sessilifolius L.,Cytisophyllum sessilifolium (L.) O.Lang,+
2024,9,C,Dianthus sylvestris Wulfen subsp. garganicus (Grande) Pignatti,Dianthus virgineus L.,+
2024,9,C,Eryngium amethystinum L.,Eryngium amethystinum L.,1
2024,9,C,Festuca circummediterranea Patzke,Festuca circummediterranea Patzke,1
2024,9,C,Festuca inops De Not.,Festuca inops De Not.,+
2024,9,C,Galium corrudifolium Vill.,Galium corrudifolium Vill.,1
2024,9,C,Globularia punctata Lapeyr.,Globularia bisnagarica L.,1
2024,9,C,Helianthemum canum (L.) Baumg. subsp. canum,Helianthemum oelandicum (L.) Dum.Cours. subsp. incanum (Willk.) G.López,1
2024,9,C,Helianthemum nummularium (L.) Mill. subsp. obscurum (Čelak.) Holub,Helianthemum nummularium (L.) Mill. subsp. obscurum (Čelak.) Holub,+
2024,9,C,Hieracium pilosella L.,Pilosella officinarum F.W.Schultz & Sch.Bip.,+
2024,9,C,Inula montana L.,"Pentanema montanum (L.) D.Gut.Larr., Santos-Vicente, Anderb., E.Rico & M.M.Mart.Ort.",+
2024,9,C,Knautia purpurea (Vill.) Borbás,Knautia calycina (C.Presl) Guss.,1
2024,9,C,Koeleria macrantha (Ledeb.) Sprengel,Koeleria macrantha (Ledeb.) Schult. subsp. macrantha,+
2024,9,C,Leontodon crispus Vill.,Leontodon crispus Vill.,+
2024,9,C,Lotus corniculatus L.,Lotus corniculatus L. subsp. corniculatus,+
2024,9,C,Muscari neglectum Guss.,Muscari neglectum Guss. ex Ten. & Sangiovanni,+
2024,9,C,Onobrychis viciifolia Scop.,Onobrychis viciifolia Scop.,1
2024,9,C,Orobanche alba Stephan,Orobanche alba Stephan ex Willd.,+
2024,9,C,Phleum ambiguum Ten.,Phleum hirsutum Honck. subsp. ambiguum (Ten.) Cif. & Giacom.,+
2024,9,C,Polygala nicaeensis Risso subsp. mediterranea Chodat,Polygala nicaeensis Risso ex W.D.J.Koch subsp. mediterranea Chodat,+
2024,9,C,Potentilla tabernaemontani Asch.,Potentilla rigoana Th.Wolf,+
2024,9,C,Rumex scutatus L.,Rumex scutatus L. subsp. scutatus,+
2024,9,C,Sanguisorba minor Scop. subsp. muricata (Gremli) Briq.,Poterium sanguisorba L. subsp. balearicum (Bourg. ex Nyman) Stace,1
2024,9,C,Sedum rupestre L. subsp. rupestre,Petrosedum rupestre (L.) P.V.Heath,+
2024,9,C,Senecio doronicum L. subsp. gerardii (G. et G.) Nyman,Senecio apenninus Tausch,1
2024,9,C,Sesleria nitida Ten.,Sesleria nitida Ten.,3
2024,9,C,Silene otites (L.) Wibel,Silene otites (L.) Wibel subsp. otites,+
2024,9,C,Stachys recta L. subsp. recta,Stachys recta L. subsp. recta,+
2024,9,C,Stipa dasyvaginata subsp. apenninicola,Stipa dasyvaginata Martinovský subsp. apenninicola Martinovský & Moraldo,+
2024,9,C,Tanacetum corymbosum var. tenuifolium (Willd.) Briq. et Cavill.,Tanacetum corymbosum (L.) Sch.Bip. subsp. achilleae (L.) Greuter,+
2024,9,C,Teucrium chamaedrys L.,Teucrium chamaedrys L. subsp. chamaedrys,1
2024,9,C,Teucrium montanum L.,Teucrium montanum L.,1
2024,9,C,Thymus longicaulis Presl,Thymus longicaulis C.Presl subsp. longicaulis,+
2024,9,C,Thymus sp.,Thymus sp.,1
2024,9,C,Trinia glauca (L.) Dumort. subsp. carniolica (Kerner) Wolff,Trinia glauca (L.) Dumort. subsp. carniolica (A.Kern. ex Janch.) H.Wolff,+
2002,10,C,Acer obtusatum Waldst. & Kit.,Acer opalus Mill. subsp. obtusatum (Waldst. & Kit. ex Willd.) Gams,p
2002,10,C,Aethionema saxatile (L.) R. Br.,Aethionema saxatile (L.) W.T.Aiton,p
2002,10,C,Arabis collina Ten.,Arabis collina Ten.,p
2002,10,C,Asperula purpurea (L.) Ehrend.,Thliphthisa purpurea (L.) P.Caputo & Del Guacchio subsp. purpurea,p
2002,10,C,Brachypodium rupestre (Host) Roem. & Schult. subsp. rupestre,Brachypodium rupestre (Host) Roem. & Schult.,p
2002,10,C,Brachypodium sylvaticum (Huds.) Beauv.,Brachypodium sylvaticum (Huds.) P.Beauv. subsp. sylvaticum,p
2002,10,C,Bromus erectus Huds.,Bromopsis erecta (Huds.) Fourr.,p
2002,10,C,Cerastium arvense L. subsp. suffruticosum (L.) Nym.,Cerastium arvense L. subsp. suffruticosum (L.) Ces.,p
2002,10,C,Clematis vitalba L.,Clematis vitalba L.,p
2002,10,C,Cornus sanguinea L.,Cornus sanguinea L. subsp. hungarica (Kárpáti) Soó,p
2002,10,C,Cuscuta epithymum (L.) L.,Cuscuta epithymum (L.) L. subsp. epithymum ,p
2002,10,C,Cytisus sessilifolius L.,Cytisophyllum sessilifolium (L.) O.Lang,p
2002,10,C,Eryngium amethystinum L.,Eryngium amethystinum L.,p
2002,10,C,Fagus sylvatica L.,Fagus sylvatica L. subsp. sylvatica,p
2002,10,C,Festuca circummediterranea Patzke,Festuca circummediterranea Patzke,p
2002,10,C,Galeopsis angustifolia Ehrh.,Galeopsis angustifolia Ehrh. ex Hoffm. subsp. angustifolia,p
2002,10,C,Helianthemum canum (L.) Baumg. subsp. canum,Helianthemum oelandicum (L.) Dum.Cours. subsp. incanum (Willk.) G.López,p
2002,10,C,Helianthemum nummularium (L.) Mill. subsp. obscurum (Čelak.) Holub,Helianthemum nummularium (L.) Mill. subsp. obscurum (Čelak.) Holub,p
2002,10,C,Hieracium pilosella L.,Pilosella officinarum F.W.Schultz & Sch.Bip.,p
2002,10,C,Knautia purpurea (Vill.) Borbás,Knautia calycina (C.Presl) Guss.,p
2002,10,C,Koeleria macrantha (Ledeb.) Sprengel,Koeleria macrantha (Ledeb.) Schult. subsp. macrantha,p
2002,10,C,Melica ciliata L.,Melica ciliata L.,p
2002,10,C,Orobanche alba Stephan,Orobanche alba Stephan ex Willd.,p
2002,10,C,Phleum ambiguum Ten.,Phleum hirsutum Honck. subsp. ambiguum (Ten.) Cif. & Giacom.,p
2002,10,C,Prunus spinosa L.,Prunus spinosa L. subsp. spinosa,p
2002,10,C,Rosa canina L.,Rosa canina L.,p
2002,10,C,Rubus canescens DC.,Rubus canescens DC.,p
2002,10,C,Sedum album L.,Sedum album L. subsp. album,p
2002,10,C,Sedum hispanicum L.,Sedum hispanicum L.,p
2002,10,C,Sedum rupestre L. subsp. rupestre,Petrosedum rupestre (L.) P.V.Heath,p
2002,10,C,Senecio doronicum L. subsp. doronicum,Senecio doronicum (L.) L. subsp. doronicum,p
2002,10,C,Silene italica (L.) Pers. subsp. italica,Silene italica (L.) Pers. subsp. italica,p
2002,10,C,Sorbus aria (L.) Crantz,Sorbus aria (L.) Crantz,p
2002,10,C,Stachys recta L. subsp. recta,Stachys recta L. subsp. recta,p
2002,10,C,Teucrium chamaedrys L.,Teucrium chamaedrys L. subsp. chamaedrys,p
2002,10,C,Thymus longicaulis Presl,Thymus longicaulis C.Presl subsp. longicaulis,p
2002,10,C,Trinia glauca (L.) Dumort. subsp. carniolica (Kerner) Wolff,Trinia glauca (L.) Dumort. subsp. carniolica (A.Kern. ex Janch.) H.Wolff,p
2003,10,C,Acinos alpinus (L.) Moench,Ziziphora granatensis (Boiss. & Reut.) Melnikov subsp. alpina (L.) Bräuchler & Gutermann,p
2003,10,C,Asperula cynanchica L.,Cynanchica pyrenaica (L.) P.Caputo & Del Guacchio subsp. cynanchica (L.) P.Caputo & Del Guacchio,p
2003,10,C,Asperula purpurea (L.) Ehrend.,Thliphthisa purpurea (L.) P.Caputo & Del Guacchio subsp. purpurea,p
2003,10,C,Astragalus sempervirens Lam. subsp. gussonei Pignatti,Astragalus sempervirens Lam.,p
2003,10,C,Brachypodium rupestre (Host) Roem. & Schult. subsp. rupestre,Brachypodium rupestre (Host) Roem. & Schult.,p
2003,10,C,Bromus erectus Huds.,Bromopsis erecta (Huds.) Fourr.,p
2003,10,C,Campanula glomerata L.,Campanula glomerata L.,p
2003,10,C,Carlina acaulis L.,Carlina acaulis L. subsp. caulescens (Lam.) Schübl. & G.Martens,p
2003,10,C,Centaurea ambigua Guss. subsp. ambigua,Centaurea arrigonii Greuter,p
2003,10,C,Centaurea bracteata Scop.,Centaurea jacea L. subsp. gaudinii (Boiss. & Reut.) Gremli,p
2003,10,C,Cephalaria transsylvanica (L.) Schrader,Cephalaria transsylvanica (L.) Roem. & Schult.,p
2003,10,C,Cuscuta epithymum (L.) L.,Cuscuta epithymum (L.) L. subsp. epithymum ,p
2003,10,C,Cytisus sessilifolius L.,Cytisophyllum sessilifolium (L.) O.Lang,p
2003,10,C,Eryngium amethystinum L.,Eryngium amethystinum L.,p
2003,10,C,Festuca circummediterranea Patzke,Festuca circummediterranea Patzke,p
2003,10,C,Globularia punctata Lapeyr.,Globularia bisnagarica L.,p
2003,10,C,Helianthemum canum (L.) Baumg. subsp. canum,Helianthemum oelandicum (L.) Dum.Cours. subsp. incanum (Willk.) G.López,p
2003,10,C,Hieracium pilosella L.,Pilosella officinarum F.W.Schultz & Sch.Bip.,p
2003,10,C,Knautia purpurea (Vill.) Borbás,Knautia calycina (C.Presl) Guss.,p
2003,10,C,Koeleria macrantha (Ledeb.) Sprengel,Koeleria macrantha (Ledeb.) Schult. subsp. macrantha,p
2003,10,C,Lathyrus sylvestris L.,Lathyrus sylvestris L. subsp. sylvestris,p
2003,10,C,Lotus corniculatus L.,Lotus corniculatus L. subsp. corniculatus,p
2003,10,C,Onobrychis viciifolia Scop.,Onobrychis viciifolia Scop.,p
2003,10,C,Ononis pusilla L.,Ononis pusilla L. subsp. pusilla,p
2003,10,C,Phleum ambiguum Ten.,Phleum hirsutum Honck. subsp. ambiguum (Ten.) Cif. & Giacom.,p
2003,10,C,Primula veris L. subsp. columnae (Ten.) Ludi,Primula veris L. subsp. columnae (Ten.) Maire & Petitm.,p
2003,10,C,Sanguisorba minor Scop. subsp. muricata (Gremli) Briq.,Poterium sanguisorba L. subsp. balearicum (Bourg. ex Nyman) Stace,p
2003,10,C,Sedum rupestre L. subsp. rupestre,Petrosedum rupestre (L.) P.V.Heath,p
2003,10,C,Sesleria nitida Ten.,Sesleria nitida Ten.,p
2003,10,C,Stachys recta L. subsp. recta,Stachys recta L. subsp. recta,p
2003,10,C,Thymus longicaulis Presl,Thymus longicaulis C.Presl subsp. longicaulis,p
2003,10,C,Trifolium montanum L. subsp. rupestre (Ten.) Pignatti,Trifolium montanum L. subsp. rupestre (Ten.) Nyman,p
2003,10,C,Trifolium ochroleucum Huds.,Trifolium ochroleucon Huds.,p
2015,10,B,Acer obtusatum Waldst. & Kit.,Acer opalus Mill. subsp. obtusatum (Waldst. & Kit. ex Willd.) Gams,1
2015,10,B,Cytisus sessilifolius L.,Cytisophyllum sessilifolium (L.) O.Lang,2
2015,10,B,Prunus spinosa L.,Prunus spinosa L. subsp. spinosa,1
2015,10,B,Rosa canina L.,Rosa canina L.,1
2015,10,B,Rubus ulmifolius Schott,Rubus ulmifolius Schott,1
2015,10,C,Acinos alpinus (L.) Moench,Ziziphora granatensis (Boiss. & Reut.) Melnikov subsp. alpina (L.) Bräuchler & Gutermann,+
2015,10,C,Aethionema saxatile (L.) R. Br.,Aethionema saxatile (L.) W.T.Aiton,+
2015,10,C,Anchusa barrelieri (All.) Vitman,Cynoglottis barrelieri (All.) Vural & Kit Tan subsp. barrelieri,+
2015,10,C,Anthemis tinctoria L.,Cota tinctoria (L.) J.Gay subsp. australis (R.Fern.) Oberpr. & Greuter,+
2015,10,C,Asperula cynanchica L.,Cynanchica pyrenaica (L.) P.Caputo & Del Guacchio subsp. cynanchica (L.) P.Caputo & Del Guacchio,+
2015,10,C,Asperula purpurea (L.) Ehrend.,Thliphthisa purpurea (L.) P.Caputo & Del Guacchio subsp. purpurea,1
2015,10,C,Brachypodium rupestre (Host) Roem. & Schult.,Brachypodium rupestre (Host) Roem. & Schult.,+
2015,10,C,Bromus erectus Huds.,Bromopsis erecta (Huds.) Fourr.,2
2015,10,C,Carex macrolepis DC.,Carex macrolepis DC.,+
2015,10,C,Centaurea triumfettii All.,Centaurea triumfettii All.,+
2015,10,C,Cerastium arvense L. subsp. suffruticosum (L.) Nym.,Cerastium arvense L. subsp. suffruticosum (L.) Ces.,+
2015,10,C,Chamaecytisus hirsutus (L.) Link,Cytisus hirsutus L.,+
2015,10,C,Cuscuta epithymum (L.) L.,Cuscuta epithymum (L.) L. subsp. epithymum ,+
2015,10,C,Eryngium amethystinum L.,Eryngium amethystinum L.,+
2015,10,C,Festuca circummediterranea Patzke,Festuca circummediterranea Patzke,2
2015,10,C,Festuca inops De Not.,Festuca inops De Not.,+
2015,10,C,Galium corrudifolium Vill.,Galium corrudifolium Vill.,1
2015,10,C,Helianthemum canum (L.) Baumg. subsp. canum,Helianthemum oelandicum (L.) Dum.Cours. subsp. incanum (Willk.) G.López,+
2015,10,C,Helianthemum nummularium (L.) Mill. subsp. obscurum (Čelak.) Holub,Helianthemum nummularium (L.) Mill. subsp. obscurum (Čelak.) Holub,+
2015,10,C,Hieracium pilosella L.,Pilosella officinarum F.W.Schultz & Sch.Bip.,+
2015,10,C,Hypericum perforatum L. subsp. angustifolium (DC.) Gaudin,Hypericum perforatum L. subsp. veronense (Schrank) Ces.,+
2015,10,C,Koeleria macrantha (Ledeb.) Sprengel,Koeleria macrantha (Ledeb.) Schult. subsp. macrantha,+
2015,10,C,Koeleria splendens Presl,Koeleria splendens C.Presl,+
2015,10,C,Medicago lupulina L.,Medicago lupulina L.,+
2015,10,C,Melica ciliata L.,Melica ciliata L.,1
2015,10,C,Phleum ambiguum Ten.,Phleum hirsutum Honck. subsp. ambiguum (Ten.) Cif. & Giacom.,1
2015,10,C,Phleum bertolonii DC.,Phleum nodosum L.,+
2015,10,C,Rubus canescens DC.,Rubus canescens DC.,+
2015,10,C,Rubus ulmifolius Schott,Rubus ulmifolius Schott,+
2015,10,C,Scrophularia canina L.,Scrophularia canina L.,+
2015,10,C,Sedum album L.,Sedum album L. subsp. album,1
2015,10,C,Sedum rupestre L. subsp. rupestre,Petrosedum rupestre (L.) P.V.Heath,1
2015,10,C,Senecio doronicum L. subsp. gerardii (G. et G.) Nyman,Senecio apenninus Tausch,+
2015,10,C,Stachys officinalis (L.) Trevisan subsp. officinalis,Betonica officinalis L.,+
2015,10,C,Stachys recta L. subsp. recta,Stachys recta L. subsp. recta,1
2015,10,C,Teucrium chamaedrys L.,Teucrium chamaedrys L. subsp. chamaedrys,+
2015,10,C,Thymus longicaulis Presl,Thymus longicaulis C.Presl subsp. longicaulis,+
2015,10,C,Thymus sp.,Thymus sp.,+
2020,10,C,Acer obtusatum Waldst. & Kit.,Acer opalus Mill. subsp. obtusatum (Waldst. & Kit. ex Willd.) Gams,1
2020,10,C,Aethionema saxatile (L.) R. Br.,Aethionema saxatile (L.) W.T.Aiton,+
2020,10,C,Allium sphaerocephalon L.,Allium sphaerocephalon L. subsp. sphaerocephalon,+
2020,10,C,Anchusa barrelieri (All.) Vitman,Cynoglottis barrelieri (All.) Vural & Kit Tan subsp. barrelieri,+
2020,10,C,Anthemis tinctoria L.,Cota tinctoria (L.) J.Gay subsp. australis (R.Fern.) Oberpr. & Greuter,+
2020,10,C,Arabis hirsuta (L.) Scop.,Arabis hirsuta (L.) Scop.,+
2020,10,C,Arenaria serpyllifolia L.,Arenaria serpyllifolia L. subsp. serpyllifolia,+
2020,10,C,Asperula purpurea (L.) Ehrend.,Thliphthisa purpurea (L.) P.Caputo & Del Guacchio subsp. purpurea,+
2020,10,C,Brachypodium rupestre (Host) Roem. & Schult.,Brachypodium rupestre (Host) Roem. & Schult.,2
2020,10,C,Bromus erectus Huds.,Bromopsis erecta (Huds.) Fourr.,+
2020,10,C,Carex macrolepis DC.,Carex macrolepis DC.,+
2020,10,C,Cerastium arvense L. subsp. suffruticosum (L.) Nym.,Cerastium arvense L. subsp. suffruticosum (L.) Ces.,+
2020,10,C,Cuscuta epithymum (L.) L.,Cuscuta epithymum (L.) L. subsp. epithymum ,1
2020,10,C,Cytisus sessilifolius L.,Cytisophyllum sessilifolium (L.) O.Lang,2
2020,10,C,Eryngium amethystinum L.,Eryngium amethystinum L.,+
2020,10,C,Festuca circummediterranea Patzke,Festuca circummediterranea Patzke,1
2020,10,C,Festuca inops De Not.,Festuca inops De Not.,1
2020,10,C,Festuca nigrescens Lam. subsp. microphylla (St.-Yves) Mgf.-Dbg.,Festuca rubra L. subsp. commutata (Gaudin) Markgr.-Dann.,+
2020,10,C,Galium corrudifolium Vill.,Galium corrudifolium Vill.,+
2020,10,C,Helianthemum nummularium (L.) Mill. subsp. obscurum (Čelak.) Holub,Helianthemum nummularium (L.) Mill. subsp. obscurum (Čelak.) Holub,+
2020,10,C,Hieracium pilosella L.,Pilosella officinarum F.W.Schultz & Sch.Bip.,+
2020,10,C,Hypericum perforatum L. subsp. angustifolium (DC.) Gaudin,Hypericum perforatum L. subsp. veronense (Schrank) Ces.,+
2020,10,C,Koeleria macrantha (Ledeb.) Sprengel,Koeleria macrantha (Ledeb.) Schult. subsp. macrantha,1
2020,10,C,Koeleria splendens Presl,Koeleria splendens C.Presl,+
2020,10,C,Medicago lupulina L.,Medicago lupulina L.,+
2020,10,C,Melica ciliata L.,Melica ciliata L.,2
2020,10,C,Orobanche minor Sm.,Orobanche minor Sm.,+
2020,10,C,Phleum ambiguum Ten.,Phleum hirsutum Honck. subsp. ambiguum (Ten.) Cif. & Giacom.,1
2020,10,C,Prunus spinosa L.,Prunus spinosa L. subsp. spinosa,2
2020,10,C,Rosa canina L.,Rosa canina L.,1
2020,10,C,Rubus canescens DC.,Rubus canescens DC.,1
2020,10,C,Rubus ulmifolius Schott,Rubus ulmifolius Schott,+
2020,10,C,Sanguisorba minor Scop. subsp. muricata (Gremli) Briq.,Poterium sanguisorba L. subsp. balearicum (Bourg. ex Nyman) Stace,+
2020,10,C,Scrophularia canina L.,Scrophularia canina L.,+
2020,10,C,Sedum album L.,Sedum album L. subsp. album,+
2020,10,C,Sedum rupestre L. subsp. rupestre,Petrosedum rupestre (L.) P.V.Heath,+
2020,10,C,Senecio doronicum L. subsp. gerardii (G. et G.) Nyman,Senecio apenninus Tausch,1
2020,10,C,Silene italica (L.) Pers. subsp. italica,Silene italica (L.) Pers. subsp. italica,+
2020,10,C,Stachys recta L. subsp. recta,Stachys recta L. subsp. recta,+
2020,10,C,Tanacetum corymbosum var. tenuifolium (Willd.) Briq. et Cavill.,Tanacetum corymbosum (L.) Sch.Bip. subsp. achilleae (L.) Greuter,+
2020,10,C,Teucrium chamaedrys L.,Teucrium chamaedrys L. subsp. chamaedrys,+
2020,10,C,Thymus longicaulis Presl,Thymus longicaulis C.Presl subsp. longicaulis,+
2020,10,C,Thymus sp.,Thymus sp.,+
2020,10,C,Tragopogon pratensis L. subsp. orientalis (L.) Čelak.,Tragopogon orientalis L.,+
2020,10,C,Veronica arvensis L.,Veronica arvensis L.,+
2024,10,A,Acer obtusatum Waldst. & Kit.,Acer opalus Mill. subsp. obtusatum (Waldst. & Kit. ex Willd.) Gams,1
2024,10,B,Acer obtusatum Waldst. & Kit.,Acer opalus Mill. subsp. obtusatum (Waldst. & Kit. ex Willd.) Gams,1
2024,10,B,Cytisus sessilifolius L.,Cytisophyllum sessilifolium (L.) O.Lang,1
2024,10,B,Lonicera xylosteum L.,Lonicera xylosteum L.,+
2024,10,B,Prunus spinosa L.,Prunus spinosa L. subsp. spinosa,3
2024,10,B,Rosa canina L.,Rosa canina L.,2
2024,10,C,Aethionema saxatile (L.) R. Br.,Aethionema saxatile (L.) W.T.Aiton,+
2024,10,C,Anthemis tinctoria L.,Cota tinctoria (L.) J.Gay subsp. australis (R.Fern.) Oberpr. & Greuter,+
2024,10,C,Arrhenatherum elatius (L.) Presl subsp. elatius,Arrhenatherum elatius (L.) P.Beauv. ex J.Presl & C.Presl subsp. elatius,+
2024,10,C,Asperula purpurea (L.) Ehrend.,Thliphthisa purpurea (L.) P.Caputo & Del Guacchio subsp. purpurea,+
2024,10,C,Brachypodium rupestre (Host) Roem. & Schult.,Brachypodium rupestre (Host) Roem. & Schult.,1
2024,10,C,Bromus erectus Huds.,Bromopsis erecta (Huds.) Fourr.,+
2024,10,C,Cerastium arvense L. subsp. suffruticosum (L.) Nym.,Cerastium arvense L. subsp. suffruticosum (L.) Ces.,+
2024,10,C,Chamaecytisus hirsutus (L.) Link,Cytisus hirsutus L.,+
2024,10,C,Eryngium amethystinum L.,Eryngium amethystinum L.,+
2024,10,C,Festuca circummediterranea Patzke,Festuca circummediterranea Patzke,1
2024,10,C,Festuca inops De Not.,Festuca inops De Not.,+
2024,10,C,Festuca nigrescens Lam. subsp. microphylla (St.-Yves) Mgf.-Dbg.,Festuca rubra L. subsp. commutata (Gaudin) Markgr.-Dann.,+
2024,10,C,Galium corrudifolium Vill.,Galium corrudifolium Vill.,1
2024,10,C,Hieracium pilosella L.,Pilosella officinarum F.W.Schultz & Sch.Bip.,+
2024,10,C,Hypericum perforatum L. subsp. angustifolium (DC.) Gaudin,Hypericum perforatum L. subsp. veronense (Schrank) Ces.,+
2024,10,C,Knautia purpurea (Vill.) Borbás,Knautia calycina (C.Presl) Guss.,+
2024,10,C,Koeleria macrantha (Ledeb.) Sprengel,Koeleria macrantha (Ledeb.) Schult. subsp. macrantha,1
2024,10,C,Koeleria splendens Presl,Koeleria splendens C.Presl,+
2024,10,C,Melica ciliata L.,Melica ciliata L.,2
2024,10,C,Orobanche minor Sm.,Orobanche minor Sm.,+
2024,10,C,Phleum ambiguum Ten.,Phleum hirsutum Honck. subsp. ambiguum (Ten.) Cif. & Giacom.,1
2024,10,C,Poa bulbosa L.,Poa bulbosa L.,+
2024,10,C,Rubus canescens DC.,Rubus canescens DC.,1
2024,10,C,Rubus ulmifolius Schott,Rubus ulmifolius Schott,+
2024,10,C,Sanguisorba minor Scop. subsp. muricata (Gremli) Briq.,Poterium sanguisorba L. subsp. balearicum (Bourg. ex Nyman) Stace,+
2024,10,C,Scrophularia canina L.,Scrophularia canina L.,+
2024,10,C,Sedum album L.,Sedum album L. subsp. album,1
2024,10,C,Sedum rupestre L. subsp. rupestre,Petrosedum rupestre (L.) P.V.Heath,+
2024,10,C,Senecio doronicum L. subsp. gerardii (G. et G.) Nyman,Senecio apenninus Tausch,1
2024,10,C,Stachys recta L. subsp. recta,Stachys recta L. subsp. recta,+
2024,10,C,Teucrium chamaedrys L.,Teucrium chamaedrys L. subsp. chamaedrys,1
2024,10,C,Thymus longicaulis Presl,Thymus longicaulis C.Presl subsp. longicaulis,+
2024,10,C,Thymus sp.,Thymus sp.,1
2024,10,C,Veronica arvensis L.,Veronica arvensis L.,+
2024,10,C,Xeranthemum cylindraceum S. et S.,Xeranthemum cylindraceum Sm.,+
2002,11,C,Aethionema saxatile (L.) R. Br.,Aethionema saxatile (L.) W.T.Aiton,p
2002,11,C,Allium sphaerocephalon L.,Allium sphaerocephalon L. subsp. sphaerocephalon,p
2002,11,C,Asperula purpurea (L.) Ehrend.,Thliphthisa purpurea (L.) P.Caputo & Del Guacchio subsp. purpurea,p
2002,11,C,Brachypodium rupestre (Host) Roem. & Schult. subsp. rupestre,Brachypodium rupestre (Host) Roem. & Schult.,p
2002,11,C,Bromus erectus Huds.,Bromopsis erecta (Huds.) Fourr.,p
2002,11,C,Carex caryophyllea La Tourr.,Carex caryophyllea Latourr.,p
2002,11,C,Centaurea ambigua Guss. subsp. ambigua,Centaurea arrigonii Greuter,p
2002,11,C,Cerastium arvense L. subsp. suffruticosum (L.) Nym.,Cerastium arvense L. subsp. suffruticosum (L.) Ces.,p
2002,11,C,Cytisus sessilifolius L.,Cytisophyllum sessilifolium (L.) O.Lang,p
2002,11,C,Dianthus sylvestris Wulfen subsp. garganicus (Grande) Pignatti,Dianthus virgineus L.,p
2002,11,C,Eryngium amethystinum L.,Eryngium amethystinum L.,p
2002,11,C,Festuca circummediterranea Patzke,Festuca circummediterranea Patzke,p
2002,11,C,Globularia punctata Lapeyr.,Globularia bisnagarica L.,p
2002,11,C,Helianthemum canum (L.) Baumg. subsp. canum,Helianthemum oelandicum (L.) Dum.Cours. subsp. incanum (Willk.) G.López,p
2002,11,C,Helianthemum nummularium (L.) Mill. subsp. obscurum (Čelak.) Holub,Helianthemum nummularium (L.) Mill. subsp. obscurum (Čelak.) Holub,p
2002,11,C,Hieracium pilosella L.,Pilosella officinarum F.W.Schultz & Sch.Bip.,p
2002,11,C,Knautia purpurea (Vill.) Borbás,Knautia calycina (C.Presl) Guss.,p
2002,11,C,Koeleria macrantha (Ledeb.) Sprengel,Koeleria macrantha (Ledeb.) Schult. subsp. macrantha,p
2002,11,C,Leontodon crispus Vill.,Leontodon crispus Vill.,p
2002,11,C,Phleum ambiguum Ten.,Phleum hirsutum Honck. subsp. ambiguum (Ten.) Cif. & Giacom.,p
2002,11,C,Prunus spinosa L.,Prunus spinosa L. subsp. spinosa,p
2002,11,C,Scrophularia canina L.,Scrophularia canina L.,p
2002,11,C,Sedum rupestre L. subsp. rupestre,Petrosedum rupestre (L.) P.V.Heath,p
2002,11,C,Sedum sexangulare L.,Sedum sexangulare L.,p
2002,11,C,Senecio doronicum L. subsp. doronicum,Senecio doronicum (L.) L. subsp. doronicum,p
2002,11,C,Sesleria nitida Ten.,Sesleria nitida Ten.,p
2002,11,C,Silene otites (L.) Wibel,Silene otites (L.) Wibel subsp. otites,p
2002,11,C,Stachys recta L. subsp. recta,Stachys recta L. subsp. recta,p
2002,11,C,Tanacetum corymbosum var. tenuifolium (Willd.) Briq. et Cavill.,Tanacetum corymbosum (L.) Sch.Bip. subsp. achilleae (L.) Greuter,p
2002,11,C,Teucrium chamaedrys L.,Teucrium chamaedrys L. subsp. chamaedrys,p
2002,11,C,Thymus longicaulis Presl,Thymus longicaulis C.Presl subsp. longicaulis,p
2003,11,C,Achillea setacea Waldst. & Kit.,Achillea setacea Waldst. & Kit.,p
2003,11,C,Acinos alpinus (L.) Moench,Ziziphora granatensis (Boiss. & Reut.) Melnikov subsp. alpina (L.) Bräuchler & Gutermann,p
2003,11,C,Anthyllis vulneraria L. subsp. weldeniana (Rchb.) Cullen,Anthyllis vulneraria L. subsp. weldeniana (Rchb.) Cullen,p
2003,11,C,Asperula purpurea (L.) Ehrend.,Thliphthisa purpurea (L.) P.Caputo & Del Guacchio subsp. purpurea,p
2003,11,C,Brachypodium rupestre (Host) Roem. & Schult. subsp. rupestre,Brachypodium rupestre (Host) Roem. & Schult.,p
2003,11,C,Bromus erectus Huds.,Bromopsis erecta (Huds.) Fourr.,p
2003,11,C,Carlina acaulis L.,Carlina acaulis L. subsp. caulescens (Lam.) Schübl. & G.Martens,p
2003,11,C,Centaurea ambigua Guss. subsp. ambigua,Centaurea arrigonii Greuter,p
2003,11,C,Centaurea triumfettii All.,Centaurea triumfettii All.,p
2003,11,C,Chamaecytisus hirsutus (L.) Link,Cytisus hirsutus L.,p
2003,11,C,Cuscuta epithymum (L.) L.,Cuscuta epithymum (L.) L. subsp. epithymum ,p
2003,11,C,Cytisus sessilifolius L.,Cytisophyllum sessilifolium (L.) O.Lang,p
2003,11,C,Dianthus sylvestris Wulfen subsp. garganicus (Grande) Pignatti,Dianthus virgineus L.,p
2003,11,C,Eryngium amethystinum L.,Eryngium amethystinum L.,p
2003,11,C,Festuca circummediterranea Patzke,Festuca circummediterranea Patzke,p
2003,11,C,Globularia punctata Lapeyr.,Globularia bisnagarica L.,p
2003,11,C,Gymnadenia conopsea (L.) R.Br.,Gymnadenia conopsea (L.) R.Br.,p
2003,11,C,Helianthemum canum (L.) Baumg. subsp. canum,Helianthemum oelandicum (L.) Dum.Cours. subsp. incanum (Willk.) G.López,p
2003,11,C,Helianthemum nummularium (L.) Mill. subsp. obscurum (Čelak.) Holub,Helianthemum nummularium (L.) Mill. subsp. obscurum (Čelak.) Holub,p
2003,11,C,Hieracium pilosella L.,Pilosella officinarum F.W.Schultz & Sch.Bip.,p
2003,11,C,Knautia purpurea (Vill.) Borbás,Knautia calycina (C.Presl) Guss.,p
2003,11,C,Koeleria splendens Presl,Koeleria splendens C.Presl,p
2003,11,C,Lathyrus sylvestris L.,Lathyrus sylvestris L. subsp. sylvestris,p
2003,11,C,Leontodon cichoraceus (Ten.) Sanguin.,Scorzoneroides cichoriacea (Ten.) Greuter,p
2003,11,C,Leontodon crispus Vill.,Leontodon crispus Vill.,p
2003,11,C,Lilium bulbiferum L. subsp. croceum (Chaix) Baker,Lilium bulbiferum L. subsp. croceum (Chaix) Jan,p
2003,11,C,Onobrychis viciifolia Scop.,Onobrychis viciifolia Scop.,p
2003,11,C,Orobanche minor Sm.,Orobanche minor Sm.,p
2003,11,C,Sanguisorba minor Scop. subsp. muricata (Gremli) Briq.,Poterium sanguisorba L. subsp. balearicum (Bourg. ex Nyman) Stace,p
2003,11,C,Sedum rupestre L. subsp. rupestre,Petrosedum rupestre (L.) P.V.Heath,p
2003,11,C,Sesleria nitida Ten.,Sesleria nitida Ten.,p
2003,11,C,Silene italica (L.) Pers. subsp. italica,Silene italica (L.) Pers. subsp. italica,p
2003,11,C,Silene otites (L.) Wibel,Silene otites (L.) Wibel subsp. otites,p
2003,11,C,Teucrium chamaedrys L.,Teucrium chamaedrys L. subsp. chamaedrys,p
2003,11,C,Thymus longicaulis Presl,Thymus longicaulis C.Presl subsp. longicaulis,p
2015,11,B,Lonicera xylosteum L.,Lonicera xylosteum L.,+
2015,11,B,Rosa canina L.,Rosa canina L.,1
2015,11,B,Sorbus aria (L.) Crantz,Sorbus aria (L.) Crantz,2
2015,11,C,Acinos alpinus (L.) Moench,Ziziphora granatensis (Boiss. & Reut.) Melnikov subsp. alpina (L.) Bräuchler & Gutermann,+
2015,11,C,Aethionema saxatile (L.) R. Br.,Aethionema saxatile (L.) W.T.Aiton,+
2015,11,C,Arrhenatherum elatius (L.) Presl subsp. elatius,Arrhenatherum elatius (L.) P.Beauv. ex J.Presl & C.Presl subsp. elatius,+
2015,11,C,Asperula purpurea (L.) Ehrend.,Thliphthisa purpurea (L.) P.Caputo & Del Guacchio subsp. purpurea,1
2015,11,C,Brachypodium rupestre (Host) Roem. & Schult.,Brachypodium rupestre (Host) Roem. & Schult.,1
2015,11,C,Bromus erectus Huds.,Bromopsis erecta (Huds.) Fourr.,2
2015,11,C,Carex macrolepis DC.,Carex macrolepis DC.,+
2015,11,C,Cerastium arvense L. subsp. suffruticosum (L.) Nym.,Cerastium arvense L. subsp. suffruticosum (L.) Ces.,+
2015,11,C,Chamaecytisus hirsutus (L.) Link,Cytisus hirsutus L.,+
2015,11,C,Cytisus sessilifolius L.,Cytisophyllum sessilifolium (L.) O.Lang,2
2015,11,C,Dianthus sylvestris Wulfen subsp. garganicus (Grande) Pignatti,Dianthus virgineus L.,+
2015,11,C,Festuca circummediterranea Patzke,Festuca circummediterranea Patzke,2
2015,11,C,Galium corrudifolium Vill.,Galium corrudifolium Vill.,+
2015,11,C,Helianthemum canum (L.) Baumg. subsp. canum,Helianthemum oelandicum (L.) Dum.Cours. subsp. incanum (Willk.) G.López,+
2015,11,C,Helianthemum nummularium (L.) Mill. subsp. obscurum (Čelak.) Holub,Helianthemum nummularium (L.) Mill. subsp. obscurum (Čelak.) Holub,+
2015,11,C,Hippocrepis comosa L.,Hippocrepis comosa L. subsp. comosa,+
2015,11,C,Hypericum perforatum L. subsp. angustifolium (DC.) Gaudin,Hypericum perforatum L. subsp. veronense (Schrank) Ces.,+
2015,11,C,Knautia purpurea (Vill.) Borbás,Knautia calycina (C.Presl) Guss.,+
2015,11,C,Koeleria splendens Presl,Koeleria splendens C.Presl,1
2015,11,C,Leontodon crispus Vill.,Leontodon crispus Vill.,+
2015,11,C,Polygala nicaeensis Risso subsp. mediterranea Chodat,Polygala nicaeensis Risso ex W.D.J.Koch subsp. mediterranea Chodat,+
2015,11,C,Prunus spinosa L.,Prunus spinosa L. subsp. spinosa,+
2015,11,C,Sedum album L.,Sedum album L. subsp. album,+
2015,11,C,Sedum rupestre L. subsp. rupestre,Petrosedum rupestre (L.) P.V.Heath,1
2015,11,C,Senecio doronicum L. subsp. gerardii (G. et G.) Nyman,Senecio apenninus Tausch,+
2015,11,C,Stachys recta L. subsp. recta,Stachys recta L. subsp. recta,+
2015,11,C,Tanacetum corymbosum var. tenuifolium (Willd.) Briq. et Cavill.,Tanacetum corymbosum (L.) Sch.Bip. subsp. achilleae (L.) Greuter,+
2015,11,C,Teucrium chamaedrys L.,Teucrium chamaedrys L. subsp. chamaedrys,1
2015,11,C,Thymus longicaulis Presl,Thymus longicaulis C.Presl subsp. longicaulis,1
2015,11,C,Thymus sp.,Thymus sp.,+
2020,11,B,Acer obtusatum Waldst. & Kit.,Acer opalus Mill. subsp. obtusatum (Waldst. & Kit. ex Willd.) Gams,1
2020,11,C,Aethionema saxatile (L.) R. Br.,Aethionema saxatile (L.) W.T.Aiton,+
2020,11,C,Anacamptis pyramidalis (L.)L.C.Rich.,Anacamptis pyramidalis (L.) Rich.,+
2020,11,C,Asperula purpurea (L.) Ehrend.,Thliphthisa purpurea (L.) P.Caputo & Del Guacchio subsp. purpurea,+
2020,11,C,Astragalus sempervirens Lam. subsp. gussonei Pignatti,Astragalus sempervirens Lam.,+
2020,11,C,Brachypodium rupestre (Host) Roem. & Schult.,Brachypodium rupestre (Host) Roem. & Schult.,2
2020,11,C,Bromus erectus Huds.,Bromopsis erecta (Huds.) Fourr.,+
2020,11,C,Centaurea triumfettii All.,Centaurea triumfettii All.,+
2020,11,C,Cerastium arvense L. subsp. suffruticosum (L.) Nym.,Cerastium arvense L. subsp. suffruticosum (L.) Ces.,+
2020,11,C,Chamaecytisus hirsutus (L.) Link,Cytisus hirsutus L.,+
2020,11,C,Cytisus sessilifolius L.,Cytisophyllum sessilifolium (L.) O.Lang,1
2020,11,C,Dianthus sylvestris Wulfen subsp. garganicus (Grande) Pignatti,Dianthus virgineus L.,+
2020,11,C,Eryngium amethystinum L.,Eryngium amethystinum L.,+
2020,11,C,Erysimum pseudorhaeticum Polatschek,Erysimum pseudorhaeticum Polatschek,+
2020,11,C,Festuca circummediterranea Patzke,Festuca circummediterranea Patzke,2
2020,11,C,Festuca inops De Not.,Festuca inops De Not.,2
2020,11,C,Galium corrudifolium Vill.,Galium corrudifolium Vill.,1
2020,11,C,Helianthemum canum (L.) Baumg. subsp. canum,Helianthemum oelandicum (L.) Dum.Cours. subsp. incanum (Willk.) G.López,+
2020,11,C,Helianthemum nummularium (L.) Mill. subsp. obscurum (Čelak.) Holub,Helianthemum nummularium (L.) Mill. subsp. obscurum (Čelak.) Holub,+
2020,11,C,Hippocrepis comosa L.,Hippocrepis comosa L. subsp. comosa,+
2020,11,C,Knautia purpurea (Vill.) Borbás,Knautia calycina (C.Presl) Guss.,+
2020,11,C,Koeleria splendens Presl,Koeleria splendens C.Presl,2
2020,11,C,Lathyrus sylvestris L.,Lathyrus sylvestris L. subsp. sylvestris,+
2020,11,C,Leontodon crispus Vill.,Leontodon crispus Vill.,+
2020,11,C,Lotus corniculatus L.,Lotus corniculatus L. subsp. corniculatus,+
2020,11,C,Orobanche minor Sm.,Orobanche minor Sm.,+
2020,11,C,Phleum ambiguum Ten.,Phleum hirsutum Honck. subsp. ambiguum (Ten.) Cif. & Giacom.,+
2020,11,C,Prunus spinosa L.,Prunus spinosa L. subsp. spinosa,+
2020,11,C,Rosa canina L.,Rosa canina L.,+
2020,11,C,Sedum album L.,Sedum album L. subsp. album,2
2020,11,C,Sedum rupestre L. subsp. rupestre,Petrosedum rupestre (L.) P.V.Heath,1
2020,11,C,Senecio doronicum L. subsp. gerardii (G. et G.) Nyman,Senecio apenninus Tausch,+
2020,11,C,Sesleria nitida Ten.,Sesleria nitida Ten.,+
2020,11,C,Silene italica (L.) Pers. subsp. italica,Silene italica (L.) Pers. subsp. italica,+
2020,11,C,Stachys recta L. subsp. recta,Stachys recta L. subsp. recta,+
2020,11,C,Tanacetum corymbosum var. tenuifolium (Willd.) Briq. et Cavill.,Tanacetum corymbosum (L.) Sch.Bip. subsp. achilleae (L.) Greuter,+
2020,11,C,Teucrium chamaedrys L.,Teucrium chamaedrys L. subsp. chamaedrys,1
2020,11,C,Thymus longicaulis Presl,Thymus longicaulis C.Presl subsp. longicaulis,1
2020,11,C,Thymus sp.,Thymus sp.,1
2024,11,A,Sorbus aria (L.) Crantz,Sorbus aria (L.) Crantz,1
2024,11,B,Acer obtusatum Waldst. & Kit.,Acer opalus Mill. subsp. obtusatum (Waldst. & Kit. ex Willd.) Gams,1
2024,11,B,Rosa canina L.,Rosa canina L.,+
2024,11,C,Aethionema saxatile (L.) R. Br.,Aethionema saxatile (L.) W.T.Aiton,+
2024,11,C,Anacamptis pyramidalis (L.)L.C.Rich.,Anacamptis pyramidalis (L.) Rich.,+
2024,11,C,Arabis collina Ten.,Arabis collina Ten.,+
2024,11,C,Asperula purpurea (L.) Ehrend.,Thliphthisa purpurea (L.) P.Caputo & Del Guacchio subsp. purpurea,1
2024,11,C,Astragalus sempervirens Lam. subsp. gussonei Pignatti,Astragalus sempervirens Lam.,+
2024,11,C,Brachypodium rupestre (Host) Roem. & Schult.,Brachypodium rupestre (Host) Roem. & Schult.,2
2024,11,C,Bromus erectus Huds.,Bromopsis erecta (Huds.) Fourr.,1
2024,11,C,Carex macrolepis DC.,Carex macrolepis DC.,+
2024,11,C,Centaurea triumfettii All.,Centaurea triumfettii All.,+
2024,11,C,Cerastium arvense L. subsp. suffruticosum (L.) Nym.,Cerastium arvense L. subsp. suffruticosum (L.) Ces.,1
2024,11,C,Chamaecytisus hirsutus (L.) Link,Cytisus hirsutus L.,+
2024,11,C,Coronilla minima L.,Coronilla minima L.,+
2024,11,C,Cuscuta epithymum (L.) L.,Cuscuta epithymum (L.) L. subsp. epithymum ,+
2024,11,C,Cytisus sessilifolius L.,Cytisophyllum sessilifolium (L.) O.Lang,1
2024,11,C,Dianthus sylvestris Wulfen subsp. garganicus (Grande) Pignatti,Dianthus virgineus L.,+
2024,11,C,Eryngium amethystinum L.,Eryngium amethystinum L.,+
2024,11,C,Festuca circummediterranea Patzke,Festuca circummediterranea Patzke,2
2024,11,C,Festuca inops De Not.,Festuca inops De Not.,2
2024,11,C,Galium corrudifolium Vill.,Galium corrudifolium Vill.,+
2024,11,C,Helianthemum apenninum (L.) Mill.,Helianthemum apenninum (L.) Mill. subsp. apenninum,+
2024,11,C,Helianthemum canum (L.) Baumg. subsp. canum,Helianthemum oelandicum (L.) Dum.Cours. subsp. incanum (Willk.) G.López,1
2024,11,C,Hippocrepis comosa L.,Hippocrepis comosa L. subsp. comosa,+
2024,11,C,Knautia purpurea (Vill.) Borbás,Knautia calycina (C.Presl) Guss.,+
2024,11,C,Koeleria splendens Presl,Koeleria splendens C.Presl,2
2024,11,C,Lactuca perennis L.,Lactuca perennis L.,+
2024,11,C,Leontodon crispus Vill.,Leontodon crispus Vill.,+
2024,11,C,Lotus corniculatus L.,Lotus corniculatus L. subsp. corniculatus,+
2024,11,C,Orobanche minor Sm.,Orobanche minor Sm.,+
2024,11,C,Phleum ambiguum Ten.,Phleum hirsutum Honck. subsp. ambiguum (Ten.) Cif. & Giacom.,+
2024,11,C,Potentilla tabernaemontani Asch.,Potentilla rigoana Th.Wolf,+
2024,11,C,Scrophularia canina L.,Scrophularia canina L.,1
2024,11,C,Sedum album L.,Sedum album L. subsp. album,2
2024,11,C,Sedum rupestre L. subsp. rupestre,Petrosedum rupestre (L.) P.V.Heath,1
2024,11,C,Senecio doronicum L. subsp. gerardii (G. et G.) Nyman,Senecio apenninus Tausch,+
2024,11,C,Silene italica (L.) Pers. subsp. italica,Silene italica (L.) Pers. subsp. italica,+
2024,11,C,Stachys recta L. subsp. recta,Stachys recta L. subsp. recta,1
2024,11,C,Tanacetum corymbosum var. tenuifolium (Willd.) Briq. et Cavill.,Tanacetum corymbosum (L.) Sch.Bip. subsp. achilleae (L.) Greuter,+
2024,11,C,Teucrium chamaedrys L.,Teucrium chamaedrys L. subsp. chamaedrys,1
2024,11,C,Thymus longicaulis Presl,Thymus longicaulis C.Presl subsp. longicaulis,+
2024,11,C,Thymus sp.,Thymus sp.,2
2002,12,C,Achillea setacea Waldst. & Kit.,Achillea setacea Waldst. & Kit.,p
2002,12,C,Aethionema saxatile (L.) R. Br.,Aethionema saxatile (L.) W.T.Aiton,p
2002,12,C,Allium sphaerocephalon L.,Allium sphaerocephalon L. subsp. sphaerocephalon,p
2002,12,C,Alyssum minus (L.) Rothm.,Alyssum alyssoides (L.) L.,p
2002,12,C,Anthyllis vulneraria L. subsp. praepropera (Kerner) Bornm.,Anthyllis vulneraria L. subsp. rubriflora (DC.) Arcang.,p
2002,12,C,Arenaria serpyllifolia L.,Arenaria serpyllifolia L. subsp. serpyllifolia,p
2002,12,C,Asperula cynanchica L.,Cynanchica pyrenaica (L.) P.Caputo & Del Guacchio subsp. cynanchica (L.) P.Caputo & Del Guacchio,p
2002,12,C,Asperula purpurea (L.) Ehrend.,Thliphthisa purpurea (L.) P.Caputo & Del Guacchio subsp. purpurea,p
2002,12,C,Brachypodium rupestre (Host) Roem. & Schult. subsp. rupestre,Brachypodium rupestre (Host) Roem. & Schult.,p
2002,12,C,Bromus erectus Huds.,Bromopsis erecta (Huds.) Fourr.,p
2002,12,C,Carex caryophyllea La Tourr.,Carex caryophyllea Latourr.,p
2002,12,C,Centaurea ambigua Guss. subsp. ambigua,Centaurea arrigonii Greuter,p
2002,12,C,Centaurea triumfettii All.,Centaurea triumfettii All.,p
2002,12,C,Cephalanthera longifolia (Huds.) Fritsch,Cephalanthera longifolia (L.) Fritsch,p
2002,12,C,Cerastium arvense L. subsp. suffruticosum (L.) Nym.,Cerastium arvense L. subsp. suffruticosum (L.) Ces.,p
2002,12,C,Coronilla minima L.,Coronilla minima L.,p
2002,12,C,Crepis lacera Ten.,Crepis lacera Ten.,p
2002,12,C,Cytisus sessilifolius L.,Cytisophyllum sessilifolium (L.) O.Lang,p
2002,12,C,Dianthus sylvestris Wulfen subsp. garganicus (Grande) Pignatti,Dianthus virgineus L.,p
2002,12,C,Eryngium amethystinum L.,Eryngium amethystinum L.,p
2002,12,C,Festuca circummediterranea Patzke,Festuca circummediterranea Patzke,p
2002,12,C,Globularia punctata Lapeyr.,Globularia bisnagarica L.,p
2002,12,C,Helianthemum canum (L.) Baumg. subsp. canum,Helianthemum oelandicum (L.) Dum.Cours. subsp. incanum (Willk.) G.López,p
2002,12,C,Helianthemum nummularium (L.) Mill. subsp. obscurum (Čelak.) Holub,Helianthemum nummularium (L.) Mill. subsp. obscurum (Čelak.) Holub,p
2002,12,C,Hieracium pilosella L.,Pilosella officinarum F.W.Schultz & Sch.Bip.,p
2002,12,C,Hippocrepis comosa L.,Hippocrepis comosa L. subsp. comosa,p
2002,12,C,Knautia purpurea (Vill.) Borbás,Knautia calycina (C.Presl) Guss.,p
2002,12,C,Koeleria macrantha (Ledeb.) Sprengel,Koeleria macrantha (Ledeb.) Schult. subsp. macrantha,p
2002,12,C,Lathyrus sylvestris L.,Lathyrus sylvestris L. subsp. sylvestris,p
2002,12,C,Leontodon crispus Vill.,Leontodon crispus Vill.,p
2002,12,C,Linum catharticum L. subsp. catharticum,Linum catharticum L. subsp. catharticum,p
2002,12,C,Lotus corniculatus L.,Lotus corniculatus L. subsp. corniculatus,p
2002,12,C,Muscari neglectum Guss.,Muscari neglectum Guss. ex Ten. & Sangiovanni,p
2002,12,C,Onobrychis viciifolia Scop.,Onobrychis viciifolia Scop.,p
2002,12,C,Plantago media L.,Plantago media L. subsp. media,p
2002,12,C,Poa molineri Balb.,Poa molinerii Balb.,p
2002,12,C,Potentilla tabernaemontani Asch.,Potentilla rigoana Th.Wolf,p
2002,12,C,Rhinanthus alectorolophus (Scop.) Pollich,Rhinanthus alectorolophus (Scop.) Pollich subsp. alectorolophus,p
2002,12,C,Rhinanthus minor L.,Rhinanthus minor L.,p
2002,12,C,Sanguisorba minor Scop. subsp. muricata (Gremli) Briq.,Poterium sanguisorba L. subsp. balearicum (Bourg. ex Nyman) Stace,p
2002,12,C,Sedum rupestre L. subsp. rupestre,Petrosedum rupestre (L.) P.V.Heath,p
2002,12,C,Senecio doronicum L. subsp. doronicum,Senecio doronicum (L.) L. subsp. doronicum,p
2002,12,C,Sesleria nitida Ten.,Sesleria nitida Ten.,p
2002,12,C,Silene otites (L.) Wibel,Silene otites (L.) Wibel subsp. otites,p
2002,12,C,Sorbus aria (L.) Crantz,Sorbus aria (L.) Crantz,p
2002,12,C,Stachys recta L. subsp. recta,Stachys recta L. subsp. recta,p
2002,12,C,Tanacetum corymbosum var. tenuifolium (Willd.) Briq. et Cavill.,Tanacetum corymbosum (L.) Sch.Bip. subsp. achilleae (L.) Greuter,p
2002,12,C,Teucrium chamaedrys L.,Teucrium chamaedrys L. subsp. chamaedrys,p
2002,12,C,Teucrium montanum L.,Teucrium montanum L.,p
2002,12,C,Thymus longicaulis Presl,Thymus longicaulis C.Presl subsp. longicaulis,p
2002,12,C,Trifolium montanum L. subsp. rupestre (Ten.) Pignatti,Trifolium montanum L. subsp. rupestre (Ten.) Nyman,p
2003,12,C,Anthyllis vulneraria L. subsp. weldeniana (Rchb.) Cullen,Anthyllis vulneraria L. subsp. weldeniana (Rchb.) Cullen,p
2003,12,C,Asperula purpurea (L.) Ehrend.,Thliphthisa purpurea (L.) P.Caputo & Del Guacchio subsp. purpurea,p
2003,12,C,Astragalus sempervirens Lam. subsp. gussonei Pignatti,Astragalus sempervirens Lam.,p
2003,12,C,Bromus erectus Huds.,Bromopsis erecta (Huds.) Fourr.,p
2003,12,C,Centaurea ambigua Guss. subsp. ambigua,Centaurea arrigonii Greuter,p
2003,12,C,Cerastium arvense L. subsp. suffruticosum (L.) Nym.,Cerastium arvense L. subsp. suffruticosum (L.) Ces.,p
2003,12,C,Chamaecytisus hirsutus (L.) Link,Cytisus hirsutus L.,p
2003,12,C,Crepis lacera Ten.,Crepis lacera Ten.,p
2003,12,C,Dianthus sylvestris Wulfen subsp. garganicus (Grande) Pignatti,Dianthus virgineus L.,p
2003,12,C,Eryngium amethystinum L.,Eryngium amethystinum L.,p
2003,12,C,Festuca circummediterranea Patzke,Festuca circummediterranea Patzke,p
2003,12,C,Helianthemum canum (L.) Baumg. subsp. canum,Helianthemum oelandicum (L.) Dum.Cours. subsp. incanum (Willk.) G.López,p
2003,12,C,Hieracium pilosella L.,Pilosella officinarum F.W.Schultz & Sch.Bip.,p
2003,12,C,Knautia purpurea (Vill.) Borbás,Knautia calycina (C.Presl) Guss.,p
2003,12,C,Koeleria macrantha (Ledeb.) Sprengel,Koeleria macrantha (Ledeb.) Schult. subsp. macrantha,p
2003,12,C,Koeleria splendens Presl,Koeleria splendens C.Presl,p
2003,12,C,Lathyrus sylvestris L.,Lathyrus sylvestris L. subsp. sylvestris,p
2003,12,C,Lotus corniculatus L.,Lotus corniculatus L. subsp. corniculatus,p
2003,12,C,Ononis pusilla L.,Ononis pusilla L. subsp. pusilla,p
2003,12,C,Orobanche minor Sm.,Orobanche minor Sm.,p
2003,12,C,Phleum ambiguum Ten.,Phleum hirsutum Honck. subsp. ambiguum (Ten.) Cif. & Giacom.,p
2003,12,C,Poa molineri Balb.,Poa molinerii Balb.,p
2003,12,C,Sanguisorba minor Scop. subsp. muricata (Gremli) Briq.,Poterium sanguisorba L. subsp. balearicum (Bourg. ex Nyman) Stace,p
2003,12,C,Sedum acre L.,Sedum acre L.,p
2003,12,C,Sedum rupestre L. subsp. rupestre,Petrosedum rupestre (L.) P.V.Heath,p
2003,12,C,Silene otites (L.) Wibel,Silene otites (L.) Wibel subsp. otites,p
2003,12,C,Sorbus aria (L.) Crantz,Sorbus aria (L.) Crantz,p
2003,12,C,Teucrium chamaedrys L.,Teucrium chamaedrys L. subsp. chamaedrys,p
2003,12,C,Thymus longicaulis Presl,Thymus longicaulis C.Presl subsp. longicaulis,p
2003,12,C,Trifolium ochroleucum Huds.,Trifolium ochroleucon Huds.,p
2003,12,C,Trifolium striatum L. subsp. striatum,Trifolium striatum L. subsp. striatum,p
2003,12,C,Trinia glauca (L.) Dumort. subsp. carniolica (Kerner) Wolff,Trinia glauca (L.) Dumort. subsp. carniolica (A.Kern. ex Janch.) H.Wolff,p
2015,12,C,Acinos alpinus (L.) Moench,Ziziphora granatensis (Boiss. & Reut.) Melnikov subsp. alpina (L.) Bräuchler & Gutermann,+
2015,12,C,Aethionema saxatile (L.) R. Br.,Aethionema saxatile (L.) W.T.Aiton,+
2015,12,C,Allium sphaerocephalon L.,Allium sphaerocephalon L. subsp. sphaerocephalon,+
2015,12,C,Anthyllis vulneraria L. subsp. polyphylla (DC.) Nyman,Anthyllis vulneraria L. subsp. polyphylla (DC.) Nyman,+
2015,12,C,Anthyllis vulneraria L. subsp. praepropera (Kerner) Bornm.,Anthyllis vulneraria L. subsp. rubriflora (DC.) Arcang.,+
2015,12,C,Arenaria serpyllifolia L.,Arenaria serpyllifolia L. subsp. serpyllifolia,+
2015,12,C,Asperula cynanchica L.,Cynanchica pyrenaica (L.) P.Caputo & Del Guacchio subsp. cynanchica (L.) P.Caputo & Del Guacchio,+
2015,12,C,Asperula purpurea (L.) Ehrend.,Thliphthisa purpurea (L.) P.Caputo & Del Guacchio subsp. purpurea,+
2015,12,C,Avenula praetutiana (Parl.) Pignatti,"Helictochloa praetutiana (Parl. ex Arcang.) Bartolucci, F.Conti, Peruzzi & Banfi subsp. praetutiana",+
2015,12,C,Brachypodium rupestre (Host) Roem. & Schult.,Brachypodium rupestre (Host) Roem. & Schult.,1
2015,12,C,Bromus erectus Huds.,Bromopsis erecta (Huds.) Fourr.,3
2015,12,C,Bupleurum falcatum L. subsp. cernuum (Ten.) Arcang.,Bupleurum falcatum L. subsp. cernuum (Nyman) Arcang.,+
2015,12,C,Carex caryophyllea La Tourr.,Carex caryophyllea Latourr.,1
2015,12,C,Carex macrolepis DC.,Carex macrolepis DC.,+
2015,12,C,Centaurea ambigua Guss. subsp. ambigua,Centaurea arrigonii Greuter,1
2015,12,C,Centaurea triumfettii All.,Centaurea triumfettii All.,+
2015,12,C,Cerastium arvense L. subsp. suffruticosum (L.) Nym.,Cerastium arvense L. subsp. suffruticosum (L.) Ces.,+
2015,12,C,Chamaecytisus hirsutus (L.) Link,Cytisus hirsutus L.,+
2015,12,C,Coronilla minima L.,Coronilla minima L.,+
2015,12,C,Crepis lacera Ten.,Crepis lacera Ten.,+
2015,12,C,Cuscuta epithymum (L.) L.,Cuscuta epithymum (L.) L. subsp. epithymum ,+
2015,12,C,Cytisus sessilifolius L.,Cytisophyllum sessilifolium (L.) O.Lang,+
2015,12,C,Dianthus sylvestris Wulfen subsp. garganicus (Grande) Pignatti,Dianthus virgineus L.,+
2015,12,C,Eryngium amethystinum L.,Eryngium amethystinum L.,1
2015,12,C,Festuca circummediterranea Patzke,Festuca circummediterranea Patzke,1
2015,12,C,Festuca inops De Not.,Festuca inops De Not.,+
2015,12,C,Galium corrudifolium Vill.,Galium corrudifolium Vill.,+
2015,12,C,Globularia punctata Lapeyr.,Globularia bisnagarica L.,+
2015,12,C,Gymnadenia conopsea (L.) R.Br.,Gymnadenia conopsea (L.) R.Br.,r
2015,12,C,Helianthemum canum (L.) Baumg. subsp. canum,Helianthemum oelandicum (L.) Dum.Cours. subsp. incanum (Willk.) G.López,+
2015,12,C,Helianthemum nummularium (L.) Mill. subsp. obscurum (Čelak.) Holub,Helianthemum nummularium (L.) Mill. subsp. obscurum (Čelak.) Holub,1
2015,12,C,Hieracium pilosella L.,Pilosella officinarum F.W.Schultz & Sch.Bip.,+
2015,12,C,Hieracium gruppo murorum L.,Hieracium murorum L. s.l.,+
2015,12,C,Hypericum perforatum L. subsp. angustifolium (DC.) Gaudin,Hypericum perforatum L. subsp. veronense (Schrank) Ces.,1
2015,12,C,Knautia purpurea (Vill.) Borbás,Knautia calycina (C.Presl) Guss.,1
2015,12,C,Koeleria macrantha (Ledeb.) Sprengel,Koeleria macrantha (Ledeb.) Schult. subsp. macrantha,+
2015,12,C,Lathyrus sylvestris L.,Lathyrus sylvestris L. subsp. sylvestris,+
2015,12,C,Leontodon crispus Vill.,Leontodon crispus Vill.,+
2015,12,C,Lilium bulbiferum L. subsp. croceum (Chaix) Baker,Lilium bulbiferum L. subsp. croceum (Chaix) Jan,+
2015,12,C,Lotus corniculatus L.,Lotus corniculatus L. subsp. corniculatus,+
2015,12,C,Onobrychis viciifolia Scop.,Onobrychis viciifolia Scop.,1
2015,12,C,Ononis pusilla L.,Ononis pusilla L. subsp. pusilla,+
2015,12,C,Orobanche alba Stephan,Orobanche alba Stephan ex Willd.,+
2015,12,C,Orobanche minor Sm.,Orobanche minor Sm.,+
2015,12,C,Phleum ambiguum Ten.,Phleum hirsutum Honck. subsp. ambiguum (Ten.) Cif. & Giacom.,+
2015,12,C,Polygala nicaeensis Risso subsp. mediterranea Chodat,Polygala nicaeensis Risso ex W.D.J.Koch subsp. mediterranea Chodat,+
2015,12,C,Potentilla tabernaemontani Asch.,Potentilla rigoana Th.Wolf,+
2015,12,C,Rhinanthus alectorolophus (Scop.) Pollich,Rhinanthus alectorolophus (Scop.) Pollich subsp. alectorolophus,+
2015,12,C,Rhinanthus minor L.,Rhinanthus minor L.,+
2015,12,C,Rumex acetosella L.,Rumex acetosella L. subsp. pyrenaicus (Pourr. ex Lapeyr.) Akeroyd,+
2015,12,C,Sedum rupestre L. subsp. rupestre,Petrosedum rupestre (L.) P.V.Heath,+
2015,12,C,Senecio doronicum L. subsp. gerardii (G. et G.) Nyman,Senecio apenninus Tausch,+
2015,12,C,Sesleria nitida Ten.,Sesleria nitida Ten.,2
2015,12,C,Sorbus aria (L.) Crantz,Sorbus aria (L.) Crantz,+
2015,12,C,Stachys officinalis (L.) Trevisan subsp. officinalis,Betonica officinalis L.,+
2015,12,C,Stachys recta L. subsp. recta,Stachys recta L. subsp. recta,+
2015,12,C,Tanacetum corymbosum var. tenuifolium (Willd.) Briq. et Cavill.,Tanacetum corymbosum (L.) Sch.Bip. subsp. achilleae (L.) Greuter,+
2015,12,C,Teucrium chamaedrys L.,Teucrium chamaedrys L. subsp. chamaedrys,+
2015,12,C,Teucrium montanum L.,Teucrium montanum L.,+
2015,12,C,Thymus longicaulis Presl,Thymus longicaulis C.Presl subsp. longicaulis,+
2015,12,C,Thymus sp.,Thymus sp.,+
2015,12,C,Trifolium ochroleucum Huds.,Trifolium ochroleucon Huds.,r
2015,12,C,Trinia glauca (L.) Dumort. subsp. carniolica (Kerner) Wolff,Trinia glauca (L.) Dumort. subsp. carniolica (A.Kern. ex Janch.) H.Wolff,+
2020,12,C,Allium sphaerocephalon L.,Allium sphaerocephalon L. subsp. sphaerocephalon,+
2020,12,C,Anacamptis pyramidalis (L.)L.C.Rich.,Anacamptis pyramidalis (L.) Rich.,+
2020,12,C,Anthyllis vulneraria L. subsp. polyphylla (DC.) Nyman,Anthyllis vulneraria L. subsp. polyphylla (DC.) Nyman,+
2020,12,C,Arabis hirsuta (L.) Scop.,Arabis hirsuta (L.) Scop.,+
2020,12,C,Asperula cynanchica L.,Cynanchica pyrenaica (L.) P.Caputo & Del Guacchio subsp. cynanchica (L.) P.Caputo & Del Guacchio,+
2020,12,C,Asperula purpurea (L.) Ehrend.,Thliphthisa purpurea (L.) P.Caputo & Del Guacchio subsp. purpurea,+
2020,12,C,Avenula praetutiana (Parl.) Pignatti,"Helictochloa praetutiana (Parl. ex Arcang.) Bartolucci, F.Conti, Peruzzi & Banfi subsp. praetutiana",1
2020,12,C,Brachypodium rupestre (Host) Roem. & Schult.,Brachypodium rupestre (Host) Roem. & Schult.,3
2020,12,C,Bromus erectus Huds.,Bromopsis erecta (Huds.) Fourr.,+
2020,12,C,Bupleurum falcatum L. subsp. cernuum (Ten.) Arcang.,Bupleurum falcatum L. subsp. cernuum (Nyman) Arcang.,+
2020,12,C,Carex caryophyllea La Tourr.,Carex caryophyllea Latourr.,+
2020,12,C,Carex macrolepis DC.,Carex macrolepis DC.,+
2020,12,C,Centaurea ambigua Guss. subsp. ambigua,Centaurea arrigonii Greuter,+
2020,12,C,Centaurea triumfettii All.,Centaurea triumfettii All.,+
2020,12,C,Cerastium arvense L. subsp. suffruticosum (L.) Nym.,Cerastium arvense L. subsp. suffruticosum (L.) Ces.,+
2020,12,C,Chamaecytisus hirsutus (L.) Link,Cytisus hirsutus L.,+
2020,12,C,Coronilla minima L.,Coronilla minima L.,+
2020,12,C,Cuscuta epithymum (L.) L.,Cuscuta epithymum (L.) L. subsp. epithymum ,+
2020,12,C,Dianthus sylvestris Wulfen subsp. garganicus (Grande) Pignatti,Dianthus virgineus L.,+
2020,12,C,Eryngium amethystinum L.,Eryngium amethystinum L.,1
2020,12,C,Festuca circummediterranea Patzke,Festuca circummediterranea Patzke,1
2020,12,C,Festuca trachyphylla (Hackel) Krajina,Festuca trachyphylla (Hack.) R.P.Murray,+
2020,12,C,Galium corrudifolium Vill.,Galium corrudifolium Vill.,+
2020,12,C,Globularia punctata Lapeyr.,Globularia bisnagarica L.,+
2020,12,C,Helianthemum canum (L.) Baumg. subsp. canum,Helianthemum oelandicum (L.) Dum.Cours. subsp. incanum (Willk.) G.López,+
2020,12,C,Helianthemum nummularium (L.) Mill. subsp. obscurum (Čelak.) Holub,Helianthemum nummularium (L.) Mill. subsp. obscurum (Čelak.) Holub,+
2020,12,C,Hieracium pilosella L.,Pilosella officinarum F.W.Schultz & Sch.Bip.,+
2020,12,C,Hypericum perforatum L. subsp. angustifolium (DC.) Gaudin,Hypericum perforatum L. subsp. veronense (Schrank) Ces.,1
2020,12,C,Juniperus communis L.,Juniperus communis L.,+
2020,12,C,Knautia purpurea (Vill.) Borbás,Knautia calycina (C.Presl) Guss.,+
2020,12,C,Koeleria macrantha (Ledeb.) Sprengel,Koeleria macrantha (Ledeb.) Schult. subsp. macrantha,1
2020,12,C,Lathyrus pratensis L.,Lathyrus pratensis L. subsp. pratensis,+
2020,12,C,Lathyrus sylvestris L.,Lathyrus sylvestris L. subsp. sylvestris,+
2020,12,C,Leontodon crispus Vill.,Leontodon crispus Vill.,+
2020,12,C,Lotus corniculatus L.,Lotus corniculatus L. subsp. corniculatus,1
2020,12,C,Onobrychis viciifolia Scop.,Onobrychis viciifolia Scop.,2
2020,12,C,Ononis pusilla L.,Ononis pusilla L. subsp. pusilla,+
2020,12,C,Paronychia kapela (Hacq.) Kerner subsp. kapela,Paronychia kapela (Hacq.) A.Kern. subsp. kapela,+
2020,12,C,Phleum ambiguum Ten.,Phleum hirsutum Honck. subsp. ambiguum (Ten.) Cif. & Giacom.,+
2020,12,C,Plantago argentea Chaix,Plantago argentea Chaix subsp. argentea,+
2020,12,C,Polygala nicaeensis Risso subsp. mediterranea Chodat,Polygala nicaeensis Risso ex W.D.J.Koch subsp. mediterranea Chodat,+
2020,12,C,Potentilla tabernaemontani Asch.,Potentilla rigoana Th.Wolf,+
2020,12,C,Rhinanthus alectorolophus (Scop.) Pollich,Rhinanthus alectorolophus (Scop.) Pollich subsp. alectorolophus,+
2020,12,C,Sanguisorba minor Scop. subsp. muricata (Gremli) Briq.,Poterium sanguisorba L. subsp. balearicum (Bourg. ex Nyman) Stace,1
2020,12,C,Sedum rupestre L. subsp. rupestre,Petrosedum rupestre (L.) P.V.Heath,+
2020,12,C,Senecio doronicum L. subsp. gerardii (G. et G.) Nyman,Senecio apenninus Tausch,1
2020,12,C,Sesleria nitida Ten.,Sesleria nitida Ten.,2
2020,12,C,Stachys recta L. subsp. recta,Stachys recta L. subsp. recta,+
2020,12,C,Tanacetum corymbosum var. tenuifolium (Willd.) Briq. et Cavill.,Tanacetum corymbosum (L.) Sch.Bip. subsp. achilleae (L.) Greuter,+
2020,12,C,Teucrium chamaedrys L.,Teucrium chamaedrys L. subsp. chamaedrys,1
2020,12,C,Teucrium montanum L.,Teucrium montanum L.,+
2020,12,C,Thymus longicaulis Presl,Thymus longicaulis C.Presl subsp. longicaulis,+
2020,12,C,Thymus sp.,Thymus sp.,+
2020,12,C,Trifolium ochroleucum Huds.,Trifolium ochroleucon Huds.,+
2020,12,C,Trinia glauca (L.) Dumort. subsp. carniolica (Kerner) Wolff,Trinia glauca (L.) Dumort. subsp. carniolica (A.Kern. ex Janch.) H.Wolff,+
2024,12,B,Juniperus communis L.,Juniperus communis L.,+
2024,12,B,Sorbus aria (L.) Crantz,Sorbus aria (L.) Crantz,+
2024,12,C,Anacamptis pyramidalis (L.)L.C.Rich.,Anacamptis pyramidalis (L.) Rich.,+
2024,12,C,Anthyllis vulneraria L. subsp. polyphylla (DC.) Nyman,Anthyllis vulneraria L. subsp. polyphylla (DC.) Nyman,1
2024,12,C,Anthyllis vulneraria L. subsp. praepropera (Kerner) Bornm.,Anthyllis vulneraria L. subsp. rubriflora (DC.) Arcang.,+
2024,12,C,Asperula cynanchica L.,Cynanchica pyrenaica (L.) P.Caputo & Del Guacchio subsp. cynanchica (L.) P.Caputo & Del Guacchio,+
2024,12,C,Asperula purpurea (L.) Ehrend.,Thliphthisa purpurea (L.) P.Caputo & Del Guacchio subsp. purpurea,+
2024,12,C,Avenula praetutiana (Parl.) Pignatti,"Helictochloa praetutiana (Parl. ex Arcang.) Bartolucci, F.Conti, Peruzzi & Banfi subsp. praetutiana",+
2024,12,C,Brachypodium rupestre (Host) Roem. & Schult.,Brachypodium rupestre (Host) Roem. & Schult.,3
2024,12,C,Bromus erectus Huds.,Bromopsis erecta (Huds.) Fourr.,1
2024,12,C,Bupleurum falcatum L. subsp. cernuum (Ten.) Arcang.,Bupleurum falcatum L. subsp. cernuum (Nyman) Arcang.,+
2024,12,C,Carex caryophyllea La Tourr.,Carex caryophyllea Latourr.,+
2024,12,C,Carex macrolepis DC.,Carex macrolepis DC.,1
2024,12,C,Centaurea ambigua Guss. subsp. ambigua,Centaurea arrigonii Greuter,+
2024,12,C,Cerastium arvense L. subsp. suffruticosum (L.) Nym.,Cerastium arvense L. subsp. suffruticosum (L.) Ces.,+
2024,12,C,Chamaecytisus hirsutus (L.) Link,Cytisus hirsutus L.,+
2024,12,C,Coronilla minima L.,Coronilla minima L.,1
2024,12,C,Dianthus sylvestris Wulfen subsp. garganicus (Grande) Pignatti,Dianthus virgineus L.,+
2024,12,C,Eryngium amethystinum L.,Eryngium amethystinum L.,1
2024,12,C,Erysimum pseudorhaeticum Polatschek,Erysimum pseudorhaeticum Polatschek,+
2024,12,C,Festuca circummediterranea Patzke,Festuca circummediterranea Patzke,1
2024,12,C,Galium corrudifolium Vill.,Galium corrudifolium Vill.,+
2024,12,C,Helianthemum canum (L.) Baumg. subsp. canum,Helianthemum oelandicum (L.) Dum.Cours. subsp. incanum (Willk.) G.López,+
2024,12,C,Helianthemum nummularium (L.) Mill. subsp. obscurum (Čelak.) Holub,Helianthemum nummularium (L.) Mill. subsp. obscurum (Čelak.) Holub,+
2024,12,C,Hieracium pilosella L.,Pilosella officinarum F.W.Schultz & Sch.Bip.,+
2024,12,C,Hypericum perforatum L. subsp. angustifolium (DC.) Gaudin,Hypericum perforatum L. subsp. veronense (Schrank) Ces.,1
2024,12,C,Knautia purpurea (Vill.) Borbás,Knautia calycina (C.Presl) Guss.,1
2024,12,C,Koeleria macrantha (Ledeb.) Sprengel,Koeleria macrantha (Ledeb.) Schult. subsp. macrantha,1
2024,12,C,Leontodon crispus Vill.,Leontodon crispus Vill.,+
2024,12,C,Lotus corniculatus L.,Lotus corniculatus L. subsp. corniculatus,1
2024,12,C,Muscari neglectum Guss.,Muscari neglectum Guss. ex Ten. & Sangiovanni,+
2024,12,C,Onobrychis viciifolia Scop.,Onobrychis viciifolia Scop.,1
2024,12,C,Phleum ambiguum Ten.,Phleum hirsutum Honck. subsp. ambiguum (Ten.) Cif. & Giacom.,+
2024,12,C,Polygala nicaeensis Risso subsp. mediterranea Chodat,Polygala nicaeensis Risso ex W.D.J.Koch subsp. mediterranea Chodat,+
2024,12,C,Potentilla tabernaemontani Asch.,Potentilla rigoana Th.Wolf,+
2024,12,C,Sanguisorba minor Scop. subsp. muricata (Gremli) Briq.,Poterium sanguisorba L. subsp. balearicum (Bourg. ex Nyman) Stace,1
2024,12,C,Sedum rupestre L. subsp. rupestre,Petrosedum rupestre (L.) P.V.Heath,+
2024,12,C,Senecio doronicum L. subsp. gerardii (G. et G.) Nyman,Senecio apenninus Tausch,1
2024,12,C,Sesleria nitida Ten.,Sesleria nitida Ten.,3
2024,12,C,Stachys recta L. subsp. recta,Stachys recta L. subsp. recta,+
2024,12,C,Tanacetum corymbosum var. tenuifolium (Willd.) Briq. et Cavill.,Tanacetum corymbosum (L.) Sch.Bip. subsp. achilleae (L.) Greuter,+
2024,12,C,Teucrium chamaedrys L.,Teucrium chamaedrys L. subsp. chamaedrys,1
2024,12,C,Thymus sp.,Thymus sp.,1
2024,12,C,Trifolium ochroleucum Huds.,Trifolium ochroleucon Huds.,+
2024,12,C,Trinia glauca (L.) Dumort. subsp. carniolica (Kerner) Wolff,Trinia glauca (L.) Dumort. subsp. carniolica (A.Kern. ex Janch.) H.Wolff,+
2002,13,C,Allium sphaerocephalon L.,Allium sphaerocephalon L. subsp. sphaerocephalon,p
2002,13,C,Anthyllis vulneraria L. subsp. praepropera (Kerner) Bornm.,Anthyllis vulneraria L. subsp. rubriflora (DC.) Arcang.,p
2002,13,C,Armeria canescens (Host) Boiss. subsp. canescens,Armeria gracilis Ten. subsp. gracilis,p
2002,13,C,Asperula purpurea (L.) Ehrend.,Thliphthisa purpurea (L.) P.Caputo & Del Guacchio subsp. purpurea,p
2002,13,C,Avenula praetutiana (Parl.) Pignatti,"Helictochloa praetutiana (Parl. ex Arcang.) Bartolucci, F.Conti, Peruzzi & Banfi subsp. praetutiana",p
2002,13,C,Brachypodium rupestre (Host) Roem. & Schult. subsp. rupestre,Brachypodium rupestre (Host) Roem. & Schult.,p
2002,13,C,Bromus erectus Huds.,Bromopsis erecta (Huds.) Fourr.,p
2002,13,C,Carex macrolepis DC.,Carex macrolepis DC.,p
2002,13,C,Centaurea triumfettii All.,Centaurea triumfettii All.,p
2002,13,C,Cerastium arvense L. subsp. suffruticosum (L.) Nym.,Cerastium arvense L. subsp. suffruticosum (L.) Ces.,p
2002,13,C,Chamaecytisus hirsutus (L.) Link,Cytisus hirsutus L.,p
2002,13,C,Cuscuta epithymum (L.) L.,Cuscuta epithymum (L.) L. subsp. epithymum ,p
2002,13,C,Cytisus sessilifolius L.,Cytisophyllum sessilifolium (L.) O.Lang,p
2002,13,C,Dianthus sylvestris Wulfen subsp. garganicus (Grande) Pignatti,Dianthus virgineus L.,p
2002,13,C,Eryngium amethystinum L.,Eryngium amethystinum L.,p
2002,13,C,Helianthemum apenninum (L.) Mill.,Helianthemum apenninum (L.) Mill. subsp. apenninum,p
2002,13,C,Helianthemum canum (L.) Baumg. subsp. canum,Helianthemum oelandicum (L.) Dum.Cours. subsp. incanum (Willk.) G.López,p
2002,13,C,Helianthemum nummularium (L.) Mill. subsp. obscurum (Čelak.) Holub,Helianthemum nummularium (L.) Mill. subsp. obscurum (Čelak.) Holub,p
2002,13,C,Helleborus bocconei Ten. subsp. bocconei,Helleborus viridis L. subsp. bocconei (Ten.) Peruzzi,p
2002,13,C,Hieracium pilosella L.,Pilosella officinarum F.W.Schultz & Sch.Bip.,p
2002,13,C,Knautia purpurea (Vill.) Borbás,Knautia calycina (C.Presl) Guss.,p
2002,13,C,Koeleria splendens Presl,Koeleria splendens C.Presl,p
2002,13,C,Lotus corniculatus L.,Lotus corniculatus L. subsp. corniculatus,p
2002,13,C,Plantago argentea Chaix,Plantago argentea Chaix subsp. argentea,p
2002,13,C,Poa molineri Balb.,Poa molinerii Balb.,p
2002,13,C,Primula veris L. subsp. columnae (Ten.) Ludi,Primula veris L. subsp. columnae (Ten.) Maire & Petitm.,p
2002,13,C,Rumex acetosella L.,Rumex acetosella L. subsp. pyrenaicus (Pourr. ex Lapeyr.) Akeroyd,p
2002,13,C,Sedum rupestre L. subsp. rupestre,Petrosedum rupestre (L.) P.V.Heath,p
2002,13,C,Senecio doronicum L. subsp. gerardii (G. et G.) Nyman,Senecio apenninus Tausch,p
2002,13,C,Sesleria nitida Ten.,Sesleria nitida Ten.,p
2002,13,C,Silene italica (L.) Pers. subsp. italica,Silene italica (L.) Pers. subsp. italica,p
2002,13,C,Silene otites (L.) Wibel,Silene otites (L.) Wibel subsp. otites,p
2002,13,C,Tanacetum corymbosum var. tenuifolium (Willd.) Briq. et Cavill.,Tanacetum corymbosum (L.) Sch.Bip. subsp. achilleae (L.) Greuter,p
2002,13,C,Teucrium chamaedrys L.,Teucrium chamaedrys L. subsp. chamaedrys,p
2002,13,C,Thymus longicaulis Presl,Thymus longicaulis C.Presl subsp. longicaulis,p
2002,13,C,Trifolium montanum L. subsp. rupestre (Ten.) Pignatti,Trifolium montanum L. subsp. rupestre (Ten.) Nyman,p
2002,13,C,Trinia glauca (L.) Dumort. subsp. carniolica (Kerner) Wolff,Trinia glauca (L.) Dumort. subsp. carniolica (A.Kern. ex Janch.) H.Wolff,p
2003,13,C,Anthoxanthum odoratum L.,Anthoxanthum odoratum L.,p
2003,13,C,Armeria canescens (Host) Boiss. subsp. canescens,Armeria gracilis Ten. subsp. gracilis,p
2003,13,C,Asperula purpurea (L.) Ehrend.,Thliphthisa purpurea (L.) P.Caputo & Del Guacchio subsp. purpurea,p
2003,13,C,Brachypodium rupestre (Host) Roem. & Schult. subsp. rupestre,Brachypodium rupestre (Host) Roem. & Schult.,p
2003,13,C,Bromus erectus Huds.,Bromopsis erecta (Huds.) Fourr.,p
2003,13,C,Centaurea bracteata Scop.,Centaurea jacea L. subsp. gaudinii (Boiss. & Reut.) Gremli,p
2003,13,C,Cynosurus echinatus L.,Cynosurus echinatus L.,p
2003,13,C,Dianthus carthusianorum L. subsp. tenorei (Lacaita) Pignatti,Dianthus carthusianorum L. subsp. carthusianorum,p
2003,13,C,Dianthus sylvestris Wulfen subsp. garganicus (Grande) Pignatti,Dianthus virgineus L.,p
2003,13,C,Eryngium amethystinum L.,Eryngium amethystinum L.,p
2003,13,C,Festuca circummediterranea Patzke,Festuca circummediterranea Patzke,p
2003,13,C,Helianthemum apenninum (L.) Mill.,Helianthemum apenninum (L.) Mill. subsp. apenninum,p
2003,13,C,Helianthemum nummularium (L.) Mill. subsp. obscurum (Čelak.) Holub,Helianthemum nummularium (L.) Mill. subsp. obscurum (Čelak.) Holub,p
2003,13,C,Hippocrepis comosa L.,Hippocrepis comosa L. subsp. comosa,p
2003,13,C,Knautia purpurea (Vill.) Borbás,Knautia calycina (C.Presl) Guss.,p
2003,13,C,Koeleria splendens Presl,Koeleria splendens C.Presl,p
2003,13,C,Leucanthemum vulgare Lam.,Leucanthemum vulgare (Vaill.) Lam. subsp. vulgare,p
2003,13,C,Lotus corniculatus L.,Lotus corniculatus L. subsp. corniculatus,p
2003,13,C,Myosotis alpestris F.W.Schmidt,Myosotis graui Selvi,p
2003,13,C,Phleum ambiguum Ten.,Phleum hirsutum Honck. subsp. ambiguum (Ten.) Cif. & Giacom.,p
2003,13,C,Potentilla tabernaemontani Asch.,Potentilla rigoana Th.Wolf,p
2003,13,C,Rhinanthus minor L.,Rhinanthus minor L.,p
2003,13,C,Salvia pratensis L. subsp. pratensis,Salvia pratensis L.,p
2003,13,C,Sanguisorba minor Scop. subsp. muricata (Gremli) Briq.,Poterium sanguisorba L. subsp. balearicum (Bourg. ex Nyman) Stace,p
2003,13,C,Sedum acre L.,Sedum acre L.,p
2003,13,C,Sedum rupestre L. subsp. rupestre,Petrosedum rupestre (L.) P.V.Heath,p
2003,13,C,Sesleria nitida Ten.,Sesleria nitida Ten.,p
2003,13,C,Stachys officinalis (L.) Trevisan subsp. officinalis,Betonica officinalis L.,p
2003,13,C,Teucrium chamaedrys L.,Teucrium chamaedrys L. subsp. chamaedrys,p
2003,13,C,Thymus longicaulis Presl,Thymus longicaulis C.Presl subsp. longicaulis,p
2003,13,C,Trifolium montanum L. subsp. rupestre (Ten.) Pignatti,Trifolium montanum L. subsp. rupestre (Ten.) Nyman,p
2003,13,C,Veronica orsiniana Ten.,Veronica orsiniana Ten.,p
2015,13,C,Acinos alpinus (L.) Moench,Ziziphora granatensis (Boiss. & Reut.) Melnikov subsp. alpina (L.) Bräuchler & Gutermann,+
2015,13,C,Allium sphaerocephalon L.,Allium sphaerocephalon L. subsp. sphaerocephalon,r
2015,13,C,Anthyllis vulneraria L. subsp. polyphylla (DC.) Nyman,Anthyllis vulneraria L. subsp. polyphylla (DC.) Nyman,+
2015,13,C,Anthyllis vulneraria L. subsp. praepropera (Kerner) Bornm.,Anthyllis vulneraria L. subsp. rubriflora (DC.) Arcang.,1
2015,13,C,Arabis collina Ten.,Arabis collina Ten.,+
2015,13,C,Armeria canescens (Host) Boiss. subsp. canescens,Armeria gracilis Ten. subsp. gracilis,r
2015,13,C,Asperula cynanchica L.,Cynanchica pyrenaica (L.) P.Caputo & Del Guacchio subsp. cynanchica (L.) P.Caputo & Del Guacchio,+
2015,13,C,Asperula purpurea (L.) Ehrend.,Thliphthisa purpurea (L.) P.Caputo & Del Guacchio subsp. purpurea,+
2015,13,C,Avenula praetutiana (Parl.) Pignatti,"Helictochloa praetutiana (Parl. ex Arcang.) Bartolucci, F.Conti, Peruzzi & Banfi subsp. praetutiana",+
2015,13,C,Brachypodium rupestre (Host) Roem. & Schult.,Brachypodium rupestre (Host) Roem. & Schult.,+
2015,13,C,Bromus erectus Huds.,Bromopsis erecta (Huds.) Fourr.,2
2015,13,C,Carduus nutans L. subsp. nutans,Carduus nutans L. subsp. nutans,+
2015,13,C,Carex caryophyllea La Tourr.,Carex caryophyllea Latourr.,+
2015,13,C,Carex macrolepis DC.,Carex macrolepis DC.,+
2015,13,C,Centaurea triumfettii All.,Centaurea triumfettii All.,1
2015,13,C,Cerastium arvense L. subsp. suffruticosum (L.) Nym.,Cerastium arvense L. subsp. suffruticosum (L.) Ces.,+
2015,13,C,Chamaecytisus hirsutus (L.) Link,Cytisus hirsutus L.,1
2015,13,C,Cuscuta epithymum (L.) L.,Cuscuta epithymum (L.) L. subsp. epithymum ,+
2015,13,C,Dianthus carthusianorum L. subsp. tenorei (Lacaita) Pignatti,Dianthus carthusianorum L. subsp. carthusianorum,+
2015,13,C,Eryngium amethystinum L.,Eryngium amethystinum L.,1
2015,13,C,Festuca circummediterranea Patzke,Festuca circummediterranea Patzke,1
2015,13,C,Festuca inops De Not.,Festuca inops De Not.,+
2015,13,C,Festuca pratensis Hudson,Lolium apenninum (De Not.) Ardenghi & Foggi,+
2015,13,C,Galium corrudifolium Vill.,Galium corrudifolium Vill.,+
2015,13,C,Gymnadenia conopsea (L.) R.Br.,Gymnadenia conopsea (L.) R.Br.,+
2015,13,C,Helianthemum canum (L.) Baumg. subsp. canum,Helianthemum oelandicum (L.) Dum.Cours. subsp. incanum (Willk.) G.López,+
2015,13,C,Helleborus bocconei Ten. subsp. bocconei,Helleborus viridis L. subsp. bocconei (Ten.) Peruzzi,+
2015,13,C,Helleborus foetidus L.,Helleborus foetidus L. subsp. foetidus,+
2015,13,C,Hieracium cymosum L.,Pilosella cymosa (L.) F.W.Schultz & Sch.Bip. subsp. sabina (Sebast.) H.P.Fuchs,+
2015,13,C,Hieracium pilosella L.,Pilosella officinarum F.W.Schultz & Sch.Bip.,+
2015,13,C,Hypericum perforatum L. subsp. angustifolium (DC.) Gaudin,Hypericum perforatum L. subsp. veronense (Schrank) Ces.,+
2015,13,C,Knautia purpurea (Vill.) Borbás,Knautia calycina (C.Presl) Guss.,+
2015,13,C,Koeleria splendens Presl,Koeleria splendens C.Presl,+
2015,13,C,Lilium bulbiferum L. subsp. croceum (Chaix) Baker,Lilium bulbiferum L. subsp. croceum (Chaix) Jan,+
2015,13,C,Lotus corniculatus L.,Lotus corniculatus L. subsp. corniculatus,+
2015,13,C,Onobrychis viciifolia Scop.,Onobrychis viciifolia Scop.,+
2015,13,C,Phleum ambiguum Ten.,Phleum hirsutum Honck. subsp. ambiguum (Ten.) Cif. & Giacom.,r
2015,13,C,Plantago argentea Chaix,Plantago argentea Chaix subsp. argentea,+
2015,13,C,Polygala nicaeensis Risso subsp. mediterranea Chodat,Polygala nicaeensis Risso ex W.D.J.Koch subsp. mediterranea Chodat,+
2015,13,C,Rhinanthus alectorolophus (Scop.) Pollich,Rhinanthus alectorolophus (Scop.) Pollich subsp. alectorolophus,+
2015,13,C,Sedum acre L.,Sedum acre L.,+
2015,13,C,Sedum album L.,Sedum album L. subsp. album,+
2015,13,C,Sedum rupestre L. subsp. rupestre,Petrosedum rupestre (L.) P.V.Heath,+
2015,13,C,Senecio doronicum L. subsp. gerardii (G. et G.) Nyman,Senecio apenninus Tausch,+
2015,13,C,Sesleria nitida Ten.,Sesleria nitida Ten.,2
2015,13,C,Silene italica (L.) Pers. subsp. italica,Silene italica (L.) Pers. subsp. italica,+
2015,13,C,Silene otites (L.) Wibel,Silene otites (L.) Wibel subsp. otites,+
2015,13,C,Tanacetum corymbosum var. tenuifolium (Willd.) Briq. et Cavill.,Tanacetum corymbosum (L.) Sch.Bip. subsp. achilleae (L.) Greuter,+
2015,13,C,Teucrium chamaedrys L.,Teucrium chamaedrys L. subsp. chamaedrys,+
2015,13,C,Thymus longicaulis Presl,Thymus longicaulis C.Presl subsp. longicaulis,+
2015,13,C,Thymus sp.,Thymus sp.,+
2015,13,C,Trifolium montanum L. subsp. rupestre (Ten.) Pignatti,Trifolium montanum L. subsp. rupestre (Ten.) Nyman,+
2015,13,C,Trifolium ochroleucum Huds.,Trifolium ochroleucon Huds.,+
2020,13,C,Allium sphaerocephalon L.,Allium sphaerocephalon L. subsp. sphaerocephalon,+
2020,13,C,Alyssum alyssoides (L.) L.,Alyssum alyssoides (L.) L.,+
2020,13,C,Anthyllis vulneraria L. subsp. polyphylla (DC.) Nyman,Anthyllis vulneraria L. subsp. polyphylla (DC.) Nyman,+
2020,13,C,Anthyllis vulneraria L. subsp. praepropera (Kerner) Bornm.,Anthyllis vulneraria L. subsp. rubriflora (DC.) Arcang.,+
2020,13,C,Arabis collina Ten.,Arabis collina Ten.,+
2020,13,C,Armeria canescens (Host) Boiss. subsp. canescens,Armeria gracilis Ten. subsp. gracilis,+
2020,13,C,Asperula purpurea (L.) Ehrend.,Thliphthisa purpurea (L.) P.Caputo & Del Guacchio subsp. purpurea,1
2020,13,C,Astragalus depressus L.,Astragalus depressus L. subsp. depressus,+
2020,13,C,Astragalus sempervirens Lam. subsp. gussonei Pignatti,Astragalus sempervirens Lam.,+
2020,13,C,Avenula praetutiana (Parl.) Pignatti,"Helictochloa praetutiana (Parl. ex Arcang.) Bartolucci, F.Conti, Peruzzi & Banfi subsp. praetutiana",+
2020,13,C,Brachypodium rupestre (Host) Roem. & Schult.,Brachypodium rupestre (Host) Roem. & Schult.,1
2020,13,C,Bromus erectus Huds.,Bromopsis erecta (Huds.) Fourr.,+
2020,13,C,Carex caryophyllea La Tourr.,Carex caryophyllea Latourr.,+
2020,13,C,Carex macrolepis DC.,Carex macrolepis DC.,1
2020,13,C,Centaurea triumfettii All.,Centaurea triumfettii All.,+
2020,13,C,Cerastium arvense L. subsp. suffruticosum (L.) Nym.,Cerastium arvense L. subsp. suffruticosum (L.) Ces.,+
2020,13,C,Chamaecytisus hirsutus (L.) Link,Cytisus hirsutus L.,+
2020,13,C,Coronilla minima L.,Coronilla minima L.,+
2020,13,C,Cuscuta epithymum (L.) L.,Cuscuta epithymum (L.) L. subsp. epithymum ,+
2020,13,C,Cytisus sessilifolius L.,Cytisophyllum sessilifolium (L.) O.Lang,1
2020,13,C,Dianthus sylvestris Wulfen subsp. garganicus (Grande) Pignatti,Dianthus virgineus L.,+
2020,13,C,Eryngium amethystinum L.,Eryngium amethystinum L.,+
2020,13,C,Erysimum pseudorhaeticum Polatschek,Erysimum pseudorhaeticum Polatschek,+
2020,13,C,Festuca circummediterranea Patzke,Festuca circummediterranea Patzke,1
2020,13,C,Festuca inops De Not.,Festuca inops De Not.,+
2020,13,C,Galium corrudifolium Vill.,Galium corrudifolium Vill.,1
2020,13,C,Gymnadenia conopsea (L.) R.Br.,Gymnadenia conopsea (L.) R.Br.,+
2020,13,C,Helianthemum apenninum (L.) Mill.,Helianthemum apenninum (L.) Mill. subsp. apenninum,1
2020,13,C,Helianthemum canum (L.) Baumg. subsp. canum,Helianthemum oelandicum (L.) Dum.Cours. subsp. incanum (Willk.) G.López,1
2020,13,C,Helianthemum nummularium (L.) Mill. subsp. obscurum (Čelak.) Holub,Helianthemum nummularium (L.) Mill. subsp. obscurum (Čelak.) Holub,1
2020,13,C,Hieracium cymosum L.,Pilosella cymosa (L.) F.W.Schultz & Sch.Bip. subsp. sabina (Sebast.) H.P.Fuchs,+
2020,13,C,Hieracium pilosella L.,Pilosella officinarum F.W.Schultz & Sch.Bip.,+
2020,13,C,Hippocrepis comosa L.,Hippocrepis comosa L. subsp. comosa,+
2020,13,C,Knautia purpurea (Vill.) Borbás,Knautia calycina (C.Presl) Guss.,+
2020,13,C,Koeleria macrantha (Ledeb.) Sprengel,Koeleria macrantha (Ledeb.) Schult. subsp. macrantha,+
2020,13,C,Laserpitium garganicum (Ten.) Bertol. subsp. garganicum,Siler montanum Crantz subsp. stabianum (Lacaita) F.Conti & Bartolucci,+
2020,13,C,Lotus corniculatus L.,Lotus corniculatus L. subsp. corniculatus,+
2020,13,C,Onobrychis viciifolia Scop.,Onobrychis viciifolia Scop.,+
2020,13,C,Ononis pusilla L.,Ononis pusilla L. subsp. pusilla,+
2020,13,C,Orobanche minor Sm.,Orobanche minor Sm.,+
2020,13,C,Phleum ambiguum Ten.,Phleum hirsutum Honck. subsp. ambiguum (Ten.) Cif. & Giacom.,+
2020,13,C,Plantago argentea Chaix,Plantago argentea Chaix subsp. argentea,+
2020,13,C,Polygala major Jacq.,Polygala major Jacq.,+
2020,13,C,Polygala nicaeensis Risso subsp. mediterranea Chodat,Polygala nicaeensis Risso ex W.D.J.Koch subsp. mediterranea Chodat,+
2020,13,C,Rumex acetosella L.,Rumex acetosella L. subsp. pyrenaicus (Pourr. ex Lapeyr.) Akeroyd,+
2020,13,C,Sedum album L.,Sedum album L. subsp. album,+
2020,13,C,Sedum rupestre L. subsp. rupestre,Petrosedum rupestre (L.) P.V.Heath,+
2020,13,C,Senecio doronicum L. subsp. gerardii (G. et G.) Nyman,Senecio apenninus Tausch,+
2020,13,C,Sesleria nitida Ten.,Sesleria nitida Ten.,3
2020,13,C,Silene italica (L.) Pers. subsp. italica,Silene italica (L.) Pers. subsp. italica,+
2020,13,C,Tanacetum corymbosum var. tenuifolium (Willd.) Briq. et Cavill.,Tanacetum corymbosum (L.) Sch.Bip. subsp. achilleae (L.) Greuter,1
2020,13,C,Teucrium chamaedrys L.,Teucrium chamaedrys L. subsp. chamaedrys,+
2020,13,C,Thymus longicaulis Presl,Thymus longicaulis C.Presl subsp. longicaulis,+
2020,13,C,Thymus sp.,Thymus sp.,+
2020,13,C,Trifolium ochroleucum Huds.,Trifolium ochroleucon Huds.,+
2024,13,C,Anthyllis vulneraria L. subsp. polyphylla (DC.) Nyman,Anthyllis vulneraria L. subsp. polyphylla (DC.) Nyman,+
2024,13,C,Anthyllis vulneraria L. subsp. praepropera (Kerner) Bornm.,Anthyllis vulneraria L. subsp. rubriflora (DC.) Arcang.,1
2024,13,C,Arabis collina Ten.,Arabis collina Ten.,+
2024,13,C,Asperula purpurea (L.) Ehrend.,Thliphthisa purpurea (L.) P.Caputo & Del Guacchio subsp. purpurea,+
2024,13,C,Avenula praetutiana (Parl.) Pignatti,"Helictochloa praetutiana (Parl. ex Arcang.) Bartolucci, F.Conti, Peruzzi & Banfi subsp. praetutiana",+
2024,13,C,Brachypodium rupestre (Host) Roem. & Schult.,Brachypodium rupestre (Host) Roem. & Schult.,1
2024,13,C,Bromus erectus Huds.,Bromopsis erecta (Huds.) Fourr.,+
2024,13,C,Carex caryophyllea La Tourr.,Carex caryophyllea Latourr.,+
2024,13,C,Carex macrolepis DC.,Carex macrolepis DC.,1
2024,13,C,Centaurea triumfettii All.,Centaurea triumfettii All.,+
2024,13,C,Cerastium arvense L. subsp. suffruticosum (L.) Nym.,Cerastium arvense L. subsp. suffruticosum (L.) Ces.,1
2024,13,C,Chamaecytisus hirsutus (L.) Link,Cytisus hirsutus L.,1
2024,13,C,Coronilla minima L.,Coronilla minima L.,+
2024,13,C,Cuscuta epithymum (L.) L.,Cuscuta epithymum (L.) L. subsp. epithymum ,1
2024,13,C,Dianthus sylvestris Wulfen subsp. garganicus (Grande) Pignatti,Dianthus virgineus L.,1
2024,13,C,Eryngium amethystinum L.,Eryngium amethystinum L.,+
2024,13,C,Erysimum pseudorhaeticum Polatschek,Erysimum pseudorhaeticum Polatschek,+
2024,13,C,Festuca circummediterranea Patzke,Festuca circummediterranea Patzke,+
2024,13,C,Festuca pratensis Hudson,Lolium apenninum (De Not.) Ardenghi & Foggi,+
2024,13,C,Galium corrudifolium Vill.,Galium corrudifolium Vill.,1
2024,13,C,Globularia punctata Lapeyr.,Globularia bisnagarica L.,+
2024,13,C,Gymnadenia conopsea (L.) R.Br.,Gymnadenia conopsea (L.) R.Br.,1
2024,13,C,Helianthemum apenninum (L.) Mill.,Helianthemum apenninum (L.) Mill. subsp. apenninum,1
2024,13,C,Helianthemum canum (L.) Baumg. subsp. canum,Helianthemum oelandicum (L.) Dum.Cours. subsp. incanum (Willk.) G.López,+
2024,13,C,Helianthemum nummularium (L.) Mill. subsp. obscurum (Čelak.) Holub,Helianthemum nummularium (L.) Mill. subsp. obscurum (Čelak.) Holub,1
2024,13,C,Helleborus bocconei Ten. subsp. bocconei,Helleborus viridis L. subsp. bocconei (Ten.) Peruzzi,1
2024,13,C,Hieracium cymosum L.,Pilosella cymosa (L.) F.W.Schultz & Sch.Bip. subsp. sabina (Sebast.) H.P.Fuchs,+
2024,13,C,Hieracium pilosella L.,Pilosella officinarum F.W.Schultz & Sch.Bip.,+
2024,13,C,Knautia purpurea (Vill.) Borbás,Knautia calycina (C.Presl) Guss.,1
2024,13,C,Koeleria macrantha (Ledeb.) Sprengel,Koeleria macrantha (Ledeb.) Schult. subsp. macrantha,+
2024,13,C,Laserpitium garganicum (Ten.) Bertol. subsp. garganicum,Siler montanum Crantz subsp. stabianum (Lacaita) F.Conti & Bartolucci,2
2024,13,C,Lotus corniculatus L.,Lotus corniculatus L. subsp. corniculatus,1
2024,13,C,Onobrychis viciifolia Scop.,Onobrychis viciifolia Scop.,+
2024,13,C,Ononis pusilla L.,Ononis pusilla L. subsp. pusilla,+
2024,13,C,Orobanche minor Sm.,Orobanche minor Sm.,+
2024,13,C,Phleum ambiguum Ten.,Phleum hirsutum Honck. subsp. ambiguum (Ten.) Cif. & Giacom.,+
2024,13,C,Plantago argentea Chaix,Plantago argentea Chaix subsp. argentea,+
2024,13,C,Polygala major Jacq.,Polygala major Jacq.,+
2024,13,C,Polygala nicaeensis Risso subsp. mediterranea Chodat,Polygala nicaeensis Risso ex W.D.J.Koch subsp. mediterranea Chodat,+
2024,13,C,Rumex acetosella L.,Rumex acetosella L. subsp. pyrenaicus (Pourr. ex Lapeyr.) Akeroyd,+
2024,13,C,Rumex scutatus L.,Rumex scutatus L. subsp. scutatus,+
2024,13,C,Sanguisorba minor Scop. subsp. muricata (Gremli) Briq.,Poterium sanguisorba L. subsp. balearicum (Bourg. ex Nyman) Stace,+
2024,13,C,Sedum rupestre L. subsp. rupestre,Petrosedum rupestre (L.) P.V.Heath,+
2024,13,C,Sesleria nitida Ten.,Sesleria nitida Ten.,3
2024,13,C,Silene italica (L.) Pers. subsp. italica,Silene italica (L.) Pers. subsp. italica,+
2024,13,C,Tanacetum corymbosum var. tenuifolium (Willd.) Briq. et Cavill.,Tanacetum corymbosum (L.) Sch.Bip. subsp. achilleae (L.) Greuter,1
2024,13,C,Teucrium chamaedrys L.,Teucrium chamaedrys L. subsp. chamaedrys,+
2024,13,C,Teucrium montanum L.,Teucrium montanum L.,+
2024,13,C,Thymus sp.,Thymus sp.,+
2024,13,C,Trinia glauca (L.) Dumort. subsp. carniolica (Kerner) Wolff,Trinia glauca (L.) Dumort. subsp. carniolica (A.Kern. ex Janch.) H.Wolff,+
2002,14,C,Anthyllis vulneraria L. subsp. weldeniana (Rchb.) Cullen,Anthyllis vulneraria L. subsp. weldeniana (Rchb.) Cullen,p
2002,14,C,Asperula cynanchica L.,Cynanchica pyrenaica (L.) P.Caputo & Del Guacchio subsp. cynanchica (L.) P.Caputo & Del Guacchio,p
2002,14,C,Asperula purpurea (L.) Ehrend.,Thliphthisa purpurea (L.) P.Caputo & Del Guacchio subsp. purpurea,p
2002,14,C,Brachypodium rupestre (Host) Roem. & Schult. subsp. rupestre,Brachypodium rupestre (Host) Roem. & Schult.,p
2002,14,C,Bromus erectus Huds.,Bromopsis erecta (Huds.) Fourr.,p
2002,14,C,Campanula glomerata L.,Campanula glomerata L.,p
2002,14,C,Carex macrolepis DC.,Carex macrolepis DC.,p
2002,14,C,Carlina acaulis L.,Carlina acaulis L. subsp. caulescens (Lam.) Schübl. & G.Martens,p
2002,14,C,Centaurea bracteata Scop.,Centaurea jacea L. subsp. gaudinii (Boiss. & Reut.) Gremli,p
2002,14,C,Cerastium arvense L. subsp. suffruticosum (L.) Nym.,Cerastium arvense L. subsp. suffruticosum (L.) Ces.,p
2002,14,C,Orchis sambucina L.,Dactylorhiza sambucina (L.) Soó,p
2002,14,C,Dianthus sylvestris Wulfen subsp. garganicus (Grande) Pignatti,Dianthus virgineus L.,p
2002,14,C,Festuca circummediterranea Patzke,Festuca circummediterranea Patzke,p
2002,14,C,Globularia punctata Lapeyr.,Globularia bisnagarica L.,p
2002,14,C,Helianthemum apenninum (L.) Mill.,Helianthemum apenninum (L.) Mill. subsp. apenninum,p
2002,14,C,Helianthemum canum (L.) Baumg. subsp. canum,Helianthemum oelandicum (L.) Dum.Cours. subsp. incanum (Willk.) G.López,p
2002,14,C,Hieracium pilosella L.,Pilosella officinarum F.W.Schultz & Sch.Bip.,p
2002,14,C,Knautia purpurea (Vill.) Borbás,Knautia calycina (C.Presl) Guss.,p
2002,14,C,Koeleria macrantha (Ledeb.) Sprengel,Koeleria macrantha (Ledeb.) Schult. subsp. macrantha,p
2002,14,C,Leontodon crispus Vill.,Leontodon crispus Vill.,p
2002,14,C,Lotus corniculatus L.,Lotus corniculatus L. subsp. corniculatus,p
2002,14,C,Minuartia verna (L.) Hiern subsp. collina (Neilr.) Halliday,Sabulina glaucina (Dvořáková) Dillenb. & Kadereit,p
2002,14,C,Plantago media L.,Plantago media L. subsp. media,p
2002,14,C,Potentilla tabernaemontani Asch.,Potentilla rigoana Th.Wolf,p
2002,14,C,Sanguisorba minor Scop. subsp. muricata (Gremli) Briq.,Poterium sanguisorba L. subsp. balearicum (Bourg. ex Nyman) Stace,p
2002,14,C,Sedum acre L.,Sedum acre L.,p
2002,14,C,Sedum rupestre L. subsp. rupestre,Petrosedum rupestre (L.) P.V.Heath,p
2002,14,C,Tanacetum corymbosum var. tenuifolium (Willd.) Briq. et Cavill.,Tanacetum corymbosum (L.) Sch.Bip. subsp. achilleae (L.) Greuter,p
2002,14,C,Teucrium chamaedrys L.,Teucrium chamaedrys L. subsp. chamaedrys,p
2002,14,C,Teucrium montanum L.,Teucrium montanum L.,p
2002,14,C,Thesium linophyllon L.,Thesium linophyllon L.,p
2002,14,C,Thymus longicaulis Presl,Thymus longicaulis C.Presl subsp. longicaulis,p
2002,14,C,Thymus sp.,Thymus sp.,p
2002,14,C,Trifolium montanum L. subsp. rupestre (Ten.) Pignatti,Trifolium montanum L. subsp. rupestre (Ten.) Nyman,p
2002,14,C,Trinia glauca (L.) Dumort. subsp. carniolica (Kerner) Wolff,Trinia glauca (L.) Dumort. subsp. carniolica (A.Kern. ex Janch.) H.Wolff,p
2003,14,C,Achillea setacea Waldst. & Kit.,Achillea setacea Waldst. & Kit.,p
2003,14,C,Anthoxanthum odoratum L.,Anthoxanthum odoratum L.,p
2003,14,C,Anthyllis vulneraria L. subsp. praepropera (Kerner) Bornm.,Anthyllis vulneraria L. subsp. rubriflora (DC.) Arcang.,p
2003,14,C,Armeria canescens (Host) Boiss. subsp. canescens,Armeria gracilis Ten. subsp. gracilis,p
2003,14,C,Asperula purpurea (L.) Ehrend.,Thliphthisa purpurea (L.) P.Caputo & Del Guacchio subsp. purpurea,p
2003,14,C,Brachypodium rupestre (Host) Roem. & Schult. subsp. rupestre,Brachypodium rupestre (Host) Roem. & Schult.,p
2003,14,C,Bromus erectus Huds.,Bromopsis erecta (Huds.) Fourr.,p
2003,14,C,Centaurea bracteata Scop.,Centaurea jacea L. subsp. gaudinii (Boiss. & Reut.) Gremli,p
2003,14,C,Centaurea triumfettii All.,Centaurea triumfettii All.,p
2003,14,C,Dianthus sylvestris Wulfen subsp. garganicus (Grande) Pignatti,Dianthus virgineus L.,p
2003,14,C,Festuca circummediterranea Patzke,Festuca circummediterranea Patzke,p
2003,14,C,Hieracium pilosella L.,Pilosella officinarum F.W.Schultz & Sch.Bip.,p
2003,14,C,Knautia purpurea (Vill.) Borbás,Knautia calycina (C.Presl) Guss.,p
2003,14,C,Koeleria macrantha (Ledeb.) Sprengel,Koeleria macrantha (Ledeb.) Schult. subsp. macrantha,p
2003,14,C,Koeleria splendens Presl,Koeleria splendens C.Presl,p
2003,14,C,Leontodon cichoraceus (Ten.) Sanguin.,Scorzoneroides cichoriacea (Ten.) Greuter,p
2003,14,C,Lotus corniculatus L.,Lotus corniculatus L. subsp. corniculatus,p
2003,14,C,Luzula campestris (L.) DC.,Luzula campestris (L.) DC. subsp. campestris,p
2003,14,C,Muscari neglectum Guss.,Muscari neglectum Guss. ex Ten. & Sangiovanni,p
2003,14,C,Orchis mascula L.,Orchis mascula (L.) L. subsp. mascula,p
2003,14,C,Plantago media L.,Plantago media L. subsp. media,p
2003,14,C,Poa molineri Balb.,Poa molinerii Balb.,p
2003,14,C,Poa violacea Bellardi,Bellardiochloa variegata (Lam.) Kerguélen,p
2003,14,C,Potentilla tabernaemontani Asch.,Potentilla rigoana Th.Wolf,p
2003,14,C,Rhinanthus minor L.,Rhinanthus minor L.,p
2003,14,C,Salvia pratensis L. subsp. pratensis,Salvia pratensis L.,p
2003,14,C,Sanguisorba minor Scop. subsp. muricata (Gremli) Briq.,Poterium sanguisorba L. subsp. balearicum (Bourg. ex Nyman) Stace,p
2003,14,C,Sedum sexangulare L.,Sedum sexangulare L.,p
2003,14,C,Stachys officinalis (L.) Trevisan subsp. officinalis,Betonica officinalis L.,p
2003,14,C,Thymus longicaulis Presl,Thymus longicaulis C.Presl subsp. longicaulis,p
2003,14,C,Trifolium montanum L. subsp. rupestre (Ten.) Pignatti,Trifolium montanum L. subsp. rupestre (Ten.) Nyman,p
2003,14,C,Trifolium ochroleucum Huds.,Trifolium ochroleucon Huds.,p
2003,14,C,Trinia glauca (L.) Dumort. subsp. carniolica (Kerner) Wolff,Trinia glauca (L.) Dumort. subsp. carniolica (A.Kern. ex Janch.) H.Wolff,p
2015,14,C,Anthyllis vulneraria L. subsp. polyphylla (DC.) Nyman,Anthyllis vulneraria L. subsp. polyphylla (DC.) Nyman,+
2015,14,C,Anthyllis vulneraria L. subsp. praepropera (Kerner) Bornm.,Anthyllis vulneraria L. subsp. rubriflora (DC.) Arcang.,1
2015,14,C,Anthyllis vulneraria L. subsp. pulchella (Vis.) Bornm.,Anthyllis vulneraria L. subsp. pulchella (Vis.) Bornm.,+
2015,14,C,Arenaria serpyllifolia L.,Arenaria serpyllifolia L. subsp. serpyllifolia,+
2015,14,C,Asperula cynanchica L.,Cynanchica pyrenaica (L.) P.Caputo & Del Guacchio subsp. cynanchica (L.) P.Caputo & Del Guacchio,+
2015,14,C,Asperula purpurea (L.) Ehrend.,Thliphthisa purpurea (L.) P.Caputo & Del Guacchio subsp. purpurea,+
2015,14,C,Avenula praetutiana (Parl.) Pignatti,"Helictochloa praetutiana (Parl. ex Arcang.) Bartolucci, F.Conti, Peruzzi & Banfi subsp. praetutiana",1
2015,14,C,Brachypodium rupestre (Host) Roem. & Schult.,Brachypodium rupestre (Host) Roem. & Schult.,1
2015,14,C,Briza media L.,Briza media L.,+
2015,14,C,Bromus erectus Huds.,Bromopsis erecta (Huds.) Fourr.,3
2015,14,C,Bromus sterilis L.,Anisantha sterilis (L.) Nevski,+
2015,14,C,Bupleurum falcatum L. subsp. cernuum (Ten.) Arcang.,Bupleurum falcatum L. subsp. cernuum (Nyman) Arcang.,+
2015,14,C,Carex caryophyllea La Tourr.,Carex caryophyllea Latourr.,+
2015,14,C,Centaurea bracteata Scop.,Centaurea jacea L. subsp. gaudinii (Boiss. & Reut.) Gremli,+
2015,14,C,Centaurea triumfettii All.,Centaurea triumfettii All.,+
2015,14,C,Cerastium arvense L. subsp. suffruticosum (L.) Nym.,Cerastium arvense L. subsp. suffruticosum (L.) Ces.,+
2015,14,C,Chamaecytisus hirsutus (L.) Link,Cytisus hirsutus L.,+
2015,14,C,Dianthus sylvestris Wulfen subsp. garganicus (Grande) Pignatti,Dianthus virgineus L.,+
2015,14,C,Eryngium amethystinum L.,Eryngium amethystinum L.,+
2015,14,C,Festuca circummediterranea Patzke,Festuca circummediterranea Patzke,+
2015,14,C,Festuca inops De Not.,Festuca inops De Not.,1
2015,14,C,Festuca trachyphylla (Hackel) Krajina,Festuca trachyphylla (Hack.) R.P.Murray,1
2015,14,C,Galium corrudifolium Vill.,Galium corrudifolium Vill.,+
2015,14,C,Gymnadenia conopsea (L.) R.Br.,Gymnadenia conopsea (L.) R.Br.,+
2015,14,C,Helianthemum apenninum (L.) Mill.,Helianthemum apenninum (L.) Mill. subsp. apenninum,1
2015,14,C,Hieracium pilosella L.,Pilosella officinarum F.W.Schultz & Sch.Bip.,+
2015,14,C,Hippocrepis comosa L.,Hippocrepis comosa L. subsp. comosa,+
2015,14,C,Knautia purpurea (Vill.) Borbás,Knautia calycina (C.Presl) Guss.,1
2015,14,C,Koeleria macrantha (Ledeb.) Sprengel,Koeleria macrantha (Ledeb.) Schult. subsp. macrantha,+
2015,14,C,Leontodon crispus Vill.,Leontodon crispus Vill.,+
2015,14,C,Leucanthemum vulgare Lam. var. vulgare,Leucanthemum vulgare (Vaill.) Lam. subsp. vulgare,+
2015,14,C,Lotus corniculatus L.,Lotus corniculatus L. subsp. corniculatus,+
2015,14,C,Luzula campestris (L.) DC.,Luzula campestris (L.) DC. subsp. campestris,+
2015,14,C,Muscari neglectum Guss.,Muscari neglectum Guss. ex Ten. & Sangiovanni,+
2015,14,C,Paronychia kapela (Hacq.) Kerner subsp. kapela,Paronychia kapela (Hacq.) A.Kern. subsp. kapela,+
2015,14,C,Phleum ambiguum Ten.,Phleum hirsutum Honck. subsp. ambiguum (Ten.) Cif. & Giacom.,+
2015,14,C,Plantago argentea Chaix,Plantago argentea Chaix subsp. argentea,+
2015,14,C,Plantago media L.,Plantago media L. subsp. media,+
2015,14,C,Potentilla tabernaemontani Asch.,Potentilla rigoana Th.Wolf,+
2015,14,C,Primula veris L. subsp. columnae (Ten.) Ludi,Primula veris L. subsp. columnae (Ten.) Maire & Petitm.,+
2015,14,C,Rhinanthus minor L.,Rhinanthus minor L.,+
2015,14,C,Sanguisorba minor Scop. subsp. muricata (Gremli) Briq.,Poterium sanguisorba L. subsp. balearicum (Bourg. ex Nyman) Stace,+
2015,14,C,Sedum rupestre L. subsp. rupestre,Petrosedum rupestre (L.) P.V.Heath,+
2015,14,C,Sedum sexangulare L.,Sedum sexangulare L.,+
2015,14,C,Senecio doronicum L. subsp. doronicum,Senecio doronicum (L.) L. subsp. doronicum,+
2015,14,C,Tanacetum corymbosum var. tenuifolium (Willd.) Briq. et Cavill.,Tanacetum corymbosum (L.) Sch.Bip. subsp. achilleae (L.) Greuter,+
2015,14,C,Teucrium montanum L.,Teucrium montanum L.,+
2015,14,C,Thesium linophyllon L.,Thesium linophyllon L.,+
2015,14,C,Thymus longicaulis Presl,Thymus longicaulis C.Presl subsp. longicaulis,+
2015,14,C,Thymus sp.,Thymus sp.,+
2015,14,C,Trifolium montanum L. subsp. rupestre (Ten.) Pignatti,Trifolium montanum L. subsp. rupestre (Ten.) Nyman,1
2015,14,C,Trinia glauca (L.) Dumort. subsp. carniolica (Kerner) Wolff,Trinia glauca (L.) Dumort. subsp. carniolica (A.Kern. ex Janch.) H.Wolff,+
2020,14,C,Achillea collina Becker,Achillea collina (Becker ex Wirtg.) Heimerl,+
2020,14,C,Allium vineale L.,Allium vineale L.,+
2020,14,C,Anthyllis vulneraria L. subsp. polyphylla (DC.) Nyman,Anthyllis vulneraria L. subsp. polyphylla (DC.) Nyman,+
2020,14,C,Anthyllis vulneraria L. subsp. pulchella (Vis.) Bornm.,Anthyllis vulneraria L. subsp. pulchella (Vis.) Bornm.,1
2020,14,C,Arabis collina Ten.,Arabis collina Ten.,+
2020,14,C,Arenaria serpyllifolia L.,Arenaria serpyllifolia L. subsp. serpyllifolia,+
2020,14,C,Asperula cynanchica L.,Cynanchica pyrenaica (L.) P.Caputo & Del Guacchio subsp. cynanchica (L.) P.Caputo & Del Guacchio,+
2020,14,C,Avenula praetutiana (Parl.) Pignatti,"Helictochloa praetutiana (Parl. ex Arcang.) Bartolucci, F.Conti, Peruzzi & Banfi subsp. praetutiana",+
2020,14,C,Brachypodium rupestre (Host) Roem. & Schult.,Brachypodium rupestre (Host) Roem. & Schult.,2
2020,14,C,Briza media L.,Briza media L.,+
2020,14,C,Bromus erectus Huds.,Bromopsis erecta (Huds.) Fourr.,3
2020,14,C,Bunium bulbocastanum L.,Bunium bulbocastanum L.,+
2020,14,C,Bupleurum falcatum L. subsp. cernuum (Ten.) Arcang.,Bupleurum falcatum L. subsp. cernuum (Nyman) Arcang.,+
2020,14,C,Campanula glomerata L.,Campanula glomerata L.,+
2020,14,C,Carex caryophyllea La Tourr.,Carex caryophyllea Latourr.,1
2020,14,C,Centaurea bracteata Scop.,Centaurea jacea L. subsp. gaudinii (Boiss. & Reut.) Gremli,+
2020,14,C,Centaurea triumfettii All.,Centaurea triumfettii All.,+
2020,14,C,Cerastium arvense L. subsp. suffruticosum (L.) Nym.,Cerastium arvense L. subsp. suffruticosum (L.) Ces.,+
2020,14,C,Cerastium glutinosum Fr.,Cerastium glutinosum Fr.,+
2020,14,C,Dianthus sylvestris Wulfen subsp. garganicus (Grande) Pignatti,Dianthus virgineus L.,+
2020,14,C,Eryngium amethystinum L.,Eryngium amethystinum L.,+
2020,14,C,Festuca circummediterranea Patzke,Festuca circummediterranea Patzke,2
2020,14,C,Galium corrudifolium Vill.,Galium corrudifolium Vill.,+
2020,14,C,Globularia punctata Lapeyr.,Globularia bisnagarica L.,+
2020,14,C,Gymnadenia conopsea (L.) R.Br.,Gymnadenia conopsea (L.) R.Br.,+
2020,14,C,Helianthemum apenninum (L.) Mill.,Helianthemum apenninum (L.) Mill. subsp. apenninum,1
2020,14,C,Helianthemum nummularium (L.) Mill. subsp. obscurum (Čelak.) Holub,Helianthemum nummularium (L.) Mill. subsp. obscurum (Čelak.) Holub,+
2020,14,C,Hieracium cymosum L.,Pilosella cymosa (L.) F.W.Schultz & Sch.Bip. subsp. sabina (Sebast.) H.P.Fuchs,+
2020,14,C,Hieracium pilosella L.,Pilosella officinarum F.W.Schultz & Sch.Bip.,+
2020,14,C,Hippocrepis comosa L.,Hippocrepis comosa L. subsp. comosa,+
2020,14,C,Knautia purpurea (Vill.) Borbás,Knautia calycina (C.Presl) Guss.,1
2020,14,C,Koeleria macrantha (Ledeb.) Sprengel,Koeleria macrantha (Ledeb.) Schult. subsp. macrantha,+
2020,14,C,Leontodon cichoraceus (Ten.) Sanguin.,Scorzoneroides cichoriacea (Ten.) Greuter,+
2020,14,C,Leontodon crispus Vill.,Leontodon crispus Vill.,+
2020,14,C,Linum catharticum L. subsp. catharticum,Linum catharticum L. subsp. catharticum,+
2020,14,C,Lotus corniculatus L.,Lotus corniculatus L. subsp. corniculatus,+
2020,14,C,Minuartia verna (L.) Hiern subsp. collina (Neilr.) Halliday,Sabulina glaucina (Dvořáková) Dillenb. & Kadereit,+
2020,14,C,Muscari neglectum Guss.,Muscari neglectum Guss. ex Ten. & Sangiovanni,+
2020,14,C,Ornithogalum umbellatum L.,Ornithogalum etruscum Parl. subsp. etruscum ,+
2020,14,C,Orobanche minor Sm.,Orobanche minor Sm.,+
2020,14,C,Plantago argentea Chaix,Plantago argentea Chaix subsp. argentea,+
2020,14,C,Potentilla tabernaemontani Asch.,Potentilla rigoana Th.Wolf,+
2020,14,C,Primula veris L. subsp. columnae (Ten.) Ludi,Primula veris L. subsp. columnae (Ten.) Maire & Petitm.,+
2020,14,C,Rhinanthus minor L.,Rhinanthus minor L.,+
2020,14,C,Salvia pratensis L. subsp. pratensis,Salvia pratensis L.,+
2020,14,C,Sanguisorba minor Scop. subsp. muricata (Gremli) Briq.,Poterium sanguisorba L. subsp. balearicum (Bourg. ex Nyman) Stace,+
2020,14,C,Sedum rupestre L. subsp. rupestre,Petrosedum rupestre (L.) P.V.Heath,+
2020,14,C,Sedum sexangulare L.,Sedum sexangulare L.,+
2020,14,C,Senecio doronicum L. subsp. doronicum,Senecio doronicum (L.) L. subsp. doronicum,+
2020,14,C,Sesleria nitida Ten.,Sesleria nitida Ten.,+
2020,14,C,Tanacetum corymbosum var. tenuifolium (Willd.) Briq. et Cavill.,Tanacetum corymbosum (L.) Sch.Bip. subsp. achilleae (L.) Greuter,+
2020,14,C,Teucrium chamaedrys L.,Teucrium chamaedrys L. subsp. chamaedrys,+
2020,14,C,Teucrium montanum L.,Teucrium montanum L.,+
2020,14,C,Thesium linophyllon L.,Thesium linophyllon L.,1
2020,14,C,Thymus longicaulis Presl,Thymus longicaulis C.Presl subsp. longicaulis,+
2020,14,C,Thymus sp.,Thymus sp.,+
2020,14,C,Trifolium montanum L. subsp. rupestre (Ten.) Pignatti,Trifolium montanum L. subsp. rupestre (Ten.) Nyman,1
2020,14,C,Trifolium ochroleucum Huds.,Trifolium ochroleucon Huds.,+
2020,14,C,Trinia glauca (L.) Dumort. subsp. carniolica (Kerner) Wolff,Trinia glauca (L.) Dumort. subsp. carniolica (A.Kern. ex Janch.) H.Wolff,+
2020,14,C,Viola eugeniae Parl. subsp. eugeniae,Viola eugeniae Parl. subsp. eugeniae,+
2024,14,C,Allium vineale L.,Allium vineale L.,+
2024,14,C,Anthyllis vulneraria L. subsp. polyphylla (DC.) Nyman,Anthyllis vulneraria L. subsp. polyphylla (DC.) Nyman,+
2024,14,C,Anthyllis vulneraria L. subsp. pulchella (Vis.) Bornm.,Anthyllis vulneraria L. subsp. pulchella (Vis.) Bornm.,2
2024,14,C,Arenaria serpyllifolia L.,Arenaria serpyllifolia L. subsp. serpyllifolia,+
2024,14,C,Asperula cynanchica L.,Cynanchica pyrenaica (L.) P.Caputo & Del Guacchio subsp. cynanchica (L.) P.Caputo & Del Guacchio,+
2024,14,C,Avenula praetutiana (Parl.) Pignatti,"Helictochloa praetutiana (Parl. ex Arcang.) Bartolucci, F.Conti, Peruzzi & Banfi subsp. praetutiana",+
2024,14,C,Brachypodium rupestre (Host) Roem. & Schult.,Brachypodium rupestre (Host) Roem. & Schult.,2
2024,14,C,Briza media L.,Briza media L.,1
2024,14,C,Bromus erectus Huds.,Bromopsis erecta (Huds.) Fourr.,2
2024,14,C,Bunium bulbocastanum L.,Bunium bulbocastanum L.,+
2024,14,C,Bupleurum falcatum L. subsp. cernuum (Ten.) Arcang.,Bupleurum falcatum L. subsp. cernuum (Nyman) Arcang.,+
2024,14,C,Campanula glomerata L.,Campanula glomerata L.,+
2024,14,C,Carex caryophyllea La Tourr.,Carex caryophyllea Latourr.,1
2024,14,C,Carex macrolepis DC.,Carex macrolepis DC.,+
2024,14,C,Centaurea bracteata Scop.,Centaurea jacea L. subsp. gaudinii (Boiss. & Reut.) Gremli,1
2024,14,C,Centaurea triumfettii All.,Centaurea triumfettii All.,+
2024,14,C,Cerastium arvense L. subsp. suffruticosum (L.) Nym.,Cerastium arvense L. subsp. suffruticosum (L.) Ces.,+
2024,14,C,Cerastium glutinosum Fr.,Cerastium glutinosum Fr.,+
2024,14,C,Dianthus sylvestris Wulfen subsp. garganicus (Grande) Pignatti,Dianthus virgineus L.,+
2024,14,C,Eryngium amethystinum L.,Eryngium amethystinum L.,+
2024,14,C,Festuca circummediterranea Patzke,Festuca circummediterranea Patzke,1
2024,14,C,Galium corrudifolium Vill.,Galium corrudifolium Vill.,+
2024,14,C,Gentiana verna L.,Gentiana verna L. subsp. verna,1
2024,14,C,Globularia punctata Lapeyr.,Globularia bisnagarica L.,+
2024,14,C,Gymnadenia conopsea (L.) R.Br.,Gymnadenia conopsea (L.) R.Br.,1
2024,14,C,Helianthemum apenninum (L.) Mill.,Helianthemum apenninum (L.) Mill. subsp. apenninum,1
2024,14,C,Helianthemum nummularium (L.) Mill. subsp. obscurum (Čelak.) Holub,Helianthemum nummularium (L.) Mill. subsp. obscurum (Čelak.) Holub,+
2024,14,C,Hieracium cymosum L.,Pilosella cymosa (L.) F.W.Schultz & Sch.Bip. subsp. sabina (Sebast.) H.P.Fuchs,+
2024,14,C,Hieracium pilosella L.,Pilosella officinarum F.W.Schultz & Sch.Bip.,+
2024,14,C,Hypericum perforatum L. subsp. angustifolium (DC.) Gaudin,Hypericum perforatum L. subsp. veronense (Schrank) Ces.,+
2024,14,C,Knautia purpurea (Vill.) Borbás,Knautia calycina (C.Presl) Guss.,1
2024,14,C,Koeleria macrantha (Ledeb.) Sprengel,Koeleria macrantha (Ledeb.) Schult. subsp. macrantha,+
2024,14,C,Laserpitium garganicum (Ten.) Bertol. subsp. garganicum,Siler montanum Crantz subsp. stabianum (Lacaita) F.Conti & Bartolucci,1
2024,14,C,Leontodon cichoraceus (Ten.) Sanguin.,Scorzoneroides cichoriacea (Ten.) Greuter,+
2024,14,C,Leontodon crispus Vill.,Leontodon crispus Vill.,+
2024,14,C,Leucanthemum vulgare Lam.,Leucanthemum vulgare (Vaill.) Lam. subsp. vulgare,+
2024,14,C,Linum catharticum L. subsp. catharticum,Linum catharticum L. subsp. catharticum,+
2024,14,C,Lotus corniculatus L.,Lotus corniculatus L. subsp. corniculatus,+
2024,14,C,Luzula campestris (L.) DC.,Luzula campestris (L.) DC. subsp. campestris,+
2024,14,C,Minuartia verna (L.) Hiern subsp. collina (Neilr.) Halliday,Sabulina glaucina (Dvořáková) Dillenb. & Kadereit,+
2024,14,C,Muscari neglectum Guss.,Muscari neglectum Guss. ex Ten. & Sangiovanni,+
2024,14,C,Onobrychis viciifolia Scop.,Onobrychis viciifolia Scop.,+
2024,14,C,Phleum ambiguum Ten.,Phleum hirsutum Honck. subsp. ambiguum (Ten.) Cif. & Giacom.,+
2024,14,C,Plantago argentea Chaix,Plantago argentea Chaix subsp. argentea,+
2024,14,C,Potentilla tabernaemontani Asch.,Potentilla rigoana Th.Wolf,1
2024,14,C,Primula veris L. subsp. columnae (Ten.) Ludi,Primula veris L. subsp. columnae (Ten.) Maire & Petitm.,+
2024,14,C,Rhinanthus minor L.,Rhinanthus minor L.,+
2024,14,C,Sanguisorba minor Scop. subsp. muricata (Gremli) Briq.,Poterium sanguisorba L. subsp. balearicum (Bourg. ex Nyman) Stace,+
2024,14,C,Sedum rupestre L. subsp. rupestre,Petrosedum rupestre (L.) P.V.Heath,+
2024,14,C,Sedum sexangulare L.,Sedum sexangulare L.,+
2024,14,C,Senecio doronicum L. subsp. doronicum,Senecio doronicum (L.) L. subsp. doronicum,+
2024,14,C,Sesleria nitida Ten.,Sesleria nitida Ten.,+
2024,14,C,Tanacetum corymbosum var. tenuifolium (Willd.) Briq. et Cavill.,Tanacetum corymbosum (L.) Sch.Bip. subsp. achilleae (L.) Greuter,+
2024,14,C,Teucrium montanum L.,Teucrium montanum L.,+
2024,14,C,Thesium linophyllon L.,Thesium linophyllon L.,1
2024,14,C,Thymus longicaulis Presl,Thymus longicaulis C.Presl subsp. longicaulis,+
2024,14,C,Thymus sp.,Thymus sp.,+
2024,14,C,Trifolium montanum L. subsp. rupestre (Ten.) Pignatti,Trifolium montanum L. subsp. rupestre (Ten.) Nyman,1
2024,14,C,Trinia glauca (L.) Dumort. subsp. carniolica (Kerner) Wolff,Trinia glauca (L.) Dumort. subsp. carniolica (A.Kern. ex Janch.) H.Wolff,+
2002,15,C,Achillea setacea Waldst. & Kit.,Achillea setacea Waldst. & Kit.,p
2002,15,C,Allium sphaerocephalon L.,Allium sphaerocephalon L. subsp. sphaerocephalon,p
2002,15,C,Anthyllis vulneraria L. subsp. praepropera (Kerner) Bornm.,Anthyllis vulneraria L. subsp. rubriflora (DC.) Arcang.,p
2002,15,C,Asperula purpurea (L.) Ehrend.,Thliphthisa purpurea (L.) P.Caputo & Del Guacchio subsp. purpurea,p
2002,15,C,Avenula praetutiana (Parl.) Pignatti,"Helictochloa praetutiana (Parl. ex Arcang.) Bartolucci, F.Conti, Peruzzi & Banfi subsp. praetutiana",p
2002,15,C,Bromus erectus Huds.,Bromopsis erecta (Huds.) Fourr.,p
2002,15,C,Carex macrolepis DC.,Carex macrolepis DC.,p
2002,15,C,Cerastium arvense L. subsp. suffruticosum (L.) Nym.,Cerastium arvense L. subsp. suffruticosum (L.) Ces.,p
2002,15,C,Dianthus sylvestris Wulfen subsp. garganicus (Grande) Pignatti,Dianthus virgineus L.,p
2002,15,C,Draba aizoides L.,Draba aizoides L. subsp. aizoides,p
2002,15,C,Eryngium amethystinum L.,Eryngium amethystinum L.,p
2002,15,C,Festuca circummediterranea Patzke,Festuca circummediterranea Patzke,p
2002,15,C,Globularia punctata Lapeyr.,Globularia bisnagarica L.,p
2002,15,C,Helianthemum nummularium (L.) Mill. subsp. obscurum (Čelak.) Holub,Helianthemum nummularium (L.) Mill. subsp. obscurum (Čelak.) Holub,p
2002,15,C,Hieracium cymosum L.,Pilosella cymosa (L.) F.W.Schultz & Sch.Bip. subsp. sabina (Sebast.) H.P.Fuchs,p
2002,15,C,Hypericum perforatum L. subsp. angustifolium (DC.) Gaudin,Hypericum perforatum L. subsp. veronense (Schrank) Ces.,p
2002,15,C,Knautia purpurea (Vill.) Borbás,Knautia calycina (C.Presl) Guss.,p
2002,15,C,Koeleria macrantha (Ledeb.) Sprengel,Koeleria macrantha (Ledeb.) Schult. subsp. macrantha,p
2002,15,C,Leontodon crispus Vill.,Leontodon crispus Vill.,p
2002,15,C,Lotus corniculatus L.,Lotus corniculatus L. subsp. corniculatus,p
2002,15,C,Medicago lupulina L.,Medicago lupulina L.,p
2002,15,C,Muscari neglectum Guss.,Muscari neglectum Guss. ex Ten. & Sangiovanni,p
2002,15,C,Phleum ambiguum Ten.,Phleum hirsutum Honck. subsp. ambiguum (Ten.) Cif. & Giacom.,p
2002,15,C,Poa molineri Balb.,Poa molinerii Balb.,p
2002,15,C,Potentilla tabernaemontani Asch.,Potentilla rigoana Th.Wolf,p
2002,15,C,Salvia pratensis L. subsp. pratensis,Salvia pratensis L.,p
2002,15,C,Saxifraga bulbifera L.,Saxifraga bulbifera L.,p
2002,15,C,Sedum acre L.,Sedum acre L.,p
2002,15,C,Sedum hispanicum L.,Sedum hispanicum L.,p
2002,15,C,Sedum rupestre L. subsp. rupestre,Petrosedum rupestre (L.) P.V.Heath,p
2002,15,C,Sesleria nitida Ten.,Sesleria nitida Ten.,p
2002,15,C,Silene italica (L.) Pers. subsp. italica,Silene italica (L.) Pers. subsp. italica,p
2002,15,C,Silene otites (L.) Wibel,Silene otites (L.) Wibel subsp. otites,p
2002,15,C,Tanacetum corymbosum var. tenuifolium (Willd.) Briq. et Cavill.,Tanacetum corymbosum (L.) Sch.Bip. subsp. achilleae (L.) Greuter,p
2002,15,C,Teucrium chamaedrys L.,Teucrium chamaedrys L. subsp. chamaedrys,p
2002,15,C,Thymus longicaulis Presl,Thymus longicaulis C.Presl subsp. longicaulis,p
2002,15,C,Trifolium ochroleucum Huds.,Trifolium ochroleucon Huds.,p
2002,15,C,Trinia glauca (L.) Dumort. subsp. carniolica (Kerner) Wolff,Trinia glauca (L.) Dumort. subsp. carniolica (A.Kern. ex Janch.) H.Wolff,p
2003,15,C,Acer obtusatum Waldst. & Kit.,Acer opalus Mill. subsp. obtusatum (Waldst. & Kit. ex Willd.) Gams,p
2003,15,C,Arctium nemorosum Lej. et Court.,Arctium nemorosum Lej.,p
2003,15,C,Asplenium trichomanes L. subsp. quadrivalens D.E.Mey.,Asplenium trichomanes L. subsp. quadrivalens D.E.Mey.,p
2003,15,C,Brachypodium rupestre (Host) Roem. & Schult. subsp. rupestre,Brachypodium rupestre (Host) Roem. & Schult.,p
2003,15,C,Bromus erectus Huds.,Bromopsis erecta (Huds.) Fourr.,p
2003,15,C,Calamintha sylvatica Bromf. subsp. sylvatica,Clinopodium menthifolium (Host) Merino subsp. menthifolium,p
2003,15,C,Campanula glomerata L.,Campanula glomerata L.,p
2003,15,C,Campanula trachelium L.,Campanula trachelium L. subsp. trachelium,p
2003,15,C,Chaerophyllum aureum L.,Chaerophyllum aureum L.,p
2003,15,C,Chaerophyllum temulum L.,Chaerophyllum temulum L.,p
2003,15,C,Cruciata glabra (L.) Ehrend.,Cruciata glabra (L.) C.Bauhin ex Opiz,p
2003,15,C,Dactylis glomerata L.,Dactylis glomerata L. subsp. glomerata,p
2003,15,C,Daphne laureola L.,Daphne laureola L.,p
2003,15,C,Epilobium montanum L.,Epilobium montanum L.,p
2003,15,C,Epipactis helleborine (L.) Crantz,Epipactis helleborine (L.) Crantz,p
2003,15,C,Fagus sylvatica L.,Fagus sylvatica L. subsp. sylvatica,p
2003,15,C,Festuca circummediterranea Patzke,Festuca circummediterranea Patzke,p
2003,15,C,Festuca heterophylla Lam.,Festuca heterophylla Lam.,p
2003,15,C,Fragaria vesca L.,Fragaria vesca L. subsp. vesca,p
2003,15,C,Fraxinus ornus L.,Fraxinus ornus L. subsp. ornus,p
2003,15,C,Galium aparine L.,Galium aparine L.,p
2003,15,C,Galium odoratum (L.) Scop.,Galium odoratum (L.) Scop.,p
2003,15,C,Geum urbanum L.,Geum urbanum L.,p
2003,15,C,Hedera helix L. subsp. helix,Hedera helix L. subsp. helix,p
2003,15,C,Helleborus bocconei Ten. subsp. bocconei,Helleborus viridis L. subsp. bocconei (Ten.) Peruzzi,p
2003,15,C,Hepatica nobilis Mill.,Hepatica nobilis Schreb.,p
2003,15,C,Hordelymus europaeus (L.) Harz,Hordelymus europaeus (L.) Harz,p
2003,15,C,Lamium maculatum L.,Lamium maculatum L.,p
2003,15,C,Lonicera xylosteum L.,Lonicera xylosteum L.,p
2003,15,C,Luzula sylvatica (Huds.) Gaudin,Luzula sylvatica (Huds.) Gaudin subsp. sylvatica,p
2003,15,C,Melittis melissophyllum L.,Melittis melissophyllum L. subsp. melissophyllum,p
2003,15,C,Mycelis muralis (L.) Dumort.,Mycelis muralis (L.) Dumort. subsp. muralis,p
2003,15,C,Polypodium interjectum Shivas,Polypodium interjectum Shivas,p
2003,15,C,Prunus avium L.,Prunus avium (L.) L.,p
2003,15,C,Ptilostemon strictus (Ten.) Greuter,Ptilostemon strictus (Ten.) Greuter,p
2003,15,C,Pulmonaria sp.,Pulmonaria sp.,p
2003,15,C,Rosa canina L.,Rosa canina L.,p
2003,15,C,Rubus hirtus W. et K.,Rubus hirtus Waldst. & Kit. group,p
2003,15,C,Saxifraga rotundifolia L.,Saxifraga rotundifolia L. subsp. rotundifolia,p
2003,15,C,Sesleria nitida Ten.,Sesleria nitida Ten.,p
2003,15,C,Sorbus aria (L.) Crantz,Sorbus aria (L.) Crantz,p
2003,15,C,Viola alba Besser subsp. dehnhardtii (Ten.) W. Becker,Viola alba Besser subsp. dehnhardtii (Ten.) W.Becker,p
2003,15,C,Viola odorata L.,Viola odorata L.,p
2003,15,C,Viola reichenbachiana Jord. ex Boreau,Viola reichenbachiana Jord. ex Boreau,p
2015,15,C,Achillea setacea Waldst. & Kit.,Achillea setacea Waldst. & Kit.,+
2015,15,C,Acinos alpinus (L.) Moench,Ziziphora granatensis (Boiss. & Reut.) Melnikov subsp. alpina (L.) Bräuchler & Gutermann,+
2015,15,C,Anthyllis vulneraria L. subsp. polyphylla (DC.) Nyman,Anthyllis vulneraria L. subsp. polyphylla (DC.) Nyman,+
2015,15,C,Anthyllis vulneraria L. subsp. praepropera (Kerner) Bornm.,Anthyllis vulneraria L. subsp. rubriflora (DC.) Arcang.,+
2015,15,C,Arabis collina Ten.,Arabis collina Ten.,+
2015,15,C,Arenaria serpyllifolia L.,Arenaria serpyllifolia L. subsp. serpyllifolia,+
2015,15,C,Armeria canescens (Host) Boiss. subsp. canescens,Armeria gracilis Ten. subsp. gracilis,+
2015,15,C,Asperula cynanchica L.,Cynanchica pyrenaica (L.) P.Caputo & Del Guacchio subsp. cynanchica (L.) P.Caputo & Del Guacchio,+
2015,15,C,Asperula purpurea (L.) Ehrend.,Thliphthisa purpurea (L.) P.Caputo & Del Guacchio subsp. purpurea,1
2015,15,C,Avenula praetutiana (Parl.) Pignatti,"Helictochloa praetutiana (Parl. ex Arcang.) Bartolucci, F.Conti, Peruzzi & Banfi subsp. praetutiana",+
2015,15,C,Brachypodium rupestre (Host) Roem. & Schult.,Brachypodium rupestre (Host) Roem. & Schult.,+
2015,15,C,Bromus erectus Huds.,Bromopsis erecta (Huds.) Fourr.,2
2015,15,C,Bunium bulbocastanum L.,Bunium bulbocastanum L.,+
2015,15,C,Carex caryophyllea La Tourr.,Carex caryophyllea Latourr.,+
2015,15,C,Cerastium arvense L. subsp. suffruticosum (L.) Nym.,Cerastium arvense L. subsp. suffruticosum (L.) Ces.,+
2015,15,C,Chamaecytisus hirsutus (L.) Link,Cytisus hirsutus L.,+
2015,15,C,Dianthus carthusianorum L. subsp. tenorei (Lacaita) Pignatti,Dianthus carthusianorum L. subsp. carthusianorum,+
2015,15,C,Dianthus sylvestris Wulfen subsp. garganicus (Grande) Pignatti,Dianthus virgineus L.,+
2015,15,C,Eryngium amethystinum L.,Eryngium amethystinum L.,1
2015,15,C,Festuca circummediterranea Patzke,Festuca circummediterranea Patzke,+
2015,15,C,Festuca inops De Not.,Festuca inops De Not.,+
2015,15,C,Galium corrudifolium Vill.,Galium corrudifolium Vill.,+
2015,15,C,Globularia punctata Lapeyr.,Globularia bisnagarica L.,+
2015,15,C,Gymnadenia conopsea (L.) R.Br.,Gymnadenia conopsea (L.) R.Br.,+
2015,15,C,Helianthemum apenninum (L.) Mill.,Helianthemum apenninum (L.) Mill. subsp. apenninum,+
2015,15,C,Hippocrepis comosa L.,Hippocrepis comosa L. subsp. comosa,+
2015,15,C,Hypericum perforatum L. subsp. angustifolium (DC.) Gaudin,Hypericum perforatum L. subsp. veronense (Schrank) Ces.,+
2015,15,C,Knautia purpurea (Vill.) Borbás,Knautia calycina (C.Presl) Guss.,+
2015,15,C,Koeleria macrantha (Ledeb.) Sprengel,Koeleria macrantha (Ledeb.) Schult. subsp. macrantha,+
2015,15,C,Koeleria splendens Presl,Koeleria splendens C.Presl,1
2015,15,C,Leontodon crispus Vill.,Leontodon crispus Vill.,+
2015,15,C,Leontodon hispidus L.,Leontodon hispidus L. subsp. hispidus,+
2015,15,C,Lotus corniculatus L.,Lotus corniculatus L. subsp. corniculatus,+
2015,15,C,Medicago lupulina L.,Medicago lupulina L.,+
2015,15,C,Paronychia kapela (Hacq.) Kerner subsp. kapela,Paronychia kapela (Hacq.) A.Kern. subsp. kapela,+
2015,15,C,Phleum ambiguum Ten.,Phleum hirsutum Honck. subsp. ambiguum (Ten.) Cif. & Giacom.,1
2015,15,C,Plantago argentea Chaix,Plantago argentea Chaix subsp. argentea,+
2015,15,C,Poa molineri Balb.,Poa molinerii Balb.,1
2015,15,C,Polygala nicaeensis Risso subsp. mediterranea Chodat,Polygala nicaeensis Risso ex W.D.J.Koch subsp. mediterranea Chodat,+
2015,15,C,Potentilla tabernaemontani Asch.,Potentilla rigoana Th.Wolf,+
2015,15,C,Primula veris L. subsp. columnae (Ten.) Ludi,Primula veris L. subsp. columnae (Ten.) Maire & Petitm.,+
2015,15,C,Salvia pratensis L. subsp. pratensis,Salvia pratensis L.,1
2015,15,C,Sanguisorba minor Scop. subsp. muricata (Gremli) Briq.,Poterium sanguisorba L. subsp. balearicum (Bourg. ex Nyman) Stace,+
2015,15,C,Sedum acre L.,Sedum acre L.,+
2015,15,C,Sedum album L.,Sedum album L. subsp. album,+
2015,15,C,Sedum rupestre L. subsp. rupestre,Petrosedum rupestre (L.) P.V.Heath,+
2015,15,C,Sedum sexangulare L.,Sedum sexangulare L.,1
2015,15,C,Sesleria nitida Ten.,Sesleria nitida Ten.,+
2015,15,C,Silene otites (L.) Wibel,Silene otites (L.) Wibel subsp. otites,+
2015,15,C,Tanacetum corymbosum var. tenuifolium (Willd.) Briq. et Cavill.,Tanacetum corymbosum (L.) Sch.Bip. subsp. achilleae (L.) Greuter,+
2015,15,C,Teucrium chamaedrys L.,Teucrium chamaedrys L. subsp. chamaedrys,+
2015,15,C,Thymus longicaulis Presl,Thymus longicaulis C.Presl subsp. longicaulis,+
2015,15,C,Thymus sp.,Thymus sp.,+
2015,15,C,Trifolium ochroleucum Huds.,Trifolium ochroleucon Huds.,+
2020,15,C,Alyssum alyssoides (L.) L.,Alyssum alyssoides (L.) L.,+
2020,15,C,Anthyllis vulneraria L. subsp. polyphylla (DC.) Nyman,Anthyllis vulneraria L. subsp. polyphylla (DC.) Nyman,+
2020,15,C,Anthyllis vulneraria L. subsp. praepropera (Kerner) Bornm.,Anthyllis vulneraria L. subsp. rubriflora (DC.) Arcang.,+
2020,15,C,Arabis collina Ten.,Arabis collina Ten.,+
2020,15,C,Arenaria serpyllifolia L.,Arenaria serpyllifolia L. subsp. serpyllifolia,+
2020,15,C,Armeria canescens (Host) Boiss. subsp. canescens,Armeria gracilis Ten. subsp. gracilis,+
2020,15,C,Asperula cynanchica L.,Cynanchica pyrenaica (L.) P.Caputo & Del Guacchio subsp. cynanchica (L.) P.Caputo & Del Guacchio,+
2020,15,C,Asperula purpurea (L.) Ehrend.,Thliphthisa purpurea (L.) P.Caputo & Del Guacchio subsp. purpurea,1
2020,15,C,Astragalus sempervirens Lam. subsp. gussonei Pignatti,Astragalus sempervirens Lam.,+
2020,15,C,Brachypodium rupestre (Host) Roem. & Schult.,Brachypodium rupestre (Host) Roem. & Schult.,1
2020,15,C,Bromus erectus Huds.,Bromopsis erecta (Huds.) Fourr.,2
2020,15,C,Bunium bulbocastanum L.,Bunium bulbocastanum L.,+
2020,15,C,Carex caryophyllea La Tourr.,Carex caryophyllea Latourr.,+
2020,15,C,Carex macrolepis DC.,Carex macrolepis DC.,+
2020,15,C,Centaurea ambigua Guss. subsp. ambigua,Centaurea arrigonii Greuter,+
2020,15,C,Cerastium arvense L. subsp. suffruticosum (L.) Nym.,Cerastium arvense L. subsp. suffruticosum (L.) Ces.,+
2020,15,C,Ceterach officinarum DC.,Asplenium ceterach L. subsp. ceterach,+
2020,15,C,Chamaecytisus hirsutus (L.) Link,Cytisus hirsutus L.,+
2020,15,C,Dianthus sylvestris Wulfen subsp. garganicus (Grande) Pignatti,Dianthus virgineus L.,+
2020,15,C,Eryngium amethystinum L.,Eryngium amethystinum L.,+
2020,15,C,Festuca circummediterranea Patzke,Festuca circummediterranea Patzke,2
2020,15,C,Festuca inops De Not.,Festuca inops De Not.,+
2020,15,C,Galium corrudifolium Vill.,Galium corrudifolium Vill.,+
2020,15,C,Globularia punctata Lapeyr.,Globularia bisnagarica L.,+
2020,15,C,Helianthemum canum (L.) Baumg. subsp. canum,Helianthemum oelandicum (L.) Dum.Cours. subsp. incanum (Willk.) G.López,1
2020,15,C,Hieracium cymosum L.,Pilosella cymosa (L.) F.W.Schultz & Sch.Bip. subsp. sabina (Sebast.) H.P.Fuchs,+
2020,15,C,Hippocrepis comosa L.,Hippocrepis comosa L. subsp. comosa,+
2020,15,C,Hypericum perforatum L. subsp. angustifolium (DC.) Gaudin,Hypericum perforatum L. subsp. veronense (Schrank) Ces.,+
2020,15,C,Knautia purpurea (Vill.) Borbás,Knautia calycina (C.Presl) Guss.,+
2020,15,C,Koeleria macrantha (Ledeb.) Sprengel,Koeleria macrantha (Ledeb.) Schult. subsp. macrantha,2
2020,15,C,Koeleria splendens Presl,Koeleria splendens C.Presl,1
2020,15,C,Lotus corniculatus L.,Lotus corniculatus L. subsp. corniculatus,+
2020,15,C,Minuartia verna (L.) Hiern subsp. collina (Neilr.) Halliday,Sabulina glaucina (Dvořáková) Dillenb. & Kadereit,+
2020,15,C,Muscari neglectum Guss.,Muscari neglectum Guss. ex Ten. & Sangiovanni,1
2020,15,C,Ornithogalum umbellatum L.,Ornithogalum etruscum Parl. subsp. etruscum ,+
2020,15,C,Orobanche minor Sm.,Orobanche minor Sm.,+
2020,15,C,Phleum ambiguum Ten.,Phleum hirsutum Honck. subsp. ambiguum (Ten.) Cif. & Giacom.,2
2020,15,C,Plantago argentea Chaix,Plantago argentea Chaix subsp. argentea,+
2020,15,C,Potentilla tabernaemontani Asch.,Potentilla rigoana Th.Wolf,+
2020,15,C,Salvia pratensis L. subsp. pratensis,Salvia pratensis L.,1
2020,15,C,Sanguisorba minor Scop. subsp. muricata (Gremli) Briq.,Poterium sanguisorba L. subsp. balearicum (Bourg. ex Nyman) Stace,+
2020,15,C,Sedum album L.,Sedum album L. subsp. album,2
2020,15,C,Sedum rupestre L. subsp. rupestre,Petrosedum rupestre (L.) P.V.Heath,+
2020,15,C,Sedum sexangulare L.,Sedum sexangulare L.,+
2020,15,C,Senecio doronicum L. subsp. doronicum,Senecio doronicum (L.) L. subsp. doronicum,+
2020,15,C,Sesleria nitida Ten.,Sesleria nitida Ten.,1
2020,15,C,Silene otites (L.) Wibel,Silene otites (L.) Wibel subsp. otites,+
2020,15,C,Tanacetum corymbosum var. tenuifolium (Willd.) Briq. et Cavill.,Tanacetum corymbosum (L.) Sch.Bip. subsp. achilleae (L.) Greuter,+
2020,15,C,Teucrium chamaedrys L.,Teucrium chamaedrys L. subsp. chamaedrys,+
2020,15,C,Thymus sp.,Thymus sp.,+
2020,15,C,Trinia glauca (L.) Dumort. subsp. carniolica (Kerner) Wolff,Trinia glauca (L.) Dumort. subsp. carniolica (A.Kern. ex Janch.) H.Wolff,+
2024,15,C,Anthyllis vulneraria L. subsp. polyphylla (DC.) Nyman,Anthyllis vulneraria L. subsp. polyphylla (DC.) Nyman,+
2024,15,C,Anthyllis vulneraria L. subsp. praepropera (Kerner) Bornm.,Anthyllis vulneraria L. subsp. rubriflora (DC.) Arcang.,1
2024,15,C,Arenaria serpyllifolia L.,Arenaria serpyllifolia L. subsp. serpyllifolia,+
2024,15,C,Armeria canescens (Host) Boiss. subsp. canescens,Armeria gracilis Ten. subsp. gracilis,+
2024,15,C,Asperula purpurea (L.) Ehrend.,Thliphthisa purpurea (L.) P.Caputo & Del Guacchio subsp. purpurea,+
2024,15,C,Astragalus sempervirens Lam. subsp. gussonei Pignatti,Astragalus sempervirens Lam.,+
2024,15,C,Brachypodium rupestre (Host) Roem. & Schult.,Brachypodium rupestre (Host) Roem. & Schult.,1
2024,15,C,Bromus erectus Huds.,Bromopsis erecta (Huds.) Fourr.,2
2024,15,C,Bunium bulbocastanum L.,Bunium bulbocastanum L.,+
2024,15,C,Carex caryophyllea La Tourr.,Carex caryophyllea Latourr.,+
2024,15,C,Carex macrolepis DC.,Carex macrolepis DC.,1
2024,15,C,Cerastium arvense L. subsp. suffruticosum (L.) Nym.,Cerastium arvense L. subsp. suffruticosum (L.) Ces.,+
2024,15,C,Ceterach officinarum DC.,Asplenium ceterach L. subsp. ceterach,+
2024,15,C,Chamaecytisus hirsutus (L.) Link,Cytisus hirsutus L.,+
2024,15,C,Eryngium amethystinum L.,Eryngium amethystinum L.,+
2024,15,C,Festuca circummediterranea Patzke,Festuca circummediterranea Patzke,1
2024,15,C,Festuca inops De Not.,Festuca inops De Not.,+
2024,15,C,Galium corrudifolium Vill.,Galium corrudifolium Vill.,1
2024,15,C,Globularia punctata Lapeyr.,Globularia bisnagarica L.,+
2024,15,C,Helianthemum apenninum (L.) Mill.,Helianthemum apenninum (L.) Mill. subsp. apenninum,+
2024,15,C,Helianthemum canum (L.) Baumg. subsp. canum,Helianthemum oelandicum (L.) Dum.Cours. subsp. incanum (Willk.) G.López,+
2024,15,C,Hieracium cymosum L.,Pilosella cymosa (L.) F.W.Schultz & Sch.Bip. subsp. sabina (Sebast.) H.P.Fuchs,+
2024,15,C,Hieracium pilosella L.,Pilosella officinarum F.W.Schultz & Sch.Bip.,+
2024,15,C,Hypericum perforatum L. subsp. angustifolium (DC.) Gaudin,Hypericum perforatum L. subsp. veronense (Schrank) Ces.,+
2024,15,C,Knautia purpurea (Vill.) Borbás,Knautia calycina (C.Presl) Guss.,1
2024,15,C,Koeleria macrantha (Ledeb.) Sprengel,Koeleria macrantha (Ledeb.) Schult. subsp. macrantha,2
2024,15,C,Koeleria splendens Presl,Koeleria splendens C.Presl,1
2024,15,C,Leontodon crispus Vill.,Leontodon crispus Vill.,+
2024,15,C,Lotus corniculatus L.,Lotus corniculatus L. subsp. corniculatus,+
2024,15,C,Minuartia verna (L.) Hiern subsp. collina (Neilr.) Halliday,Sabulina glaucina (Dvořáková) Dillenb. & Kadereit,+
2024,15,C,Muscari neglectum Guss.,Muscari neglectum Guss. ex Ten. & Sangiovanni,1
2024,15,C,Ornithogalum umbellatum L.,Ornithogalum etruscum Parl. subsp. etruscum ,+
2024,15,C,Orobanche minor Sm.,Orobanche minor Sm.,+
2024,15,C,Paronychia kapela (Hacq.) Kerner subsp. kapela,Paronychia kapela (Hacq.) A.Kern. subsp. kapela,+
2024,15,C,Phleum ambiguum Ten.,Phleum hirsutum Honck. subsp. ambiguum (Ten.) Cif. & Giacom.,1
2024,15,C,Plantago argentea Chaix,Plantago argentea Chaix subsp. argentea,+
2024,15,C,Poa molineri Balb.,Poa molinerii Balb.,+
2024,15,C,Potentilla tabernaemontani Asch.,Potentilla rigoana Th.Wolf,+
2024,15,C,Salvia pratensis L. subsp. pratensis,Salvia pratensis L.,+
2024,15,C,Sanguisorba minor Scop. subsp. muricata (Gremli) Briq.,Poterium sanguisorba L. subsp. balearicum (Bourg. ex Nyman) Stace,+
2024,15,C,Sedum album L.,Sedum album L. subsp. album,2
2024,15,C,Sedum rupestre L. subsp. rupestre,Petrosedum rupestre (L.) P.V.Heath,1
2024,15,C,Sedum sexangulare L.,Sedum sexangulare L.,+
2024,15,C,Sesleria nitida Ten.,Sesleria nitida Ten.,1
2024,15,C,Tanacetum corymbosum var. tenuifolium (Willd.) Briq. et Cavill.,Tanacetum corymbosum (L.) Sch.Bip. subsp. achilleae (L.) Greuter,+
2024,15,C,Teucrium chamaedrys L.,Teucrium chamaedrys L. subsp. chamaedrys,+
2024,15,C,Thymus longicaulis Presl,Thymus longicaulis C.Presl subsp. longicaulis,+
2024,15,C,Thymus sp.,Thymus sp.,+
2024,15,C,Trifolium ochroleucum Huds.,Trifolium ochroleucon Huds.,+
2024,15,C,Trinia glauca (L.) Dumort. subsp. carniolica (Kerner) Wolff,Trinia glauca (L.) Dumort. subsp. carniolica (A.Kern. ex Janch.) H.Wolff,+
2002,16,C,Alyssum minus (L.) Rothm.,Alyssum alyssoides (L.) L.,p
2002,16,C,Asperula purpurea (L.) Ehrend.,Thliphthisa purpurea (L.) P.Caputo & Del Guacchio subsp. purpurea,p
2002,16,C,Bromus erectus Huds.,Bromopsis erecta (Huds.) Fourr.,p
2002,16,C,Carex macrolepis DC.,Carex macrolepis DC.,p
2002,16,C,Cerastium arvense L. subsp. suffruticosum (L.) Nym.,Cerastium arvense L. subsp. suffruticosum (L.) Ces.,p
2002,16,C,Cytisus sessilifolius L.,Cytisophyllum sessilifolium (L.) O.Lang,p
2002,16,C,Dianthus sylvestris Wulfen subsp. garganicus (Grande) Pignatti,Dianthus virgineus L.,p
2002,16,C,Eryngium amethystinum L.,Eryngium amethystinum L.,p
2002,16,C,Festuca circummediterranea Patzke,Festuca circummediterranea Patzke,p
2002,16,C,Gymnadenia conopsea (L.) R.Br.,Gymnadenia conopsea (L.) R.Br.,p
2002,16,C,Helianthemum apenninum (L.) Mill.,Helianthemum apenninum (L.) Mill. subsp. apenninum,p
2002,16,C,Helianthemum canum (L.) Baumg. subsp. canum,Helianthemum oelandicum (L.) Dum.Cours. subsp. incanum (Willk.) G.López,p
2002,16,C,Helianthemum nummularium (L.) Mill. subsp. obscurum (Čelak.) Holub,Helianthemum nummularium (L.) Mill. subsp. obscurum (Čelak.) Holub,p
2002,16,C,Helleborus bocconei Ten. subsp. bocconei,Helleborus viridis L. subsp. bocconei (Ten.) Peruzzi,p
2002,16,C,Hieracium pilosella L.,Pilosella officinarum F.W.Schultz & Sch.Bip.,p
2002,16,C,Knautia purpurea (Vill.) Borbás,Knautia calycina (C.Presl) Guss.,p
2002,16,C,Lotus corniculatus L.,Lotus corniculatus L. subsp. corniculatus,p
2002,16,C,Polygala nicaeensis Risso subsp. mediterranea Chodat,Polygala nicaeensis Risso ex W.D.J.Koch subsp. mediterranea Chodat,p
2002,16,C,Potentilla tabernaemontani Asch.,Potentilla rigoana Th.Wolf,p
2002,16,C,Rumex acetosa L.,Rumex acetosa L. subsp. acetosa,p
2002,16,C,Saxifraga bulbifera L.,Saxifraga bulbifera L.,p
2002,16,C,Sedum acre L.,Sedum acre L.,p
2002,16,C,Sedum rupestre L. subsp. rupestre,Petrosedum rupestre (L.) P.V.Heath,p
2002,16,C,Senecio doronicum L. subsp. doronicum,Senecio doronicum (L.) L. subsp. doronicum,p
2002,16,C,Sesleria nitida Ten.,Sesleria nitida Ten.,p
2002,16,C,Silene italica (L.) Pers. subsp. italica,Silene italica (L.) Pers. subsp. italica,p
2002,16,C,Tanacetum corymbosum var. tenuifolium (Willd.) Briq. et Cavill.,Tanacetum corymbosum (L.) Sch.Bip. subsp. achilleae (L.) Greuter,p
2002,16,C,Teucrium chamaedrys L.,Teucrium chamaedrys L. subsp. chamaedrys,p
2002,16,C,Thesium linophyllon L.,Thesium linophyllon L.,p
2002,16,C,Thymus longicaulis Presl,Thymus longicaulis C.Presl subsp. longicaulis,p
2003,16,C,Acer obtusatum Waldst. & Kit.,Acer opalus Mill. subsp. obtusatum (Waldst. & Kit. ex Willd.) Gams,p
2003,16,C,Fagus sylvatica L.,Fagus sylvatica L. subsp. sylvatica,p
2003,16,C,Hedera helix L. subsp. helix,Hedera helix L. subsp. helix,p
2003,16,C,Hepatica nobilis Mill.,Hepatica nobilis Schreb.,p
2003,16,C,Rubus hirtus W. et K.,Rubus hirtus Waldst. & Kit. group,p
2003,16,C,Saxifraga rotundifolia L.,Saxifraga rotundifolia L. subsp. rotundifolia,p
2015,16,B,Cytisus sessilifolius L.,Cytisophyllum sessilifolium (L.) O.Lang,+
2015,16,C,Anthyllis vulneraria L. subsp. praepropera (Kerner) Bornm.,Anthyllis vulneraria L. subsp. rubriflora (DC.) Arcang.,+
2015,16,C,Anthyllis vulneraria L. subsp. weldeniana (Rchb.) Cullen,Anthyllis vulneraria L. subsp. weldeniana (Rchb.) Cullen,+
2015,16,C,Arenaria serpyllifolia L.,Arenaria serpyllifolia L. subsp. serpyllifolia,+
2015,16,C,Armeria canescens (Host) Boiss. subsp. canescens,Armeria gracilis Ten. subsp. gracilis,+
2015,16,C,Asperula cynanchica L.,Cynanchica pyrenaica (L.) P.Caputo & Del Guacchio subsp. cynanchica (L.) P.Caputo & Del Guacchio,+
2015,16,C,Asperula purpurea (L.) Ehrend.,Thliphthisa purpurea (L.) P.Caputo & Del Guacchio subsp. purpurea,1
2015,16,C,Astragalus sempervirens Lam. subsp. gussonei Pignatti,Astragalus sempervirens Lam.,+
2015,16,C,Avenula praetutiana (Parl.) Pignatti,"Helictochloa praetutiana (Parl. ex Arcang.) Bartolucci, F.Conti, Peruzzi & Banfi subsp. praetutiana",+
2015,16,C,Brachypodium rupestre (Host) Roem. & Schult.,Brachypodium rupestre (Host) Roem. & Schult.,2
2015,16,C,Bromus erectus Huds.,Bromopsis erecta (Huds.) Fourr.,3
2015,16,C,Carex macrolepis DC.,Carex macrolepis DC.,+
2015,16,C,Centaurea triumfettii All.,Centaurea triumfettii All.,+
2015,16,C,Cerastium arvense L. subsp. suffruticosum (L.) Nym.,Cerastium arvense L. subsp. suffruticosum (L.) Ces.,+
2015,16,C,Chamaecytisus hirsutus (L.) Link,Cytisus hirsutus L.,1
2015,16,C,Coronilla minima L.,Coronilla minima L.,+
2015,16,C,Cuscuta epithymum (L.) L.,Cuscuta epithymum (L.) L. subsp. epithymum ,+
2015,16,C,Eryngium amethystinum L.,Eryngium amethystinum L.,1
2015,16,C,Erysimum pseudorhaeticum Polatschek,Erysimum pseudorhaeticum Polatschek,+
2015,16,C,Festuca circummediterranea Patzke,Festuca circummediterranea Patzke,1
2015,16,C,Galium corrudifolium Vill.,Galium corrudifolium Vill.,+
2015,16,C,Gymnadenia conopsea (L.) R.Br.,Gymnadenia conopsea (L.) R.Br.,+
2015,16,C,Helianthemum apenninum (L.) Mill.,Helianthemum apenninum (L.) Mill. subsp. apenninum,+
2015,16,C,Helianthemum canum (L.) Baumg. subsp. canum,Helianthemum oelandicum (L.) Dum.Cours. subsp. incanum (Willk.) G.López,+
2015,16,C,Helleborus bocconei Ten. subsp. bocconei,Helleborus viridis L. subsp. bocconei (Ten.) Peruzzi,+
2015,16,C,Hieracium pilosella L.,Pilosella officinarum F.W.Schultz & Sch.Bip.,+
2015,16,C,Knautia purpurea (Vill.) Borbás,Knautia calycina (C.Presl) Guss.,+
2015,16,C,Koeleria macrantha (Ledeb.) Sprengel,Koeleria macrantha (Ledeb.) Schult. subsp. macrantha,+
2015,16,C,Lilium bulbiferum L. subsp. croceum (Chaix) Baker,Lilium bulbiferum L. subsp. croceum (Chaix) Jan,r
2015,16,C,Lotus corniculatus L.,Lotus corniculatus L. subsp. corniculatus,+
2015,16,C,Phleum ambiguum Ten.,Phleum hirsutum Honck. subsp. ambiguum (Ten.) Cif. & Giacom.,+
2015,16,C,Plantago argentea Chaix,Plantago argentea Chaix subsp. argentea,+
2015,16,C,Polygala nicaeensis Risso subsp. mediterranea Chodat,Polygala nicaeensis Risso ex W.D.J.Koch subsp. mediterranea Chodat,+
2015,16,C,Primula veris L. subsp. columnae (Ten.) Ludi,Primula veris L. subsp. columnae (Ten.) Maire & Petitm.,+
2015,16,C,Rhinanthus alectorolophus (Scop.) Pollich,Rhinanthus alectorolophus (Scop.) Pollich subsp. alectorolophus,+
2015,16,C,Sedum acre L.,Sedum acre L.,+
2015,16,C,Sedum rupestre L. subsp. rupestre,Petrosedum rupestre (L.) P.V.Heath,+
2015,16,C,Senecio doronicum L. subsp. doronicum,Senecio doronicum (L.) L. subsp. doronicum,+
2015,16,C,Sesleria nitida Ten.,Sesleria nitida Ten.,2
2015,16,C,Silene italica (L.) Pers. subsp. italica,Silene italica (L.) Pers. subsp. italica,+
2015,16,C,Stachys officinalis (L.) Trevisan subsp. officinalis,Betonica officinalis L.,+
2015,16,C,Tanacetum corymbosum var. tenuifolium (Willd.) Briq. et Cavill.,Tanacetum corymbosum (L.) Sch.Bip. subsp. achilleae (L.) Greuter,1
2015,16,C,Teucrium chamaedrys L.,Teucrium chamaedrys L. subsp. chamaedrys,+
2015,16,C,Thymus longicaulis Presl,Thymus longicaulis C.Presl subsp. longicaulis,1
2015,16,C,Thymus sp.,Thymus sp.,+
2015,16,C,Trifolium montanum L. subsp. rupestre (Ten.) Pignatti,Trifolium montanum L. subsp. rupestre (Ten.) Nyman,+
2015,16,C,Trifolium ochroleucum Huds.,Trifolium ochroleucon Huds.,+
2020,16,A,Sorbus aria (L.) Crantz,Sorbus aria (L.) Crantz,1
2020,16,B,Crataegus monogyna Jacq. subsp. monogyna,Crataegus monogyna Jacq.,1
2020,16,C,Achillea millefolium L.,Achillea millefolium L. subsp. millefolium,+
2020,16,C,Allium sphaerocephalon L.,Allium sphaerocephalon L. subsp. sphaerocephalon,+
2020,16,C,Alyssum alyssoides (L.) L.,Alyssum alyssoides (L.) L.,+
2020,16,C,Anacamptis pyramidalis (L.)L.C.Rich.,Anacamptis pyramidalis (L.) Rich.,+
2020,16,C,Armeria canescens (Host) Boiss. subsp. canescens,Armeria gracilis Ten. subsp. gracilis,+
2020,16,C,Asperula purpurea (L.) Ehrend.,Thliphthisa purpurea (L.) P.Caputo & Del Guacchio subsp. purpurea,+
2020,16,C,Avenula praetutiana (Parl.) Pignatti,"Helictochloa praetutiana (Parl. ex Arcang.) Bartolucci, F.Conti, Peruzzi & Banfi subsp. praetutiana",+
2020,16,C,Brachypodium rupestre (Host) Roem. & Schult.,Brachypodium rupestre (Host) Roem. & Schult.,1
2020,16,C,Campanula glomerata L.,Campanula glomerata L.,+
2020,16,C,Carex macrolepis DC.,Carex macrolepis DC.,+
2020,16,C,Centaurea bracteata Scop.,Centaurea jacea L. subsp. gaudinii (Boiss. & Reut.) Gremli,+
2020,16,C,Centaurea triumfettii All.,Centaurea triumfettii All.,+
2020,16,C,Cerastium arvense L. subsp. suffruticosum (L.) Nym.,Cerastium arvense L. subsp. suffruticosum (L.) Ces.,+
2020,16,C,Chamaecytisus hirsutus (L.) Link,Cytisus hirsutus L.,1
2020,16,C,Cuscuta epithymum (L.) L.,Cuscuta epithymum (L.) L. subsp. epithymum ,+
2020,16,C,Cytisus sessilifolius L.,Cytisophyllum sessilifolium (L.) O.Lang,1
2020,16,C,Dianthus carthusianorum L. subsp. tenorei (Lacaita) Pignatti,Dianthus carthusianorum L. subsp. carthusianorum,+
2020,16,C,Eryngium amethystinum L.,Eryngium amethystinum L.,1
2020,16,C,Erysimum pseudorhaeticum Polatschek,Erysimum pseudorhaeticum Polatschek,+
2020,16,C,Festuca circummediterranea Patzke,Festuca circummediterranea Patzke,1
2020,16,C,Galium aparine L.,Galium aparine L.,+
2020,16,C,Galium corrudifolium Vill.,Galium corrudifolium Vill.,+
2020,16,C,Galium mollugo L.,Galium mollugo L.,+
2020,16,C,Geranium rotundifolium L.,Geranium rotundifolium L.,+
2020,16,C,Gymnadenia conopsea (L.) R.Br.,Gymnadenia conopsea (L.) R.Br.,+
2020,16,C,Helianthemum nummularium (L.) Mill. subsp. obscurum (Čelak.) Holub,Helianthemum nummularium (L.) Mill. subsp. obscurum (Čelak.) Holub,+
2020,16,C,Helleborus bocconei Ten. subsp. bocconei,Helleborus viridis L. subsp. bocconei (Ten.) Peruzzi,+
2020,16,C,Hieracium cymosum L.,Pilosella cymosa (L.) F.W.Schultz & Sch.Bip. subsp. sabina (Sebast.) H.P.Fuchs,+
2020,16,C,Knautia purpurea (Vill.) Borbás,Knautia calycina (C.Presl) Guss.,+
2020,16,C,Koeleria macrantha (Ledeb.) Sprengel,Koeleria macrantha (Ledeb.) Schult. subsp. macrantha,+
2020,16,C,Lilium bulbiferum L. subsp. croceum (Chaix) Baker,Lilium bulbiferum L. subsp. croceum (Chaix) Jan,+
2020,16,C,Linum catharticum L. subsp. catharticum,Linum catharticum L. subsp. catharticum,+
2020,16,C,Lotus corniculatus L.,Lotus corniculatus L. subsp. corniculatus,+
2020,16,C,Micromeria graeca (L.) Bentham subsp. graeca,Micromeria graeca (L.) Benth. ex Rchb. subsp. graeca,+
2020,16,C,Myosotis alpestris F.W.Schmidt,Myosotis arvensis (L.) Hill subsp. arvensis,+
2020,16,C,Orobanche gracilis Sm.,Orobanche gracilis Sm.,+
2020,16,C,Papaver rhoeas L. subsp. rhoeas,Papaver rhoeas L. subsp. rhoeas,+
2020,16,C,Phleum ambiguum Ten.,Phleum hirsutum Honck. subsp. ambiguum (Ten.) Cif. & Giacom.,+
2020,16,C,Plantago argentea Chaix,Plantago argentea Chaix subsp. argentea,+
2020,16,C,Potentilla tabernaemontani Asch.,Potentilla rigoana Th.Wolf,+
2020,16,C,Primula veris L. subsp. columnae (Ten.) Ludi,Primula veris L. subsp. columnae (Ten.) Maire & Petitm.,+
2020,16,C,Salvia pratensis L. subsp. pratensis,Salvia pratensis L.,+
2020,16,C,Sanguisorba minor Scop. subsp. muricata (Gremli) Briq.,Poterium sanguisorba L. subsp. balearicum (Bourg. ex Nyman) Stace,+
2020,16,C,Sedum rupestre L. subsp. rupestre,Petrosedum rupestre (L.) P.V.Heath,+
2020,16,C,Senecio doronicum L. subsp. doronicum,Senecio doronicum (L.) L. subsp. doronicum,+
2020,16,C,Sesleria nitida Ten.,Sesleria nitida Ten.,4
2020,16,C,Silene italica (L.) Pers. subsp. italica,Silene italica (L.) Pers. subsp. italica,1
2020,16,C,Stachys officinalis (L.) Trevisan subsp. officinalis,Betonica officinalis L.,+
2020,16,C,Tanacetum corymbosum var. tenuifolium (Willd.) Briq. et Cavill.,Tanacetum corymbosum (L.) Sch.Bip. subsp. achilleae (L.) Greuter,2
2020,16,C,Teucrium chamaedrys L.,Teucrium chamaedrys L. subsp. chamaedrys,+
2020,16,C,Thymus longicaulis Presl,Thymus longicaulis C.Presl subsp. longicaulis,+
2020,16,C,Thymus sp.,Thymus sp.,+
2020,16,C,Trifolium montanum L. subsp. rupestre (Ten.) Pignatti,Trifolium montanum L. subsp. rupestre (Ten.) Nyman,1
2020,16,C,Trifolium ochroleucum Huds.,Trifolium ochroleucon Huds.,+
2020,16,C,Trinia glauca (L.) Dumort. subsp. carniolica (Kerner) Wolff,Trinia glauca (L.) Dumort. subsp. carniolica (A.Kern. ex Janch.) H.Wolff,+
2020,16,C,Viola odorata L.,Viola odorata L.,+
2024,16,A,Sorbus aria (L.) Crantz,Sorbus aria (L.) Crantz,1
2024,16,B,Crataegus monogyna Jacq. subsp. monogyna,Crataegus monogyna Jacq.,1
2024,16,C,Anthyllis vulneraria L. subsp. praepropera (Kerner) Bornm.,Anthyllis vulneraria L. subsp. rubriflora (DC.) Arcang.,+
2024,16,C,Asperula purpurea (L.) Ehrend.,Thliphthisa purpurea (L.) P.Caputo & Del Guacchio subsp. purpurea,+
2024,16,C,Avenula praetutiana (Parl.) Pignatti,"Helictochloa praetutiana (Parl. ex Arcang.) Bartolucci, F.Conti, Peruzzi & Banfi subsp. praetutiana",+
2024,16,C,Brachypodium rupestre (Host) Roem. & Schult.,Brachypodium rupestre (Host) Roem. & Schult.,2
2024,16,C,Bromus erectus Huds.,Bromopsis erecta (Huds.) Fourr.,+
2024,16,C,Campanula glomerata L.,Campanula glomerata L.,+
2024,16,C,Carex macrolepis DC.,Carex macrolepis DC.,1
2024,16,C,Centaurea bracteata Scop.,Centaurea jacea L. subsp. gaudinii (Boiss. & Reut.) Gremli,+
2024,16,C,Centaurea triumfettii All.,Centaurea triumfettii All.,+
2024,16,C,Cerastium arvense L. subsp. suffruticosum (L.) Nym.,Cerastium arvense L. subsp. suffruticosum (L.) Ces.,+
2024,16,C,Chamaecytisus hirsutus (L.) Link,Cytisus hirsutus L.,1
2024,16,C,Coronilla minima L.,Coronilla minima L.,+
2024,16,C,Cytisus sessilifolius L.,Cytisophyllum sessilifolium (L.) O.Lang,2
2024,16,C,Dianthus carthusianorum L. subsp. tenorei (Lacaita) Pignatti,Dianthus carthusianorum L. subsp. carthusianorum,+
2024,16,C,Dianthus sylvestris Wulfen subsp. garganicus (Grande) Pignatti,Dianthus virgineus L.,+
2024,16,C,Eryngium amethystinum L.,Eryngium amethystinum L.,1
2024,16,C,Erysimum pseudorhaeticum Polatschek,Erysimum pseudorhaeticum Polatschek,+
2024,16,C,Festuca circummediterranea Patzke,Festuca circummediterranea Patzke,1
2024,16,C,Galium corrudifolium Vill.,Galium corrudifolium Vill.,1
2024,16,C,Gymnadenia conopsea (L.) R.Br.,Gymnadenia conopsea (L.) R.Br.,+
2024,16,C,Helianthemum canum (L.) Baumg. subsp. canum,Helianthemum oelandicum (L.) Dum.Cours. subsp. incanum (Willk.) G.López,+
2024,16,C,Helianthemum nummularium (L.) Mill. subsp. obscurum (Čelak.) Holub,Helianthemum nummularium (L.) Mill. subsp. obscurum (Čelak.) Holub,1
2024,16,C,Helleborus bocconei Ten. subsp. bocconei,Helleborus viridis L. subsp. bocconei (Ten.) Peruzzi,+
2024,16,C,Hieracium cymosum L.,Pilosella cymosa (L.) F.W.Schultz & Sch.Bip. subsp. sabina (Sebast.) H.P.Fuchs,+
2024,16,C,Knautia purpurea (Vill.) Borbás,Knautia calycina (C.Presl) Guss.,+
2024,16,C,Koeleria macrantha (Ledeb.) Sprengel,Koeleria macrantha (Ledeb.) Schult. subsp. macrantha,+
2024,16,C,Lilium bulbiferum L. subsp. croceum (Chaix) Baker,Lilium bulbiferum L. subsp. croceum (Chaix) Jan,+
2024,16,C,Lotus corniculatus L.,Lotus corniculatus L. subsp. corniculatus,+
2024,16,C,Phleum ambiguum Ten.,Phleum hirsutum Honck. subsp. ambiguum (Ten.) Cif. & Giacom.,1
2024,16,C,Plantago argentea Chaix,Plantago argentea Chaix subsp. argentea,+
2024,16,C,Polygala major Jacq.,Polygala major Jacq.,1
2024,16,C,Potentilla tabernaemontani Asch.,Potentilla rigoana Th.Wolf,+
2024,16,C,Primula veris L. subsp. columnae (Ten.) Ludi,Primula veris L. subsp. columnae (Ten.) Maire & Petitm.,+
2024,16,C,Rumex acetosella L.,Rumex acetosella L. subsp. pyrenaicus (Pourr. ex Lapeyr.) Akeroyd,+
2024,16,C,Sedum rupestre L. subsp. rupestre,Petrosedum rupestre (L.) P.V.Heath,+
2024,16,C,Senecio doronicum L. subsp. doronicum,Senecio doronicum (L.) L. subsp. doronicum,1
2024,16,C,Sesleria nitida Ten.,Sesleria nitida Ten.,4
2024,16,C,Silene italica (L.) Pers. subsp. italica,Silene italica (L.) Pers. subsp. italica,1
2024,16,C,Stachys officinalis (L.) Trevisan subsp. officinalis,Betonica officinalis L.,+
2024,16,C,Tanacetum corymbosum var. tenuifolium (Willd.) Briq. et Cavill.,Tanacetum corymbosum (L.) Sch.Bip. subsp. achilleae (L.) Greuter,2
2024,16,C,Teucrium chamaedrys L.,Teucrium chamaedrys L. subsp. chamaedrys,+
2024,16,C,Thymus sp.,Thymus sp.,+
2024,16,C,Trifolium montanum L. subsp. rupestre (Ten.) Pignatti,Trifolium montanum L. subsp. rupestre (Ten.) Nyman,+
2024,16,C,Trifolium ochroleucum Huds.,Trifolium ochroleucon Huds.,+
2024,16,C,Trinia glauca (L.) Dumort. subsp. carniolica (Kerner) Wolff,Trinia glauca (L.) Dumort. subsp. carniolica (A.Kern. ex Janch.) H.Wolff,+
2002,21,C,Achillea collina Becker,Achillea collina (Becker ex Wirtg.) Heimerl,p
2002,21,C,Allium sphaerocephalon L.,Allium sphaerocephalon L. subsp. sphaerocephalon,p
2002,21,C,Anthoxanthum odoratum L.,Anthoxanthum odoratum L.,p
2002,21,C,Anthyllis vulneraria L. subsp. praepropera (Kerner) Bornm.,Anthyllis vulneraria L. subsp. rubriflora (DC.) Arcang.,p
2002,21,C,Arenaria serpyllifolia L.,Arenaria serpyllifolia L. subsp. serpyllifolia,p
2002,21,C,Armeria canescens (Host) Boiss. subsp. canescens,Armeria gracilis Ten. subsp. gracilis,p
2002,21,C,Asperula cynanchica L.,Cynanchica pyrenaica (L.) P.Caputo & Del Guacchio subsp. cynanchica (L.) P.Caputo & Del Guacchio,p
2002,21,C,Asperula purpurea (L.) Ehrend.,Thliphthisa purpurea (L.) P.Caputo & Del Guacchio subsp. purpurea,p
2002,21,C,Brachypodium rupestre (Host) Roem. & Schult. subsp. rupestre,Brachypodium rupestre (Host) Roem. & Schult.,p
2002,21,C,Bromus erectus Huds.,Bromopsis erecta (Huds.) Fourr.,p
2002,21,C,Carex caryophyllea La Tourr.,Carex caryophyllea Latourr.,p
2002,21,C,Centaurea ambigua Guss. subsp. ambigua,Centaurea arrigonii Greuter,p
2002,21,C,Centaurea triumfettii All.,Centaurea triumfettii All.,p
2002,21,C,Cerastium arvense L. subsp. suffruticosum (L.) Nym.,Cerastium arvense L. subsp. suffruticosum (L.) Ces.,p
2002,21,C,Cuscuta epithymum (L.) L.,Cuscuta epithymum (L.) L. subsp. epithymum ,p
2002,21,C,Dianthus sylvestris Wulfen subsp. garganicus (Grande) Pignatti,Dianthus virgineus L.,p
2002,21,C,Eryngium amethystinum L.,Eryngium amethystinum L.,p
2002,21,C,Festuca circummediterranea Patzke,Festuca circummediterranea Patzke,p
2002,21,C,Helianthemum nummularium (L.) Mill. subsp. obscurum (Čelak.) Holub,Helianthemum nummularium (L.) Mill. subsp. obscurum (Čelak.) Holub,p
2002,21,C,Hieracium pilosella L.,Pilosella officinarum F.W.Schultz & Sch.Bip.,p
2002,21,C,Hippocrepis comosa L.,Hippocrepis comosa L. subsp. comosa,p
2002,21,C,Knautia purpurea (Vill.) Borbás,Knautia calycina (C.Presl) Guss.,p
2002,21,C,Koeleria macrantha (Ledeb.) Sprengel,Koeleria macrantha (Ledeb.) Schult. subsp. macrantha,p
2002,21,C,Leontodon cichoraceus (Ten.) Sanguin.,Scorzoneroides cichoriacea (Ten.) Greuter,p
2002,21,C,Lotus corniculatus L.,Lotus corniculatus L. subsp. corniculatus,p
2002,21,C,Medicago lupulina L.,Medicago lupulina L.,p
2002,21,C,Muscari neglectum Guss.,Muscari neglectum Guss. ex Ten. & Sangiovanni,p
2002,21,C,Myosotis ramosissima Rochel in Schultes,Myosotis ramosissima Rochel subsp. ramosissima,p
2002,21,C,Onobrychis viciifolia Scop.,Onobrychis viciifolia Scop.,p
2002,21,C,Orobanche alba Stephan,Orobanche alba Stephan ex Willd.,p
2002,21,C,Phleum ambiguum Ten.,Phleum hirsutum Honck. subsp. ambiguum (Ten.) Cif. & Giacom.,p
2002,21,C,Phleum pratense L.,Phleum pratense L.,p
2002,21,C,Plantago lanceolata L. var. sphaerostachya Mert. et Koch,Plantago lanceolata L.,p
2002,21,C,Potentilla tabernaemontani Asch.,Potentilla rigoana Th.Wolf,p
2002,21,C,Rhinanthus minor L.,Rhinanthus minor L.,p
2002,21,C,Sanguisorba minor Scop. subsp. muricata (Gremli) Briq.,Poterium sanguisorba L. subsp. balearicum (Bourg. ex Nyman) Stace,p
2002,21,C,Saxifraga bulbifera L.,Saxifraga bulbifera L.,p
2002,21,C,Sedum acre L.,Sedum acre L.,p
2002,21,C,Senecio doronicum L. subsp. gerardii (G. et G.) Nyman,Senecio apenninus Tausch,p
2002,21,C,Silene italica (L.) Pers. subsp. italica,Silene italica (L.) Pers. subsp. italica,p
2002,21,C,Silene otites (L.) Wibel,Silene otites (L.) Wibel subsp. otites,p
2002,21,C,Teucrium chamaedrys L.,Teucrium chamaedrys L. subsp. chamaedrys,p
2002,21,C,Thymus longicaulis Presl,Thymus longicaulis C.Presl subsp. longicaulis,p
2002,21,C,Trifolium campestre Schreb.,Trifolium campestre Schreb.,p
2002,21,C,Trifolium ochroleucum Huds.,Trifolium ochroleucon Huds.,p
2002,21,C,Trinia glauca (L.) Dumort. subsp. carniolica (Kerner) Wolff,Trinia glauca (L.) Dumort. subsp. carniolica (A.Kern. ex Janch.) H.Wolff,p
2002,21,C,Valeriana tuberosa L.,Valeriana tuberosa L.,p
2002,21,C,Vicia onobrychioides L.,Vicia onobrychioides L.,p
2003,21,C,Anthyllis vulneraria L. subsp. praepropera (Kerner) Bornm.,Anthyllis vulneraria L. subsp. rubriflora (DC.) Arcang.,p
2003,21,C,Armeria canescens (Host) Boiss. subsp. canescens,Armeria gracilis Ten. subsp. gracilis,p
2003,21,C,Asperula cynanchica L.,Cynanchica pyrenaica (L.) P.Caputo & Del Guacchio subsp. cynanchica (L.) P.Caputo & Del Guacchio,p
2003,21,C,Asperula purpurea (L.) Ehrend.,Thliphthisa purpurea (L.) P.Caputo & Del Guacchio subsp. purpurea,p
2003,21,C,Brachypodium rupestre (Host) Roem. & Schult. subsp. rupestre,Brachypodium rupestre (Host) Roem. & Schult.,p
2003,21,C,Bromus erectus Huds.,Bromopsis erecta (Huds.) Fourr.,p
2003,21,C,Cerastium arvense L. subsp. suffruticosum (L.) Nym.,Cerastium arvense L. subsp. suffruticosum (L.) Ces.,p
2003,21,C,Cuscuta epithymum (L.) L.,Cuscuta epithymum (L.) L. subsp. epithymum ,p
2003,21,C,Cytisus sessilifolius L.,Cytisophyllum sessilifolium (L.) O.Lang,p
2003,21,C,Dianthus sylvestris Wulfen subsp. garganicus (Grande) Pignatti,Dianthus virgineus L.,p
2003,21,C,Eryngium amethystinum L.,Eryngium amethystinum L.,p
2003,21,C,Festuca circummediterranea Patzke,Festuca circummediterranea Patzke,p
2003,21,C,Helianthemum canum (L.) Baumg. subsp. canum,Helianthemum oelandicum (L.) Dum.Cours. subsp. incanum (Willk.) G.López,p
2003,21,C,Helianthemum nummularium (L.) Mill. subsp. obscurum (Čelak.) Holub,Helianthemum nummularium (L.) Mill. subsp. obscurum (Čelak.) Holub,p
2003,21,C,Hieracium cymosum L.,Pilosella cymosa (L.) F.W.Schultz & Sch.Bip. subsp. sabina (Sebast.) H.P.Fuchs,p
2003,21,C,Hieracium pilosella L.,Pilosella officinarum F.W.Schultz & Sch.Bip.,p
2003,21,C,Hippocrepis comosa L.,Hippocrepis comosa L. subsp. comosa,p
2003,21,C,Knautia purpurea (Vill.) Borbás,Knautia calycina (C.Presl) Guss.,p
2003,21,C,Koeleria splendens Presl,Koeleria splendens C.Presl,p
2003,21,C,Lotus corniculatus L.,Lotus corniculatus L. subsp. corniculatus,p
2003,21,C,Medicago lupulina L.,Medicago lupulina L.,p
2003,21,C,Minuartia verna (L.) Hiern subsp. collina (Neilr.) Halliday,Sabulina glaucina (Dvořáková) Dillenb. & Kadereit,p
2003,21,C,Orobanche minor Sm.,Orobanche minor Sm.,p
2003,21,C,Phleum ambiguum Ten.,Phleum hirsutum Honck. subsp. ambiguum (Ten.) Cif. & Giacom.,p
2003,21,C,Plantago media L.,Plantago media L. subsp. media,p
2003,21,C,Poa molineri Balb.,Poa molinerii Balb.,p
2003,21,C,Sanguisorba minor Scop. subsp. muricata (Gremli) Briq.,Poterium sanguisorba L. subsp. balearicum (Bourg. ex Nyman) Stace,p
2003,21,C,Sedum acre L.,Sedum acre L.,p
2003,21,C,Sedum rupestre L. subsp. rupestre,Petrosedum rupestre (L.) P.V.Heath,p
2003,21,C,Sesleria nitida Ten.,Sesleria nitida Ten.,p
2003,21,C,Silene italica (L.) Pers. subsp. italica,Silene italica (L.) Pers. subsp. italica,p
2003,21,C,Teucrium chamaedrys L.,Teucrium chamaedrys L. subsp. chamaedrys,p
2003,21,C,Thymus longicaulis Presl,Thymus longicaulis C.Presl subsp. longicaulis,p
2003,21,C,Trifolium campestre Schreb.,Trifolium campestre Schreb.,p
2003,21,C,Trifolium ochroleucum Huds.,Trifolium ochroleucon Huds.,p
2003,21,C,Trinia glauca (L.) Dumort. subsp. carniolica (Kerner) Wolff,Trinia glauca (L.) Dumort. subsp. carniolica (A.Kern. ex Janch.) H.Wolff,p
2003,21,C,Vicia sp.,Vicia sp.,p
2015,21,C,Allium sphaerocephalon L.,Allium sphaerocephalon L. subsp. sphaerocephalon,+
2015,21,C,Anthyllis vulneraria L. subsp. polyphylla (DC.) Nyman,Anthyllis vulneraria L. subsp. polyphylla (DC.) Nyman,+
2015,21,C,Anthyllis vulneraria L. subsp. praepropera (Kerner) Bornm.,Anthyllis vulneraria L. subsp. rubriflora (DC.) Arcang.,1
2015,21,C,Arabis collina Ten.,Arabis collina Ten.,+
2015,21,C,Arenaria serpyllifolia L.,Arenaria serpyllifolia L. subsp. serpyllifolia,+
2015,21,C,Armeria canescens (Host) Boiss. subsp. canescens,Armeria gracilis Ten. subsp. gracilis,+
2015,21,C,Asperula cynanchica L.,Cynanchica pyrenaica (L.) P.Caputo & Del Guacchio subsp. cynanchica (L.) P.Caputo & Del Guacchio,+
2015,21,C,Asperula purpurea (L.) Ehrend.,Thliphthisa purpurea (L.) P.Caputo & Del Guacchio subsp. purpurea,+
2015,21,C,Avenula praetutiana (Parl.) Pignatti,"Helictochloa praetutiana (Parl. ex Arcang.) Bartolucci, F.Conti, Peruzzi & Banfi subsp. praetutiana",2
2015,21,C,Brachypodium rupestre (Host) Roem. & Schult.,Brachypodium rupestre (Host) Roem. & Schult.,2
2015,21,C,Bromus erectus Huds.,Bromopsis erecta (Huds.) Fourr.,3
2015,21,C,Centaurea ambigua Guss. subsp. ambigua,Centaurea arrigonii Greuter,+
2015,21,C,Centaurea triumfettii All.,Centaurea triumfettii All.,+
2015,21,C,Cerastium arvense L. subsp. suffruticosum (L.) Nym.,Cerastium arvense L. subsp. suffruticosum (L.) Ces.,+
2015,21,C,Chamaecytisus hirsutus (L.) Link,Cytisus hirsutus L.,+
2015,21,C,Coronilla minima L.,Coronilla minima L.,+
2015,21,C,Cuscuta epithymum (L.) L.,Cuscuta epithymum (L.) L. subsp. epithymum ,+
2015,21,C,Dianthus carthusianorum L. subsp. tenorei (Lacaita) Pignatti,Dianthus carthusianorum L. subsp. carthusianorum,+
2015,21,C,Eryngium amethystinum L.,Eryngium amethystinum L.,+
2015,21,C,Festuca circummediterranea Patzke,Festuca circummediterranea Patzke,+
2015,21,C,Festuca inops De Not.,Festuca inops De Not.,+
2015,21,C,Galium corrudifolium Vill.,Galium corrudifolium Vill.,+
2015,21,C,Galium verum L. subsp. verum,Galium verum L. subsp. verum,+
2015,21,C,Gymnadenia conopsea (L.) R.Br.,Gymnadenia conopsea (L.) R.Br.,+
2015,21,C,Helianthemum nummularium (L.) Mill. subsp. obscurum (Čelak.) Holub,Helianthemum nummularium (L.) Mill. subsp. obscurum (Čelak.) Holub,+
2015,21,C,Hieracium pilosella L.,Pilosella officinarum F.W.Schultz & Sch.Bip.,+
2015,21,C,Hypericum perforatum L. subsp. angustifolium (DC.) Gaudin,Hypericum perforatum L. subsp. veronense (Schrank) Ces.,+
2015,21,C,Knautia purpurea (Vill.) Borbás,Knautia calycina (C.Presl) Guss.,+
2015,21,C,Koeleria macrantha (Ledeb.) Sprengel,Koeleria macrantha (Ledeb.) Schult. subsp. macrantha,+
2015,21,C,Lotus corniculatus L.,Lotus corniculatus L. subsp. corniculatus,2
2015,21,C,Onobrychis viciifolia Scop.,Onobrychis viciifolia Scop.,1
2015,21,C,Orobanche alba Stephan,Orobanche alba Stephan ex Willd.,+
2015,21,C,Orobanche gracilis Sm.,Orobanche gracilis Sm.,+
2015,21,C,Orobanche hederae Duby,Orobanche hederae Vaucher ex Duby,+
2015,21,C,Phleum ambiguum Ten.,Phleum hirsutum Honck. subsp. ambiguum (Ten.) Cif. & Giacom.,1
2015,21,C,Plantago lanceolata L. var. sphaerostachya Mert. et Koch,Plantago lanceolata L.,+
2015,21,C,Plantago media L.,Plantago media L. subsp. media,+
2015,21,C,Polygala nicaeensis Risso subsp. mediterranea Chodat,Polygala nicaeensis Risso ex W.D.J.Koch subsp. mediterranea Chodat,+
2015,21,C,Potentilla tabernaemontani Asch.,Potentilla rigoana Th.Wolf,+
2015,21,C,Rhinanthus alectorolophus (Scop.) Pollich,Rhinanthus alectorolophus (Scop.) Pollich subsp. alectorolophus,1
2015,21,C,Rhinanthus minor L.,Rhinanthus minor L.,+
2015,21,C,Sanguisorba minor Scop. subsp. muricata (Gremli) Briq.,Poterium sanguisorba L. subsp. balearicum (Bourg. ex Nyman) Stace,+
2015,21,C,Sedum rupestre L. subsp. rupestre,Petrosedum rupestre (L.) P.V.Heath,+
2015,21,C,Senecio doronicum L. subsp. doronicum,Senecio doronicum (L.) L. subsp. doronicum,+
2015,21,C,Senecio doronicum L. subsp. gerardii (G. et G.) Nyman,Senecio apenninus Tausch,+
2015,21,C,Silene italica (L.) Pers. subsp. italica,Silene italica (L.) Pers. subsp. italica,+
2015,21,C,Silene otites (L.) Wibel,Silene otites (L.) Wibel subsp. otites,+
2015,21,C,Teucrium chamaedrys L.,Teucrium chamaedrys L. subsp. chamaedrys,+
2015,21,C,Thymus longicaulis Presl,Thymus longicaulis C.Presl subsp. longicaulis,+
2015,21,C,Thymus sp.,Thymus sp.,+
2015,21,C,Trifolium campestre Schreb.,Trifolium campestre Schreb.,+
2015,21,C,Trifolium ochroleucum Huds.,Trifolium ochroleucon Huds.,1
2015,21,C,Trinia glauca (L.) Dumort. subsp. carniolica (Kerner) Wolff,Trinia glauca (L.) Dumort. subsp. carniolica (A.Kern. ex Janch.) H.Wolff,+
2015,21,C,Vicia tenuifolia Roth,Vicia tenuifolia Roth subsp. tenuifolia,+
2020,21,C,Allium sphaerocephalon L.,Allium sphaerocephalon L. subsp. sphaerocephalon,+
2020,21,C,Anthyllis vulneraria L. subsp. polyphylla (DC.) Nyman,Anthyllis vulneraria L. subsp. polyphylla (DC.) Nyman,1
2020,21,C,Arabis collina Ten.,Arabis collina Ten.,+
2020,21,C,Armeria canescens (Host) Boiss. subsp. canescens,Armeria gracilis Ten. subsp. gracilis,+
2020,21,C,Asperula cynanchica L.,Cynanchica pyrenaica (L.) P.Caputo & Del Guacchio subsp. cynanchica (L.) P.Caputo & Del Guacchio,+
2020,21,C,Avenula praetutiana (Parl.) Pignatti,"Helictochloa praetutiana (Parl. ex Arcang.) Bartolucci, F.Conti, Peruzzi & Banfi subsp. praetutiana",+
2020,21,C,Brachypodium rupestre (Host) Roem. & Schult.,Brachypodium rupestre (Host) Roem. & Schult.,2
2020,21,C,Bromus erectus Huds.,Bromopsis erecta (Huds.) Fourr.,3
2020,21,C,Bupleurum falcatum L. subsp. cernuum (Ten.) Arcang.,Bupleurum falcatum L. subsp. cernuum (Nyman) Arcang.,+
2020,21,C,Carex caryophyllea La Tourr.,Carex caryophyllea Latourr.,+
2020,21,C,Centaurea ambigua Guss. subsp. ambigua,Centaurea arrigonii Greuter,+
2020,21,C,Coronilla minima L.,Coronilla minima L.,+
2020,21,C,Dianthus carthusianorum L. subsp. tenorei (Lacaita) Pignatti,Dianthus carthusianorum L. subsp. carthusianorum,+
2020,21,C,Eryngium amethystinum L.,Eryngium amethystinum L.,1
2020,21,C,Festuca circummediterranea Patzke,Festuca circummediterranea Patzke,1
2020,21,C,Festuca inops De Not.,Festuca inops De Not.,+
2020,21,C,Festuca nigrescens Lam. subsp. microphylla (St.-Yves) Mgf.-Dbg.,Festuca rubra L. subsp. commutata (Gaudin) Markgr.-Dann.,+
2020,21,C,Galium corrudifolium Vill.,Galium corrudifolium Vill.,1
2020,21,C,Galium verum L. subsp. verum,Galium verum L. subsp. verum,+
2020,21,C,Gymnadenia conopsea (L.) R.Br.,Gymnadenia conopsea (L.) R.Br.,+
2020,21,C,Helianthemum nummularium (L.) Mill. subsp. obscurum (Čelak.) Holub,Helianthemum nummularium (L.) Mill. subsp. obscurum (Čelak.) Holub,+
2020,21,C,Hieracium pilosella L.,Pilosella officinarum F.W.Schultz & Sch.Bip.,+
2020,21,C,Hippocrepis comosa L.,Hippocrepis comosa L. subsp. comosa,+
2020,21,C,Hypericum perforatum L. subsp. angustifolium (DC.) Gaudin,Hypericum perforatum L. subsp. veronense (Schrank) Ces.,1
2020,21,C,Knautia purpurea (Vill.) Borbás,Knautia calycina (C.Presl) Guss.,+
2020,21,C,Koeleria macrantha (Ledeb.) Sprengel,Koeleria macrantha (Ledeb.) Schult. subsp. macrantha,+
2020,21,C,Leontodon hispidus,Leontodon hispidus L. subsp. hispidus,+
2020,21,C,Luzula campestris (L.) DC.,Luzula campestris (L.) DC. subsp. campestris,+
2020,21,C,Medicago lupulina L.,Medicago lupulina L.,+
2020,21,C,Muscari neglectum Guss.,Muscari neglectum Guss. ex Ten. & Sangiovanni,+
2020,21,C,Onobrychis viciifolia Scop.,Onobrychis viciifolia Scop.,+
2020,21,C,Orobanche caryophyllacea Sm.,Orobanche caryophyllacea Sm.,+
2020,21,C,Orobanche hederae Duby,Orobanche hederae Vaucher ex Duby,+
2020,21,C,Phleum ambiguum Ten.,Phleum hirsutum Honck. subsp. ambiguum (Ten.) Cif. & Giacom.,1
2020,21,C,Plantago lanceolata L. var. sphaerostachya Mert. et Koch,Plantago lanceolata L.,+
2020,21,C,Polygala nicaeensis Risso subsp. mediterranea Chodat,Polygala nicaeensis Risso ex W.D.J.Koch subsp. mediterranea Chodat,+
2020,21,C,Potentilla tabernaemontani Asch.,Potentilla rigoana Th.Wolf,+
2020,21,C,Primula veris L. subsp. columnae (Ten.) Ludi,Primula veris L. subsp. columnae (Ten.) Maire & Petitm.,+
2020,21,C,Rhinanthus alectorolophus (Scop.) Pollich,Rhinanthus alectorolophus (Scop.) Pollich subsp. alectorolophus,+
2020,21,C,Rumex acetosa L.,Rumex acetosa L. subsp. acetosa,+
2020,21,C,Sanguisorba minor Scop. subsp. muricata (Gremli) Briq.,Poterium sanguisorba L. subsp. balearicum (Bourg. ex Nyman) Stace,+
2020,21,C,Sedum rupestre L. subsp. rupestre,Petrosedum rupestre (L.) P.V.Heath,+
2020,21,C,Sedum sexangulare L.,Sedum sexangulare L.,+
2020,21,C,Senecio doronicum L. subsp. doronicum,Senecio doronicum (L.) L. subsp. doronicum,1
2020,21,C,Silene italica (L.) Pers. subsp. italica,Silene italica (L.) Pers. subsp. italica,+
2020,21,C,Tanacetum corymbosum var. tenuifolium (Willd.) Briq. et Cavill.,Tanacetum corymbosum (L.) Sch.Bip. subsp. achilleae (L.) Greuter,+
2020,21,C,Thymus longicaulis Presl,Thymus longicaulis C.Presl subsp. longicaulis,+
2020,21,C,Thymus sp.,Thymus sp.,+
2020,21,C,Tragopogon pratensis L. subsp. orientalis (L.) Čelak.,Tragopogon orientalis L.,+
2020,21,C,Trifolium campestre Schreb.,Trifolium campestre Schreb.,+
2020,21,C,Trifolium ochroleucum Huds.,Trifolium ochroleucon Huds.,2
2020,21,C,Trinia glauca (L.) Dumort. subsp. carniolica (Kerner) Wolff,Trinia glauca (L.) Dumort. subsp. carniolica (A.Kern. ex Janch.) H.Wolff,+
2020,21,C,Vicia tenuifolia Roth,Vicia tenuifolia Roth subsp. tenuifolia,+
2024,21,C,Achillea setacea Waldst. & Kit.,Achillea setacea Waldst. & Kit.,+
2024,21,C,Anacamptis pyramidalis (L.)L.C.Rich.,Anacamptis pyramidalis (L.) Rich.,+
2024,21,C,Anthyllis vulneraria L. subsp. polyphylla (DC.) Nyman,Anthyllis vulneraria L. subsp. polyphylla (DC.) Nyman,2
2024,21,C,Anthyllis vulneraria L. subsp. praepropera (Kerner) Bornm.,Anthyllis vulneraria L. subsp. rubriflora (DC.) Arcang.,+
2024,21,C,Arabis collina Ten.,Arabis collina Ten.,+
2024,21,C,Armeria canescens (Host) Boiss. subsp. canescens,Armeria gracilis Ten. subsp. gracilis,+
2024,21,C,Asperula cynanchica L.,Cynanchica pyrenaica (L.) P.Caputo & Del Guacchio subsp. cynanchica (L.) P.Caputo & Del Guacchio,+
2024,21,C,Asperula purpurea (L.) Ehrend.,Thliphthisa purpurea (L.) P.Caputo & Del Guacchio subsp. purpurea,+
2024,21,C,Avenula praetutiana (Parl.) Pignatti,"Helictochloa praetutiana (Parl. ex Arcang.) Bartolucci, F.Conti, Peruzzi & Banfi subsp. praetutiana",+
2024,21,C,Brachypodium rupestre (Host) Roem. & Schult.,Brachypodium rupestre (Host) Roem. & Schult.,3
2024,21,C,Bromus erectus Huds.,Bromopsis erecta (Huds.) Fourr.,2
2024,21,C,Bupleurum falcatum L. subsp. cernuum (Ten.) Arcang.,Bupleurum falcatum L. subsp. cernuum (Nyman) Arcang.,+
2024,21,C,Centaurea ambigua Guss. subsp. ambigua,Centaurea arrigonii Greuter,+
2024,21,C,Centaurea triumfettii All.,Centaurea triumfettii All.,+
2024,21,C,Cerastium arvense L. subsp. suffruticosum (L.) Nym.,Cerastium arvense L. subsp. suffruticosum (L.) Ces.,+
2024,21,C,Coronilla minima L.,Coronilla minima L.,+
2024,21,C,Dianthus carthusianorum L. subsp. tenorei (Lacaita) Pignatti,Dianthus carthusianorum L. subsp. carthusianorum,+
2024,21,C,Eryngium amethystinum L.,Eryngium amethystinum L.,2
2024,21,C,Festuca circummediterranea Patzke,Festuca circummediterranea Patzke,1
2024,21,C,Festuca inops De Not.,Festuca inops De Not.,+
2024,21,C,Festuca nigrescens Lam. subsp. microphylla (St.-Yves) Mgf.-Dbg.,Festuca rubra L. subsp. commutata (Gaudin) Markgr.-Dann.,+
2024,21,C,Galium corrudifolium Vill.,Galium corrudifolium Vill.,1
2024,21,C,Galium verum L. subsp. verum,Galium verum L. subsp. verum,+
2024,21,C,Helianthemum nummularium (L.) Mill. subsp. obscurum (Čelak.) Holub,Helianthemum nummularium (L.) Mill. subsp. obscurum (Čelak.) Holub,+
2024,21,C,Hieracium pilosella L.,Pilosella officinarum F.W.Schultz & Sch.Bip.,+
2024,21,C,Hypericum perforatum L. subsp. angustifolium (DC.) Gaudin,Hypericum perforatum L. subsp. veronense (Schrank) Ces.,1
2024,21,C,Knautia purpurea (Vill.) Borbás,Knautia calycina (C.Presl) Guss.,1
2024,21,C,Koeleria macrantha (Ledeb.) Sprengel,Koeleria macrantha (Ledeb.) Schult. subsp. macrantha,+
2024,21,C,Leontodon hispidus,Leontodon hispidus L. subsp. hispidus,+
2024,21,C,Lotus corniculatus L.,Lotus corniculatus L. subsp. corniculatus,+
2024,21,C,Luzula campestris (L.) DC.,Luzula campestris (L.) DC. subsp. campestris,+
2024,21,C,Medicago lupulina L.,Medicago lupulina L.,+
2024,21,C,Muscari neglectum Guss.,Muscari neglectum Guss. ex Ten. & Sangiovanni,+
2024,21,C,Onobrychis viciifolia Scop.,Onobrychis viciifolia Scop.,1
2024,21,C,Ornithogalum umbellatum L.,Ornithogalum etruscum Parl. subsp. etruscum ,+
2024,21,C,Orobanche caryophyllacea Sm.,Orobanche caryophyllacea Sm.,1
2024,21,C,Phleum ambiguum Ten.,Phleum hirsutum Honck. subsp. ambiguum (Ten.) Cif. & Giacom.,1
2024,21,C,Plantago lanceolata L. var. sphaerostachya Mert. et Koch,Plantago lanceolata L.,+
2024,21,C,Polygala nicaeensis Risso subsp. mediterranea Chodat,Polygala nicaeensis Risso ex W.D.J.Koch subsp. mediterranea Chodat,+
2024,21,C,Potentilla tabernaemontani Asch.,Potentilla rigoana Th.Wolf,+
2024,21,C,Rhinanthus alectorolophus (Scop.) Pollich,Rhinanthus alectorolophus (Scop.) Pollich subsp. alectorolophus,+
2024,21,C,Sanguisorba minor Scop. subsp. muricata (Gremli) Briq.,Poterium sanguisorba L. subsp. balearicum (Bourg. ex Nyman) Stace,+
2024,21,C,Sedum rupestre L. subsp. rupestre,Petrosedum rupestre (L.) P.V.Heath,+
2024,21,C,Senecio doronicum L. subsp. doronicum,Senecio doronicum (L.) L. subsp. doronicum,+
2024,21,C,Silene italica (L.) Pers. subsp. italica,Silene italica (L.) Pers. subsp. italica,+
2024,21,C,Tanacetum corymbosum var. tenuifolium (Willd.) Briq. et Cavill.,Tanacetum corymbosum (L.) Sch.Bip. subsp. achilleae (L.) Greuter,1
2024,21,C,Trifolium ochroleucum Huds.,Trifolium ochroleucon Huds.,2
2024,21,C,Vicia tenuifolia Roth,Vicia tenuifolia Roth subsp. tenuifolia,+
2002,22,C,Achillea collina Becker,Achillea collina (Becker ex Wirtg.) Heimerl,p
2002,22,C,Allium sphaerocephalon L.,Allium sphaerocephalon L. subsp. sphaerocephalon,p
2002,22,C,Anthoxanthum odoratum L.,Anthoxanthum odoratum L.,p
2002,22,C,Anthyllis vulneraria L. subsp. praepropera (Kerner) Bornm.,Anthyllis vulneraria L. subsp. rubriflora (DC.) Arcang.,p
2002,22,C,Armeria canescens (Host) Boiss. subsp. canescens,Armeria gracilis Ten. subsp. gracilis,p
2002,22,C,Asperula purpurea (L.) Ehrend.,Thliphthisa purpurea (L.) P.Caputo & Del Guacchio subsp. purpurea,p
2002,22,C,Avenula praetutiana (Parl.) Pignatti,"Helictochloa praetutiana (Parl. ex Arcang.) Bartolucci, F.Conti, Peruzzi & Banfi subsp. praetutiana",p
2002,22,C,Brachypodium rupestre (Host) Roem. & Schult. subsp. rupestre,Brachypodium rupestre (Host) Roem. & Schult.,p
2002,22,C,Bromus erectus Huds.,Bromopsis erecta (Huds.) Fourr.,p
2002,22,C,Bunium bulbocastanum L.,Bunium bulbocastanum L.,p
2002,22,C,Centaurea ambigua Guss. subsp. ambigua,Centaurea arrigonii Greuter,p
2002,22,C,Cirsium morisianum Rchb.,"Lophiolepis morisiana (Rchb.f.) Del Guacchio, Bureš, Iamonico & P.Caputo",p
2002,22,C,Cuscuta epithymum (L.) L.,Cuscuta epithymum (L.) L. subsp. epithymum ,p
2002,22,C,Eryngium amethystinum L.,Eryngium amethystinum L.,p
2002,22,C,Festuca circummediterranea Patzke,Festuca circummediterranea Patzke,p
2002,22,C,Galium corrudifolium Vill.,Galium corrudifolium Vill.,p
2002,22,C,Galium verum L. subsp. verum,Galium verum L. subsp. verum,p
2002,22,C,Hieracium pilosella L.,Pilosella officinarum F.W.Schultz & Sch.Bip.,p
2002,22,C,Hypericum perforatum L. subsp. angustifolium (DC.) Gaudin,Hypericum perforatum L. subsp. veronense (Schrank) Ces.,p
2002,22,C,Knautia purpurea (Vill.) Borbás,Knautia calycina (C.Presl) Guss.,p
2002,22,C,Linum catharticum L. subsp. catharticum,Linum catharticum L. subsp. catharticum,p
2002,22,C,Lotus corniculatus L.,Lotus corniculatus L. subsp. corniculatus,p
2002,22,C,Muscari neglectum Guss.,Muscari neglectum Guss. ex Ten. & Sangiovanni,p
2002,22,C,Phleum ambiguum Ten.,Phleum hirsutum Honck. subsp. ambiguum (Ten.) Cif. & Giacom.,p
2002,22,C,Plantago lanceolata L. var. lanceolata,Plantago lanceolata L.,p
2002,22,C,Plantago media L.,Plantago media L. subsp. media,p
2002,22,C,Poa alpina L.,Poa alpina L.,p
2002,22,C,Poa molineri Balb.,Poa molinerii Balb.,p
2002,22,C,Potentilla tabernaemontani Asch.,Potentilla rigoana Th.Wolf,p
2002,22,C,Ranunculus bulbosus L. subsp. aleae (Willk.) Rouy et Fouc.,Ranunculus bulbosus L.,p
2002,22,C,Salvia pratensis L. subsp. pratensis,Salvia pratensis L.,p
2002,22,C,Sanguisorba minor Scop. subsp. muricata (Gremli) Briq.,Poterium sanguisorba L. subsp. balearicum (Bourg. ex Nyman) Stace,p
2002,22,C,Sedum acre L.,Sedum acre L.,p
2002,22,C,Senecio doronicum L. subsp. gerardii (G. et G.) Nyman,Senecio apenninus Tausch,p
2002,22,C,Sesleria nitida Ten.,Sesleria nitida Ten.,p
2002,22,C,Silene italica (L.) Pers. subsp. italica,Silene italica (L.) Pers. subsp. italica,p
2002,22,C,Tanacetum corymbosum var. tenuifolium (Willd.) Briq. et Cavill.,Tanacetum corymbosum (L.) Sch.Bip. subsp. achilleae (L.) Greuter,p
2002,22,C,Teucrium chamaedrys L.,Teucrium chamaedrys L. subsp. chamaedrys,p
2002,22,C,Thymus longicaulis Presl,Thymus longicaulis C.Presl subsp. longicaulis,p
2002,22,C,Thymus sp.,Thymus sp.,p
2002,22,C,Trifolium campestre Schreb.,Trifolium campestre Schreb.,p
2002,22,C,Trifolium ochroleucum Huds.,Trifolium ochroleucon Huds.,p
2002,22,C,Trifolium phleoides Pourr.,Trifolium phleoides Pourr. ex Willd. subsp. phleoides,p
2002,22,C,Vicia onobrychioides L.,Vicia onobrychioides L.,p
2003,22,C,Asperula purpurea (L.) Ehrend.,Thliphthisa purpurea (L.) P.Caputo & Del Guacchio subsp. purpurea,p
2003,22,C,Avenula praetutiana (Parl.) Pignatti,"Helictochloa praetutiana (Parl. ex Arcang.) Bartolucci, F.Conti, Peruzzi & Banfi subsp. praetutiana",p
2003,22,C,Brachypodium rupestre (Host) Roem. & Schult. subsp. rupestre,Brachypodium rupestre (Host) Roem. & Schult.,p
2003,22,C,Bromus erectus Huds.,Bromopsis erecta (Huds.) Fourr.,p
2003,22,C,Bupleurum falcatum L. subsp. cernuum (Ten.) Arcang.,Bupleurum falcatum L. subsp. cernuum (Nyman) Arcang.,p
2003,22,C,Carlina acaulis L.,Carlina acaulis L. subsp. caulescens (Lam.) Schübl. & G.Martens,p
2003,22,C,Centaurea triumfettii All.,Centaurea triumfettii All.,p
2003,22,C,Cerastium arvense L. subsp. suffruticosum (L.) Nym.,Cerastium arvense L. subsp. suffruticosum (L.) Ces.,p
2003,22,C,Clematis vitalba L.,Clematis vitalba L.,p
2003,22,C,Convolvulus arvensis L.,Convolvulus arvensis L.,p
2003,22,C,Cuscuta epithymum (L.) L.,Cuscuta epithymum (L.) L. subsp. epithymum ,p
2003,22,C,Cynosurus echinatus L.,Cynosurus echinatus L.,p
2003,22,C,Dactylis glomerata L.,Dactylis glomerata L. subsp. glomerata,p
2003,22,C,Eryngium amethystinum L.,Eryngium amethystinum L.,p
2003,22,C,Festuca circummediterranea Patzke,Festuca circummediterranea Patzke,p
2003,22,C,Festuca pratensis Hudson,Lolium apenninum (De Not.) Ardenghi & Foggi,p
2003,22,C,Globularia punctata Lapeyr.,Globularia bisnagarica L.,p
2003,22,C,Gymnadenia conopsea (L.) R.Br.,Gymnadenia conopsea (L.) R.Br.,p
2003,22,C,Helianthemum nummularium (L.) Mill. subsp. obscurum (Čelak.) Holub,Helianthemum nummularium (L.) Mill. subsp. obscurum (Čelak.) Holub,p
2003,22,C,Helleborus bocconei Ten. subsp. bocconei,Helleborus viridis L. subsp. bocconei (Ten.) Peruzzi,p
2003,22,C,Hieracium cymosum L.,Pilosella cymosa (L.) F.W.Schultz & Sch.Bip. subsp. sabina (Sebast.) H.P.Fuchs,p
2003,22,C,Hypericum montanum L.,Hypericum montanum L.,p
2003,22,C,Knautia purpurea (Vill.) Borbás,Knautia calycina (C.Presl) Guss.,p
2003,22,C,Lathyrus pratensis L.,Lathyrus pratensis L. subsp. pratensis,p
2003,22,C,Lotus corniculatus L.,Lotus corniculatus L. subsp. corniculatus,p
2003,22,C,Medicago lupulina L.,Medicago lupulina L.,p
2003,22,C,Ononis spinosa L. subsp. spinosa,Ononis spinosa L. subsp. spinosa,p
2003,22,C,Phleum ambiguum Ten.,Phleum hirsutum Honck. subsp. ambiguum (Ten.) Cif. & Giacom.,p
2003,22,C,Plantago media L.,Plantago media L. subsp. media,p
2003,22,C,Rosa canina L.,Rosa canina L.,p
2003,22,C,Senecio doronicum L. subsp. doronicum,Senecio doronicum (L.) L. subsp. doronicum,p
2003,22,C,Sesleria nitida Ten.,Sesleria nitida Ten.,p
2003,22,C,Silene italica (L.) Pers. subsp. italica,Silene italica (L.) Pers. subsp. italica,p
2003,22,C,Teucrium chamaedrys L.,Teucrium chamaedrys L. subsp. chamaedrys,p
2003,22,C,Thymus longicaulis Presl,Thymus longicaulis C.Presl subsp. longicaulis,p
2003,22,C,Trifolium montanum L. subsp. rupestre (Ten.) Pignatti,Trifolium montanum L. subsp. rupestre (Ten.) Nyman,p
2003,22,C,Trifolium ochroleucum Huds.,Trifolium ochroleucon Huds.,p
2015,22,C,Achillea setacea Waldst. & Kit.,Achillea setacea Waldst. & Kit.,+
2015,22,C,Allium vineale L.,Allium vineale L.,+
2015,22,C,Anthoxanthum odoratum L.,Anthoxanthum odoratum L.,+
2015,22,C,Anthyllis vulneraria L. subsp. praepropera (Kerner) Bornm.,Anthyllis vulneraria L. subsp. rubriflora (DC.) Arcang.,+
2015,22,C,Arabis collina Ten.,Arabis collina Ten.,+
2015,22,C,Asperula purpurea (L.) Ehrend.,Thliphthisa purpurea (L.) P.Caputo & Del Guacchio subsp. purpurea,+
2015,22,C,Avenula praetutiana (Parl.) Pignatti,"Helictochloa praetutiana (Parl. ex Arcang.) Bartolucci, F.Conti, Peruzzi & Banfi subsp. praetutiana",+
2015,22,C,Brachypodium rupestre (Host) Roem. & Schult.,Brachypodium rupestre (Host) Roem. & Schult.,2
2015,22,C,Bromus erectus Huds.,Bromopsis erecta (Huds.) Fourr.,3
2015,22,C,Bunium bulbocastanum L.,Bunium bulbocastanum L.,+
2015,22,C,Bupleurum falcatum L. subsp. cernuum (Ten.) Arcang.,Bupleurum falcatum L. subsp. cernuum (Nyman) Arcang.,+
2015,22,C,Centaurea ambigua Guss. subsp. ambigua,Centaurea arrigonii Greuter,+
2015,22,C,Centaurea triumfettii All.,Centaurea triumfettii All.,+
2015,22,C,Dactylis glomerata L.,Dactylis glomerata L. subsp. glomerata,1
2015,22,C,Dianthus carthusianorum L. subsp. tenorei (Lacaita) Pignatti,Dianthus carthusianorum L. subsp. carthusianorum,+
2015,22,C,Eryngium amethystinum L.,Eryngium amethystinum L.,1
2015,22,C,Festuca circummediterranea Patzke,Festuca circummediterranea Patzke,+
2015,22,C,Festuca inops De Not.,Festuca inops De Not.,+
2015,22,C,Galium corrudifolium Vill.,Galium corrudifolium Vill.,+
2015,22,C,Galium verum L. subsp. verum,Galium verum L. subsp. verum,1
2015,22,C,Hypericum perforatum L. subsp. angustifolium (DC.) Gaudin,Hypericum perforatum L. subsp. veronense (Schrank) Ces.,1
2015,22,C,Knautia purpurea (Vill.) Borbás,Knautia calycina (C.Presl) Guss.,+
2015,22,C,Lathyrus pratensis L.,Lathyrus pratensis L. subsp. pratensis,+
2015,22,C,Leontodon crispus Vill.,Leontodon crispus Vill.,+
2015,22,C,Lotus corniculatus L.,Lotus corniculatus L. subsp. corniculatus,+
2015,22,C,Luzula campestris (L.) DC.,Luzula campestris (L.) DC. subsp. campestris,+
2015,22,C,Onobrychis viciifolia Scop.,Onobrychis viciifolia Scop.,+
2015,22,C,Orobanche gracilis Sm.,Orobanche gracilis Sm.,+
2015,22,C,Phleum ambiguum Ten.,Phleum hirsutum Honck. subsp. ambiguum (Ten.) Cif. & Giacom.,+
2015,22,C,Plantago lanceolata L. var. sphaerostachya Mert. et Koch,Plantago lanceolata L.,+
2015,22,C,Potentilla tabernaemontani Asch.,Potentilla rigoana Th.Wolf,+
2015,22,C,Rhinanthus alectorolophus (Scop.) Pollich,Rhinanthus alectorolophus (Scop.) Pollich subsp. alectorolophus,+
2015,22,C,Rhinanthus minor L.,Rhinanthus minor L.,+
2015,22,C,Salvia pratensis L. subsp. pratensis,Salvia pratensis L.,+
2015,22,C,Sanguisorba minor Scop. subsp. muricata (Gremli) Briq.,Poterium sanguisorba L. subsp. balearicum (Bourg. ex Nyman) Stace,+
2015,22,C,Senecio doronicum L. subsp. doronicum,Senecio doronicum (L.) L. subsp. doronicum,+
2015,22,C,Silene italica (L.) Pers. subsp. italica,Silene italica (L.) Pers. subsp. italica,+
2015,22,C,Teucrium chamaedrys L.,Teucrium chamaedrys L. subsp. chamaedrys,+
2015,22,C,Trifolium campestre Schreb.,Trifolium campestre Schreb.,+
2015,22,C,Trifolium montanum L. subsp. rupestre (Ten.) Pignatti,Trifolium montanum L. subsp. rupestre (Ten.) Nyman,+
2015,22,C,Trifolium ochroleucum Huds.,Trifolium ochroleucon Huds.,1
2015,22,C,Vicia onobrychioides L.,Vicia onobrychioides L.,+
2015,22,C,Vicia tenuifolia Roth,Vicia tenuifolia Roth subsp. tenuifolia,+
2015,22,C,Xeranthemum cylindraceum S. et S.,Xeranthemum cylindraceum Sm.,+
2020,22,C,Achillea setacea Waldst. & Kit.,Achillea setacea Waldst. & Kit.,+
2020,22,C,Allium sphaerocephalon L.,Allium sphaerocephalon L. subsp. sphaerocephalon,+
2020,22,C,Allium vineale L.,Allium vineale L.,+
2020,22,C,Anthoxanthum odoratum L.,Anthoxanthum odoratum L.,+
2020,22,C,Arabis collina Ten.,Arabis collina Ten.,+
2020,22,C,Avenula praetutiana (Parl.) Pignatti,"Helictochloa praetutiana (Parl. ex Arcang.) Bartolucci, F.Conti, Peruzzi & Banfi subsp. praetutiana",+
2020,22,C,Brachypodium rupestre (Host) Roem. & Schult.,Brachypodium rupestre (Host) Roem. & Schult.,1
2020,22,C,Bromus erectus Huds.,Bromopsis erecta (Huds.) Fourr.,3
2020,22,C,Bunium bulbocastanum L.,Bunium bulbocastanum L.,+
2020,22,C,Bupleurum falcatum L. subsp. cernuum (Ten.) Arcang.,Bupleurum falcatum L. subsp. cernuum (Nyman) Arcang.,+
2020,22,C,Centaurea ambigua Guss. subsp. ambigua,Centaurea arrigonii Greuter,+
2020,22,C,Dactylis glomerata L.,Dactylis glomerata L. subsp. glomerata,+
2020,22,C,Dianthus carthusianorum L. subsp. tenorei (Lacaita) Pignatti,Dianthus carthusianorum L. subsp. carthusianorum,+
2020,22,C,Eryngium amethystinum L.,Eryngium amethystinum L.,2
2020,22,C,Festuca circummediterranea Patzke,Festuca circummediterranea Patzke,2
2020,22,C,Festuca inops De Not.,Festuca inops De Not.,+
2020,22,C,Festuca trachyphylla (Hackel) Krajina,Festuca trachyphylla (Hack.) R.P.Murray,+
2020,22,C,Galium corrudifolium Vill.,Galium corrudifolium Vill.,+
2020,22,C,Galium verum L. subsp. verum,Galium verum L. subsp. verum,1
2020,22,C,Hypericum perforatum L. subsp. angustifolium (DC.) Gaudin,Hypericum perforatum L. subsp. veronense (Schrank) Ces.,1
2020,22,C,Knautia purpurea (Vill.) Borbás,Knautia calycina (C.Presl) Guss.,+
2020,22,C,Leontodon crispus Vill.,Leontodon crispus Vill.,+
2020,22,C,Lilium bulbiferum L. subsp. croceum (Chaix) Baker,Lilium bulbiferum L. subsp. croceum (Chaix) Jan,+
2020,22,C,Lotus corniculatus L.,Lotus corniculatus L. subsp. corniculatus,+
2020,22,C,Luzula campestris (L.) DC.,Luzula campestris (L.) DC. subsp. campestris,+
2020,22,C,Muscari neglectum Guss.,Muscari neglectum Guss. ex Ten. & Sangiovanni,+
2020,22,C,Onobrychis viciifolia Scop.,Onobrychis viciifolia Scop.,+
2020,22,C,Orobanche gracilis Sm.,Orobanche gracilis Sm.,+
2020,22,C,Phleum ambiguum Ten.,Phleum hirsutum Honck. subsp. ambiguum (Ten.) Cif. & Giacom.,+
2020,22,C,Plantago lanceolata L. var. sphaerostachya Mert. et Koch,Plantago lanceolata L.,+
2020,22,C,Polygala nicaeensis Risso subsp. mediterranea Chodat,Polygala nicaeensis Risso ex W.D.J.Koch subsp. mediterranea Chodat,+
2020,22,C,Potentilla tabernaemontani Asch.,Potentilla rigoana Th.Wolf,+
2020,22,C,Rhinanthus alectorolophus (Scop.) Pollich,Rhinanthus alectorolophus (Scop.) Pollich subsp. alectorolophus,+
2020,22,C,Sedum rupestre L. subsp. rupestre,Petrosedum rupestre (L.) P.V.Heath,+
2020,22,C,Senecio doronicum L. subsp. doronicum,Senecio doronicum (L.) L. subsp. doronicum,+
2020,22,C,Silene italica (L.) Pers. subsp. italica,Silene italica (L.) Pers. subsp. italica,+
2020,22,C,Tanacetum corymbosum var. tenuifolium (Willd.) Briq. et Cavill.,Tanacetum corymbosum (L.) Sch.Bip. subsp. achilleae (L.) Greuter,+
2020,22,C,Teucrium chamaedrys L.,Teucrium chamaedrys L. subsp. chamaedrys,+
2020,22,C,Trifolium ochroleucum Huds.,Trifolium ochroleucon Huds.,2
2020,22,C,Vicia onobrychioides L.,Vicia onobrychioides L.,+
2020,22,C,Vicia tenuifolia Roth,Vicia tenuifolia Roth subsp. tenuifolia,+
2020,22,C,Xeranthemum cylindraceum S. et S.,Xeranthemum cylindraceum Sm.,+
2024,22,C,Achillea setacea Waldst. & Kit.,Achillea setacea Waldst. & Kit.,+
2024,22,C,Anthoxanthum odoratum L.,Anthoxanthum odoratum L.,+
2024,22,C,Armeria canescens (Host) Boiss. subsp. canescens,Armeria gracilis Ten. subsp. gracilis,+
2024,22,C,Avenula praetutiana (Parl.) Pignatti,"Helictochloa praetutiana (Parl. ex Arcang.) Bartolucci, F.Conti, Peruzzi & Banfi subsp. praetutiana",+
2024,22,C,Brachypodium rupestre (Host) Roem. & Schult.,Brachypodium rupestre (Host) Roem. & Schult.,3
2024,22,C,Bromus erectus Huds.,Bromopsis erecta (Huds.) Fourr.,1
2024,22,C,Bunium bulbocastanum L.,Bunium bulbocastanum L.,+
2024,22,C,Centaurea ambigua Guss. subsp. ambigua,Centaurea arrigonii Greuter,+
2024,22,C,Dactylis glomerata L.,Dactylis glomerata L. subsp. glomerata,1
2024,22,C,Eryngium amethystinum L.,Eryngium amethystinum L.,2
2024,22,C,Festuca circummediterranea Patzke,Festuca circummediterranea Patzke,1
2024,22,C,Festuca inops De Not.,Festuca inops De Not.,+
2024,22,C,Festuca trachyphylla (Hackel) Krajina,Festuca trachyphylla (Hack.) R.P.Murray,1
2024,22,C,Galium corrudifolium Vill.,Galium corrudifolium Vill.,+
2024,22,C,Galium verum L. subsp. verum,Galium verum L. subsp. verum,1
2024,22,C,Helianthemum nummularium (L.) Mill. subsp. obscurum (Čelak.) Holub,Helianthemum nummularium (L.) Mill. subsp. obscurum (Čelak.) Holub,+
2024,22,C,Hypericum perforatum L. subsp. angustifolium (DC.) Gaudin,Hypericum perforatum L. subsp. veronense (Schrank) Ces.,1
2024,22,C,Knautia purpurea (Vill.) Borbás,Knautia calycina (C.Presl) Guss.,+
2024,22,C,Lotus corniculatus L.,Lotus corniculatus L. subsp. corniculatus,+
2024,22,C,Luzula campestris (L.) DC.,Luzula campestris (L.) DC. subsp. campestris,+
2024,22,C,Medicago lupulina L.,Medicago lupulina L.,+
2024,22,C,Phleum ambiguum Ten.,Phleum hirsutum Honck. subsp. ambiguum (Ten.) Cif. & Giacom.,1
2024,22,C,Plantago lanceolata L. var. sphaerostachya Mert. et Koch,Plantago lanceolata L.,+
2024,22,C,Polygala nicaeensis Risso subsp. mediterranea Chodat,Polygala nicaeensis Risso ex W.D.J.Koch subsp. mediterranea Chodat,+
2024,22,C,Potentilla tabernaemontani Asch.,Potentilla rigoana Th.Wolf,+
2024,22,C,Rumex acetosa L.,Rumex acetosa L. subsp. acetosa,+
2024,22,C,Salvia pratensis L. subsp. pratensis,Salvia pratensis L.,+
2024,22,C,Sanguisorba minor Scop. subsp. muricata (Gremli) Briq.,Poterium sanguisorba L. subsp. balearicum (Bourg. ex Nyman) Stace,+
2024,22,C,Senecio doronicum L. subsp. doronicum,Senecio doronicum (L.) L. subsp. doronicum,+
2024,22,C,Silene italica (L.) Pers. subsp. italica,Silene italica (L.) Pers. subsp. italica,+
2024,22,C,Tanacetum corymbosum var. tenuifolium (Willd.) Briq. et Cavill.,Tanacetum corymbosum (L.) Sch.Bip. subsp. achilleae (L.) Greuter,+
2024,22,C,Teucrium chamaedrys L.,Teucrium chamaedrys L. subsp. chamaedrys,+
2024,22,C,Trifolium campestre Schreb.,Trifolium campestre Schreb.,1
2024,22,C,Trifolium ochroleucum Huds.,Trifolium ochroleucon Huds.,1
2024,22,C,Veronica chamaedrys L.,Veronica chamaedrys L. subsp. chamaedrys,+
2024,22,C,Vicia onobrychioides L.,Vicia onobrychioides L.,2
2024,22,C,Vicia tenuifolia Roth,Vicia tenuifolia Roth subsp. tenuifolia,+
2024,22,C,Xeranthemum cylindraceum S. et S.,Xeranthemum cylindraceum Sm.,+
2002,23,C,Achillea millefolium L.,Achillea millefolium L. subsp. millefolium,p
2002,23,C,Allium sphaerocephalon L.,Allium sphaerocephalon L. subsp. sphaerocephalon,p
2002,23,C,Allium vineale L.,Allium vineale L.,p
2002,23,C,Anthyllis vulneraria L. subsp. praepropera (Kerner) Bornm.,Anthyllis vulneraria L. subsp. rubriflora (DC.) Arcang.,p
2002,23,C,Armeria canescens (Host) Boiss. subsp. canescens,Armeria gracilis Ten. subsp. gracilis,p
2002,23,C,Brachypodium rupestre (Host) Roem. & Schult. subsp. rupestre,Brachypodium rupestre (Host) Roem. & Schult.,p
2002,23,C,Bromus erectus Huds.,Bromopsis erecta (Huds.) Fourr.,p
2002,23,C,Bunium bulbocastanum L.,Bunium bulbocastanum L.,p
2002,23,C,Bupleurum falcatum L. subsp. cernuum (Ten.) Arcang.,Bupleurum falcatum L. subsp. cernuum (Nyman) Arcang.,p
2002,23,C,Centaurea ambigua Guss. subsp. ambigua,Centaurea arrigonii Greuter,p
2002,23,C,Centaurea bracteata Scop.,Centaurea jacea L. subsp. gaudinii (Boiss. & Reut.) Gremli,p
2002,23,C,Centaurea triumfettii All.,Centaurea triumfettii All.,p
2002,23,C,Cerastium arvense L. subsp. suffruticosum (L.) Nym.,Cerastium arvense L. subsp. suffruticosum (L.) Ces.,p
2002,23,C,Chaerophyllum aureum L.,Chaerophyllum aureum L.,p
2002,23,C,Cirsium morisianum Rchb.,"Lophiolepis morisiana (Rchb.f.) Del Guacchio, Bureš, Iamonico & P.Caputo",p
2002,23,C,Convolvulus arvensis L.,Convolvulus arvensis L.,p
2002,23,C,Cruciata laevipes Opiz,Cruciata laevipes Opiz,p
2002,23,C,Dactylis glomerata L.,Dactylis glomerata L. subsp. glomerata,p
2002,23,C,Dianthus carthusianorum L. subsp. tenorei (Lacaita) Pignatti,Dianthus carthusianorum L. subsp. carthusianorum,p
2002,23,C,Eryngium amethystinum L.,Eryngium amethystinum L.,p
2002,23,C,Euphorbia gasparrinii Boiss. subsp. samnitica (Fiori) Pignatti,Euphorbia gasparrinii Boiss. subsp. samnitica (Fiori) Pignatti,p
2002,23,C,Fagus sylvatica L.,Fagus sylvatica L. subsp. sylvatica,p
2002,23,C,Festuca circummediterranea Patzke,Festuca circummediterranea Patzke,p
2002,23,C,Galium corrudifolium Vill.,Galium corrudifolium Vill.,p
2002,23,C,Galium mollugo L.,Galium mollugo L.,p
2002,23,C,Galium verum L. subsp. verum,Galium verum L. subsp. verum,p
2002,23,C,Helianthemum nummularium (L.) Mill. subsp. obscurum (Čelak.) Holub,Helianthemum nummularium (L.) Mill. subsp. obscurum (Čelak.) Holub,p
2002,23,C,Knautia purpurea (Vill.) Borbás,Knautia calycina (C.Presl) Guss.,p
2002,23,C,Lamium garganicum L. subsp. laevigatum Arcang.,Lamium garganicum L. subsp. longiflorum (Ten.) Kerguélen,p
2002,23,C,Lathyrus pratensis L.,Lathyrus pratensis L. subsp. pratensis,p
2002,23,C,Lotus corniculatus L.,Lotus corniculatus L. subsp. corniculatus,p
2002,23,C,Medicago lupulina L.,Medicago lupulina L.,p
2002,23,C,Orobanche alba Stephan,Orobanche alba Stephan ex Willd.,p
2002,23,C,Phleum ambiguum Ten.,Phleum hirsutum Honck. subsp. ambiguum (Ten.) Cif. & Giacom.,p
2002,23,C,Plantago media L.,Plantago media L. subsp. media,p
2002,23,C,Poa trivialis L.,Poa trivialis L.,p
2002,23,C,Potentilla tabernaemontani Asch.,Potentilla rigoana Th.Wolf,p
2002,23,C,Primula veris L. subsp. columnae (Ten.) Ludi,Primula veris L. subsp. columnae (Ten.) Maire & Petitm.,p
2002,23,C,Ranunculus illyricus L.,Ranunculus illyricus L.,p
2002,23,C,Rhinanthus alectorolophus (Scop.) Pollich,Rhinanthus alectorolophus (Scop.) Pollich subsp. alectorolophus,p
2002,23,C,Rosa canina L.,Rosa canina L.,p
2002,23,C,Rumex acetosa L.,Rumex acetosa L. subsp. acetosa,p
2002,23,C,Saxifraga bulbifera L.,Saxifraga bulbifera L.,p
2002,23,C,Senecio doronicum L. subsp. doronicum,Senecio doronicum (L.) L. subsp. doronicum,p
2002,23,C,Silene italica (L.) Pers. subsp. italica,Silene italica (L.) Pers. subsp. italica,p
2002,23,C,Silene vulgaris (Moench) Garcke subsp. vulgaris,Silene vulgaris (Moench) Garcke subsp. vulgaris,p
2002,23,C,Solenanthus apenninus (L.) Fischer et C.A. Meyer,Cynoglossum apenninum L.,p
2002,23,C,Stachys salviifolia Ten.,Stachys germanica L. subsp. salviifolia (Ten.) Gams,p
2002,23,C,Teucrium chamaedrys L.,Teucrium chamaedrys L. subsp. chamaedrys,p
2002,23,C,Thymus longicaulis Presl,Thymus longicaulis C.Presl subsp. longicaulis,p
2002,23,C,Tragopogon pratensis L. subsp. orientalis (L.) Čelak.,Tragopogon orientalis L.,p
2002,23,C,Trifolium ochroleucum Huds.,Trifolium ochroleucon Huds.,p
2002,23,C,Trifolium pratense L. subsp. pratense,Trifolium pratense L. subsp. pratense,p
2002,23,C,Trifolium repens L. subsp. repens,Trifolium repens L.,p
2002,23,C,Vicia onobrychioides L.,Vicia onobrychioides L.,p
2002,23,C,Viola odorata L.,Viola odorata L.,p
2003,23,C,Achillea collina Becker,Achillea collina (Becker ex Wirtg.) Heimerl,p
2003,23,C,Allium vineale L.,Allium vineale L.,p
2003,23,C,Anthyllis vulneraria L. subsp. praepropera (Kerner) Bornm.,Anthyllis vulneraria L. subsp. rubriflora (DC.) Arcang.,p
2003,23,C,Armeria canescens (Host) Boiss. subsp. canescens,Armeria gracilis Ten. subsp. gracilis,p
2003,23,C,Asperula cynanchica L.,Cynanchica pyrenaica (L.) P.Caputo & Del Guacchio subsp. cynanchica (L.) P.Caputo & Del Guacchio,p
2003,23,C,Asperula purpurea (L.) Ehrend.,Thliphthisa purpurea (L.) P.Caputo & Del Guacchio subsp. purpurea,p
2003,23,C,Brachypodium rupestre (Host) Roem. & Schult. subsp. rupestre,Brachypodium rupestre (Host) Roem. & Schult.,p
2003,23,C,Bromus erectus Huds.,Bromopsis erecta (Huds.) Fourr.,p
2003,23,C,Bupleurum falcatum L. subsp. cernuum (Ten.) Arcang.,Bupleurum falcatum L. subsp. cernuum (Nyman) Arcang.,p
2003,23,C,Carex macrolepis DC.,Carex macrolepis DC.,p
2003,23,C,Centaurea triumfettii All.,Centaurea triumfettii All.,p
2003,23,C,Cerastium arvense L. subsp. suffruticosum (L.) Nym.,Cerastium arvense L. subsp. suffruticosum (L.) Ces.,p
2003,23,C,Dianthus sylvestris Wulfen subsp. garganicus (Grande) Pignatti,Dianthus virgineus L.,p
2003,23,C,Eryngium amethystinum L.,Eryngium amethystinum L.,p
2003,23,C,Festuca circummediterranea Patzke,Festuca circummediterranea Patzke,p
2003,23,C,Hieracium cymosum L.,Pilosella cymosa (L.) F.W.Schultz & Sch.Bip. subsp. sabina (Sebast.) H.P.Fuchs,p
2003,23,C,Hieracium pilosella L.,Pilosella officinarum F.W.Schultz & Sch.Bip.,p
2003,23,C,Hippocrepis comosa L.,Hippocrepis comosa L. subsp. comosa,p
2003,23,C,Knautia purpurea (Vill.) Borbás,Knautia calycina (C.Presl) Guss.,p
2003,23,C,Koeleria splendens Presl,Koeleria splendens C.Presl,p
2003,23,C,Lotus corniculatus L.,Lotus corniculatus L. subsp. corniculatus,p
2003,23,C,Orchis sambucina L.,Dactylorhiza sambucina (L.) Soó,p
2003,23,C,Phleum ambiguum Ten.,Phleum hirsutum Honck. subsp. ambiguum (Ten.) Cif. & Giacom.,p
2003,23,C,Plantago lanceolata L. var. lanceolata,Plantago lanceolata L.,p
2003,23,C,Plantago media L.,Plantago media L. subsp. media,p
2003,23,C,Poa molineri Balb.,Poa molinerii Balb.,p
2003,23,C,Saxifraga bulbifera L.,Saxifraga bulbifera L.,p
2003,23,C,Sedum rupestre L. subsp. rupestre,Petrosedum rupestre (L.) P.V.Heath,p
2003,23,C,Sedum sexangulare L.,Sedum sexangulare L.,p
2003,23,C,Sesleria nitida Ten.,Sesleria nitida Ten.,p
2003,23,C,Silene italica (L.) Pers. subsp. italica,Silene italica (L.) Pers. subsp. italica,p
2003,23,C,Teucrium chamaedrys L.,Teucrium chamaedrys L. subsp. chamaedrys,p
2003,23,C,Thymus longicaulis Presl,Thymus longicaulis C.Presl subsp. longicaulis,p
2003,23,C,Trifolium montanum L. subsp. rupestre (Ten.) Pignatti,Trifolium montanum L. subsp. rupestre (Ten.) Nyman,p
2003,23,C,Trifolium ochroleucum Huds.,Trifolium ochroleucon Huds.,p
2015,23,A,Fagus sylvatica L.,Fagus sylvatica L. subsp. sylvatica,1
2015,23,B,Rosa canina L.,Rosa canina L.,1
2015,23,C,Achillea collina Becker,Achillea collina (Becker ex Wirtg.) Heimerl,+
2015,23,C,Agropyron repens (L.) Beauv.,Elymus repens (L.) Gould subsp. repens,1
2015,23,C,Anchusa barrelieri (All.) Vitman,Cynoglottis barrelieri (All.) Vural & Kit Tan subsp. barrelieri,+
2015,23,C,Arctium nemorosum Lej. et Court.,Arctium nemorosum Lej.,+
2015,23,C,Avenula praetutiana (Parl.) Pignatti,"Helictochloa praetutiana (Parl. ex Arcang.) Bartolucci, F.Conti, Peruzzi & Banfi subsp. praetutiana",+
2015,23,C,Brachypodium rupestre (Host) Roem. & Schult.,Brachypodium rupestre (Host) Roem. & Schult.,1
2015,23,C,Bromus erectus Huds.,Bromopsis erecta (Huds.) Fourr.,2
2015,23,C,Bromus ramosus Huds.,Bromopsis ramosa (Huds.) Holub subsp. ramosa,+
2015,23,C,Bunium bulbocastanum L.,Bunium bulbocastanum L.,+
2015,23,C,Centaurea ambigua Guss. subsp. ambigua,Centaurea arrigonii Greuter,+
2015,23,C,Centaurea triumfettii All.,Centaurea triumfettii All.,+
2015,23,C,Chaerophyllum aureum L.,Chaerophyllum aureum L.,+
2015,23,C,Chaerophyllum temulum L.,Chaerophyllum temulum L.,2
2015,23,C,Cirsium vulgare (Savi) Ten. subsp. vulgare,Cirsium vulgare (Savi) Ten.,+
2015,23,C,Convolvulus arvensis L.,Convolvulus arvensis L.,+
2015,23,C,Cruciata laevipes Opiz,Cruciata laevipes Opiz,+
2015,23,C,Dactylis glomerata L.,Dactylis glomerata L. subsp. glomerata,2
2015,23,C,Dianthus carthusianorum L. subsp. tenorei (Lacaita) Pignatti,Dianthus carthusianorum L. subsp. carthusianorum,+
2015,23,C,Eryngium amethystinum L.,Eryngium amethystinum L.,+
2015,23,C,Euphorbia gasparrinii Boiss. subsp. samnitica (Fiori) Pignatti,Euphorbia gasparrinii Boiss. subsp. samnitica (Fiori) Pignatti,+
2015,23,C,Festuca circummediterranea Patzke,Festuca circummediterranea Patzke,+
2015,23,C,Galium aparine L.,Galium aparine L.,+
2015,23,C,Galium corrudifolium Vill.,Galium corrudifolium Vill.,+
2015,23,C,Galium mollugo L.,Galium mollugo L.,1
2015,23,C,Galium verum L. subsp. verum,Galium verum L. subsp. verum,+
2015,23,C,Geranium rotundifolium L.,Geranium rotundifolium L.,+
2015,23,C,Helleborus bocconei Ten. subsp. bocconei,Helleborus viridis L. subsp. bocconei (Ten.) Peruzzi,+
2015,23,C,Hypericum perforatum L. subsp. angustifolium (DC.) Gaudin,Hypericum perforatum L. subsp. veronense (Schrank) Ces.,+
2015,23,C,Knautia purpurea (Vill.) Borbás,Knautia calycina (C.Presl) Guss.,+
2015,23,C,Lamium garganicum L. subsp. laevigatum Arcang.,Lamium garganicum L. subsp. longiflorum (Ten.) Kerguélen,+
2015,23,C,Lathyrus pratensis L.,Lathyrus pratensis L. subsp. pratensis,1
2015,23,C,Lotus corniculatus L.,Lotus corniculatus L. subsp. corniculatus,+
2015,23,C,Onobrychis viciifolia Scop.,Onobrychis viciifolia Scop.,+
2015,23,C,Phleum ambiguum Ten.,Phleum hirsutum Honck. subsp. ambiguum (Ten.) Cif. & Giacom.,+
2015,23,C,Plantago lanceolata L. var. lanceolata,Plantago lanceolata L.,+
2015,23,C,Plantago media L.,Plantago media L. subsp. media,+
2015,23,C,Poa trivialis L.,Poa trivialis L.,+
2015,23,C,Potentilla tabernaemontani Asch.,Potentilla rigoana Th.Wolf,+
2015,23,C,Prunus mahaleb L.,Prunus mahaleb L. subsp. mahaleb,+
2015,23,C,Rumex acetosa L.,Rumex acetosa L. subsp. acetosa,+
2015,23,C,Sedum sexangulare L.,Sedum sexangulare L.,+
2015,23,C,Senecio doronicum L. subsp. doronicum,Senecio doronicum (L.) L. subsp. doronicum,+
2015,23,C,Silene vulgaris (Moench) Garcke subsp. vulgaris,Silene vulgaris (Moench) Garcke subsp. vulgaris,+
2015,23,C,Stachys tymphaea Hausskn.,Stachys tymphaea Hausskn.,+
2015,23,C,Teucrium chamaedrys L.,Teucrium chamaedrys L. subsp. chamaedrys,+
2015,23,C,Trifolium campestre Schreb.,Trifolium campestre Schreb.,+
2015,23,C,Trifolium ochroleucum Huds.,Trifolium ochroleucon Huds.,+
2015,23,C,Trifolium pratense L. subsp. pratense,Trifolium pratense L. subsp. pratense,+
2015,23,C,Urtica dioica L.,Urtica dioica L.,+
2015,23,C,Vicia onobrychioides L.,Vicia onobrychioides L.,+
2015,23,C,Viola odorata L.,Viola odorata L.,+
2020,23,A,Fagus sylvatica L.,Fagus sylvatica L. subsp. sylvatica,1
2020,23,B,Rosa canina L.,Rosa canina L.,2
2020,23,C,Achillea collina Becker,Achillea collina (Becker ex Wirtg.) Heimerl,+
2020,23,C,Achillea millefolium L.,Achillea millefolium L. subsp. millefolium,+
2020,23,C,Agropyron repens (L.) Beauv.,Elymus repens (L.) Gould subsp. repens,2
2020,23,C,Anchusa barrelieri (All.) Vitman,Cynoglottis barrelieri (All.) Vural & Kit Tan subsp. barrelieri,+
2020,23,C,Arctium nemorosum Lej. et Court.,Arctium nemorosum Lej.,+
2020,23,C,Arrhenatherum elatius (L.) Presl subsp. elatius,Arrhenatherum elatius (L.) P.Beauv. ex J.Presl & C.Presl subsp. elatius,+
2020,23,C,Brachypodium rupestre (Host) Roem. & Schult.,Brachypodium rupestre (Host) Roem. & Schult.,3
2020,23,C,Bromus erectus Huds.,Bromopsis erecta (Huds.) Fourr.,1
2020,23,C,Bromus ramosus Huds.,Bromopsis ramosa (Huds.) Holub subsp. ramosa,+
2020,23,C,Bunium bulbocastanum L.,Bunium bulbocastanum L.,+
2020,23,C,Centaurea ambigua Guss. subsp. ambigua,Centaurea arrigonii Greuter,+
2020,23,C,Centaurea triumfettii All.,Centaurea triumfettii All.,+
2020,23,C,Chaerophyllum aureum L.,Chaerophyllum aureum L.,2
2020,23,C,Cirsium vulgare (Savi) Ten. subsp. vulgare,Cirsium vulgare (Savi) Ten.,+
2020,23,C,Convolvulus arvensis L.,Convolvulus arvensis L.,1
2020,23,C,Cruciata laevipes Opiz,Cruciata laevipes Opiz,+
2020,23,C,Cynosurus echinatus L.,Cynosurus echinatus L.,+
2020,23,C,Dactylis glomerata L.,Dactylis glomerata L. subsp. glomerata,+
2020,23,C,Dianthus carthusianorum L. subsp. tenorei (Lacaita) Pignatti,Dianthus carthusianorum L. subsp. carthusianorum,+
2020,23,C,Eryngium amethystinum L.,Eryngium amethystinum L.,1
2020,23,C,Euphorbia gasparrinii Boiss. subsp. samnitica (Fiori) Pignatti,Euphorbia gasparrinii Boiss. subsp. samnitica (Fiori) Pignatti,1
2020,23,C,Festuca pratensis Hudson,Lolium apenninum (De Not.) Ardenghi & Foggi,+
2020,23,C,Festuca trachyphylla (Hackel) Krajina,Festuca trachyphylla (Hack.) R.P.Murray,+
2020,23,C,Galium aparine L.,Galium aparine L.,1
2020,23,C,Galium corrudifolium Vill.,Galium corrudifolium Vill.,+
2020,23,C,Galium mollugo L.,Galium mollugo L.,+
2020,23,C,Galium verum L. subsp. verum,Galium verum L. subsp. verum,1
2020,23,C,Helleborus bocconei Ten. subsp. bocconei,Helleborus viridis L. subsp. bocconei (Ten.) Peruzzi,+
2020,23,C,Knautia purpurea (Vill.) Borbás,Knautia calycina (C.Presl) Guss.,+
2020,23,C,Lamium garganicum L. subsp. laevigatum Arcang.,Lamium garganicum L. subsp. longiflorum (Ten.) Kerguélen,+
2020,23,C,Lathyrus pratensis L.,Lathyrus pratensis L. subsp. pratensis,+
2020,23,C,Lotus corniculatus L.,Lotus corniculatus L. subsp. corniculatus,+
2020,23,C,Onobrychis viciifolia Scop.,Onobrychis viciifolia Scop.,+
2020,23,C,Phleum ambiguum Ten.,Phleum hirsutum Honck. subsp. ambiguum (Ten.) Cif. & Giacom.,+
2020,23,C,Poa trivialis L.,Poa trivialis L.,1
2020,23,C,Potentilla reptans L.,Potentilla reptans L.,+
2020,23,C,Salvia pratensis L. subsp. pratensis,Salvia pratensis L.,+
2020,23,C,Senecio doronicum L. subsp. doronicum,Senecio doronicum (L.) L. subsp. doronicum,+
2020,23,C,Silene italica (L.) Pers. subsp. italica,Silene italica (L.) Pers. subsp. italica,+
2020,23,C,Silene vulgaris (Moench) Garcke subsp. vulgaris,Silene vulgaris (Moench) Garcke subsp. vulgaris,+
2020,23,C,Stachys tymphaea Hausskn.,Stachys tymphaea Hausskn.,+
2020,23,C,Trifolium campestre Schreb.,Trifolium campestre Schreb.,+
2020,23,C,Trifolium pratense L. subsp. pratense,Trifolium pratense L. subsp. pratense,+
2020,23,C,Trifolium repens L. subsp. repens,Trifolium repens L.,+
2020,23,C,Urtica dioica L.,Urtica dioica L.,1
2020,23,C,Veronica chamaedrys L.,Veronica chamaedrys L. subsp. chamaedrys,+
2020,23,C,Vicia onobrychioides L.,Vicia onobrychioides L.,1
2020,23,C,Vicia tenuifolia Roth,Vicia tenuifolia Roth subsp. tenuifolia,+
2024,23,A,Fagus sylvatica L.,Fagus sylvatica L. subsp. sylvatica,2
2024,23,B,Rosa canina L.,Rosa canina L.,2
2024,23,C,Achillea millefolium L.,Achillea millefolium L. subsp. millefolium,+
2024,23,C,Agropyron repens (L.) Beauv.,Elymus repens (L.) Gould subsp. repens,2
2024,23,C,Anchusa barrelieri (All.) Vitman,Cynoglottis barrelieri (All.) Vural & Kit Tan subsp. barrelieri,+
2024,23,C,Arctium nemorosum Lej. et Court.,Arctium nemorosum Lej.,1
2024,23,C,Arrhenatherum elatius (L.) Presl subsp. elatius,Arrhenatherum elatius (L.) P.Beauv. ex J.Presl & C.Presl subsp. elatius,+
2024,23,C,Brachypodium rupestre (Host) Roem. & Schult.,Brachypodium rupestre (Host) Roem. & Schult.,2
2024,23,C,Bromus erectus Huds.,Bromopsis erecta (Huds.) Fourr.,1
2024,23,C,Bromus sterilis L.,Anisantha sterilis (L.) Nevski,+
2024,23,C,Bunium bulbocastanum L.,Bunium bulbocastanum L.,+
2024,23,C,Centaurea ambigua Guss. subsp. ambigua,Centaurea arrigonii Greuter,+
2024,23,C,Centaurea bracteata Scop.,Centaurea jacea L. subsp. gaudinii (Boiss. & Reut.) Gremli,+
2024,23,C,Centaurea triumfettii All.,Centaurea triumfettii All.,+
2024,23,C,Chaerophyllum aureum L.,Chaerophyllum aureum L.,2
2024,23,C,Chamaecytisus hirsutus (L.) Link,Cytisus hirsutus L.,+
2024,23,C,Convolvulus arvensis L.,Convolvulus arvensis L.,+
2024,23,C,Cruciata laevipes Opiz,Cruciata laevipes Opiz,+
2024,23,C,Cynosurus echinatus L.,Cynosurus echinatus L.,+
2024,23,C,Dactylis glomerata L.,Dactylis glomerata L. subsp. glomerata,1
2024,23,C,Dianthus carthusianorum L. subsp. tenorei (Lacaita) Pignatti,Dianthus carthusianorum L. subsp. carthusianorum,+
2024,23,C,Eryngium amethystinum L.,Eryngium amethystinum L.,2
2024,23,C,Euphorbia gasparrinii Boiss. subsp. samnitica (Fiori) Pignatti,Euphorbia gasparrinii Boiss. subsp. samnitica (Fiori) Pignatti,+
2024,23,C,Festuca circummediterranea Patzke,Festuca circummediterranea Patzke,+
2024,23,C,Festuca trachyphylla (Hackel) Krajina,Festuca trachyphylla (Hack.) R.P.Murray,1
2024,23,C,Galium aparine L.,Galium aparine L.,+
2024,23,C,Galium corrudifolium Vill.,Galium corrudifolium Vill.,+
2024,23,C,Galium mollugo L.,Galium mollugo L.,1
2024,23,C,Galium verum L. subsp. verum,Galium verum L. subsp. verum,1
2024,23,C,Geranium rotundifolium L.,Geranium rotundifolium L.,+
2024,23,C,Helleborus bocconei Ten. subsp. bocconei,Helleborus viridis L. subsp. bocconei (Ten.) Peruzzi,+
2024,23,C,Hypericum perforatum L. subsp. angustifolium (DC.) Gaudin,Hypericum perforatum L. subsp. veronense (Schrank) Ces.,+
2024,23,C,Knautia purpurea (Vill.) Borbás,Knautia calycina (C.Presl) Guss.,+
2024,23,C,Lamium garganicum L. subsp. laevigatum Arcang.,Lamium garganicum L. subsp. longiflorum (Ten.) Kerguélen,+
2024,23,C,Lathyrus pratensis L.,Lathyrus pratensis L. subsp. pratensis,1
2024,23,C,Onobrychis viciifolia Scop.,Onobrychis viciifolia Scop.,+
2024,23,C,Ornithogalum umbellatum L.,Ornithogalum etruscum Parl. subsp. etruscum ,+
2024,23,C,Orobanche caryophyllacea Sm.,Orobanche caryophyllacea Sm.,+
2024,23,C,Phleum ambiguum Ten.,Phleum hirsutum Honck. subsp. ambiguum (Ten.) Cif. & Giacom.,+
2024,23,C,Plantago media L.,Plantago media L. subsp. media,+
2024,23,C,Poa trivialis L.,Poa trivialis L.,1
2024,23,C,Primula veris L. subsp. columnae (Ten.) Ludi,Primula veris L. subsp. columnae (Ten.) Maire & Petitm.,+
2024,23,C,Ranunculus lanuginosus L.,Ranunculus lanuginosus L.,+
2024,23,C,Senecio doronicum L. subsp. doronicum,Senecio doronicum (L.) L. subsp. doronicum,+
2024,23,C,Teucrium chamaedrys L.,Teucrium chamaedrys L. subsp. chamaedrys,+
2024,23,C,Trifolium ochroleucum Huds.,Trifolium ochroleucon Huds.,+
2024,23,C,Trifolium pratense L. subsp. pratense,Trifolium pratense L. subsp. pratense,+
2024,23,C,Urtica dioica L.,Urtica dioica L.,1
2024,23,C,Vicia onobrychioides L.,Vicia onobrychioides L.,1
2024,23,C,Vicia tenuifolia Roth,Vicia tenuifolia Roth subsp. tenuifolia,+
2024,23,C,Viola alba Besser subsp. dehnhardtii (Ten.) W. Becker,Viola alba Besser subsp. dehnhardtii (Ten.) W.Becker,+
2002,24,C,Achillea setacea Waldst. & Kit.,Achillea setacea Waldst. & Kit.,p
2002,24,C,Anthyllis vulneraria L. subsp. praepropera (Kerner) Bornm.,Anthyllis vulneraria L. subsp. rubriflora (DC.) Arcang.,p
2002,24,C,Anthyllis vulneraria L. subsp. weldeniana (Rchb.) Cullen,Anthyllis vulneraria L. subsp. weldeniana (Rchb.) Cullen,p
2002,24,C,Arabis collina Ten.,Arabis collina Ten.,p
2002,24,C,Armeria canescens (Host) Boiss. subsp. canescens,Armeria gracilis Ten. subsp. gracilis,p
2002,24,C,Asperula cynanchica L.,Cynanchica pyrenaica (L.) P.Caputo & Del Guacchio subsp. cynanchica (L.) P.Caputo & Del Guacchio,p
2002,24,C,Asperula purpurea (L.) Ehrend.,Thliphthisa purpurea (L.) P.Caputo & Del Guacchio subsp. purpurea,p
2002,24,C,Brachypodium rupestre (Host) Roem. & Schult. subsp. rupestre,Brachypodium rupestre (Host) Roem. & Schult.,p
2002,24,C,Bromus erectus Huds.,Bromopsis erecta (Huds.) Fourr.,p
2002,24,C,Centaurea bracteata Scop.,Centaurea jacea L. subsp. gaudinii (Boiss. & Reut.) Gremli,p
2002,24,C,Chamaecytisus hirsutus (L.) Link,Cytisus hirsutus L.,p
2002,24,C,Coronilla minima L.,Coronilla minima L.,p
2002,24,C,Dianthus sylvestris Wulfen subsp. garganicus (Grande) Pignatti,Dianthus virgineus L.,p
2002,24,C,Eryngium amethystinum L.,Eryngium amethystinum L.,p
2002,24,C,Festuca circummediterranea Patzke,Festuca circummediterranea Patzke,p
2002,24,C,Galium corrudifolium Vill.,Galium corrudifolium Vill.,p
2002,24,C,Helianthemum apenninum (L.) Mill.,Helianthemum apenninum (L.) Mill. subsp. apenninum,p
2002,24,C,Helianthemum nummularium (L.) Mill. subsp. obscurum (Čelak.) Holub,Helianthemum nummularium (L.) Mill. subsp. obscurum (Čelak.) Holub,p
2002,24,C,Hippocrepis comosa L.,Hippocrepis comosa L. subsp. comosa,p
2002,24,C,Inula montana L.,"Pentanema montanum (L.) D.Gut.Larr., Santos-Vicente, Anderb., E.Rico & M.M.Mart.Ort.",p
2002,24,C,Knautia purpurea (Vill.) Borbás,Knautia calycina (C.Presl) Guss.,p
2002,24,C,Koeleria macrantha (Ledeb.) Sprengel,Koeleria macrantha (Ledeb.) Schult. subsp. macrantha,p
2002,24,C,Leontodon cichoraceus (Ten.) Sanguin.,Scorzoneroides cichoriacea (Ten.) Greuter,p
2002,24,C,Leucanthemum vulgare Lam.,Leucanthemum vulgare (Vaill.) Lam. subsp. vulgare,p
2002,24,C,Medicago lupulina L.,Medicago lupulina L.,p
2002,24,C,Muscari neglectum Guss.,Muscari neglectum Guss. ex Ten. & Sangiovanni,p
2002,24,C,Onobrychis viciifolia Scop.,Onobrychis viciifolia Scop.,p
2002,24,C,Phleum ambiguum Ten.,Phleum hirsutum Honck. subsp. ambiguum (Ten.) Cif. & Giacom.,p
2002,24,C,Poa alpina L.,Poa alpina L.,p
2002,24,C,Polygala nicaeensis Risso subsp. mediterranea Chodat,Polygala nicaeensis Risso ex W.D.J.Koch subsp. mediterranea Chodat,p
2002,24,C,Potentilla tabernaemontani Asch.,Potentilla rigoana Th.Wolf,p
2002,24,C,Sanguisorba minor Scop. subsp. muricata (Gremli) Briq.,Poterium sanguisorba L. subsp. balearicum (Bourg. ex Nyman) Stace,p
2002,24,C,Sedum acre L.,Sedum acre L.,p
2002,24,C,Sedum rupestre L. subsp. rupestre,Petrosedum rupestre (L.) P.V.Heath,p
2002,24,C,Senecio doronicum L. subsp. doronicum,Senecio doronicum (L.) L. subsp. doronicum,p
2002,24,C,Silene italica (L.) Pers. subsp. italica,Silene italica (L.) Pers. subsp. italica,p
2002,24,C,Tanacetum corymbosum var. tenuifolium (Willd.) Briq. et Cavill.,Tanacetum corymbosum (L.) Sch.Bip. subsp. achilleae (L.) Greuter,p
2002,24,C,Teucrium chamaedrys L.,Teucrium chamaedrys L. subsp. chamaedrys,p
2002,24,C,Thymus longicaulis Presl,Thymus longicaulis C.Presl subsp. longicaulis,p
2002,24,C,Trifolium montanum L. subsp. rupestre (Ten.) Pignatti,Trifolium montanum L. subsp. rupestre (Ten.) Nyman,p
2002,24,C,Trifolium ochroleucum Huds.,Trifolium ochroleucon Huds.,p
2002,24,C,Trinia glauca (L.) Dumort. subsp. carniolica (Kerner) Wolff,Trinia glauca (L.) Dumort. subsp. carniolica (A.Kern. ex Janch.) H.Wolff,p
2002,24,C,Vicia onobrychioides L.,Vicia onobrychioides L.,p
2003,24,C,Acer campestre L.,Acer campestre L.,p
2003,24,C,Acer obtusatum Waldst. & Kit.,Acer opalus Mill. subsp. obtusatum (Waldst. & Kit. ex Willd.) Gams,p
2003,24,C,Achillea millefolium L.,Achillea millefolium L. subsp. millefolium,p
2003,24,C,Aegopodium podagraria L.,Aegopodium podagraria L.,p
2003,24,C,Brachypodium rupestre (Host) Roem. & Schult. subsp. rupestre,Brachypodium rupestre (Host) Roem. & Schult.,p
2003,24,C,Bromus erectus Huds.,Bromopsis erecta (Huds.) Fourr.,p
2003,24,C,Bupleurum falcatum L. subsp. cernuum (Ten.) Arcang.,Bupleurum falcatum L. subsp. cernuum (Nyman) Arcang.,p
2003,24,C,Campanula glomerata L.,Campanula glomerata L.,p
2003,24,C,Carlina acaulis L.,Carlina acaulis L. subsp. caulescens (Lam.) Schübl. & G.Martens,p
2003,24,C,Chaerophyllum aureum L.,Chaerophyllum aureum L.,p
2003,24,C,Cirsium morisianum Rchb.,"Lophiolepis morisiana (Rchb.f.) Del Guacchio, Bureš, Iamonico & P.Caputo",p
2003,24,C,Cruciata laevipes Opiz,Cruciata laevipes Opiz,p
2003,24,C,Cytisus sessilifolius L.,Cytisophyllum sessilifolium (L.) O.Lang,p
2003,24,C,Dactylis glomerata L.,Dactylis glomerata L. subsp. glomerata,p
2003,24,C,Daphne laureola L.,Daphne laureola L.,p
2003,24,C,Dianthus carthusianorum L. subsp. tenorei (Lacaita) Pignatti,Dianthus carthusianorum L. subsp. carthusianorum,p
2003,24,C,Eryngium amethystinum L.,Eryngium amethystinum L.,p
2003,24,C,Fagus sylvatica L.,Fagus sylvatica L. subsp. sylvatica,p
2003,24,C,Festuca circummediterranea Patzke,Festuca circummediterranea Patzke,p
2003,24,C,Festuca heterophylla Lam.,Festuca heterophylla Lam.,p
2003,24,C,Festuca pratensis Hudson,Lolium apenninum (De Not.) Ardenghi & Foggi,p
2003,24,C,Galium mollugo L.,Galium mollugo L.,p
2003,24,C,Helleborus bocconei Ten. subsp. bocconei,Helleborus viridis L. subsp. bocconei (Ten.) Peruzzi,p
2003,24,C,Juniperus communis L.,Juniperus communis L.,p
2003,24,C,Knautia purpurea (Vill.) Borbás,Knautia calycina (C.Presl) Guss.,p
2003,24,C,Laburnum anagyroides Medicus,Laburnum anagyroides Medik. subsp. anagyroides,p
2003,24,C,Lamium maculatum L.,Lamium maculatum L.,p
2003,24,C,Lathyrus pratensis L.,Lathyrus pratensis L. subsp. pratensis,p
2003,24,C,Leontodon hispidus L.,Leontodon hispidus L. subsp. hispidus,p
2003,24,C,Lilium bulbiferum L. subsp. croceum (Chaix) Baker,Lilium bulbiferum L. subsp. croceum (Chaix) Jan,p
2003,24,C,Lotus corniculatus L.,Lotus corniculatus L. subsp. corniculatus,p
2003,24,C,Malus sylvestris Mill.,Malus sylvestris (L.) Mill.,p
2003,24,C,Melica uniflora Retz.,Melica uniflora Retz.,p
2003,24,C,Ostrya carpinifolia Scop.,Ostrya carpinifolia Scop.,p
2003,24,C,Pastinaca sativa L. subsp. urens (Req.) Celak,Pastinaca sativa L. subsp. urens (Req. ex Godr.) Čelak.,p
2003,24,C,Poa pratensis L.,Poa pratensis L. subsp. pratensis,p
2003,24,C,Ranunculus nemorosus DC.,Ranunculus tuberosus Lapeyr.,p
2003,24,C,Ribes multiflorum Kit. subsp. multiflorum,Ribes multiflorum Kit. ex Roem. & Schult. subsp. multiflorum,p
2003,24,C,Rosa canina L.,Rosa canina L.,p
2003,24,C,Sambucus ebulus L.,Sambucus ebulus L.,p
2003,24,C,Silene italica (L.) Pers. subsp. italica,Silene italica (L.) Pers. subsp. italica,p
2003,24,C,Sorbus aria (L.) Crantz,Sorbus aria (L.) Crantz,p
2003,24,C,Tanacetum corymbosum var. tenuifolium (Willd.) Briq. et Cavill.,Tanacetum corymbosum (L.) Sch.Bip. subsp. achilleae (L.) Greuter,p
2003,24,C,Tragopogon pratensis L. subsp. orientalis (L.) Čelak.,Tragopogon orientalis L.,p
2003,24,C,Trifolium ochroleucum Huds.,Trifolium ochroleucon Huds.,p
2015,24,C,Allium vineale L.,Allium vineale L.,+
2015,24,C,Anthoxanthum odoratum L.,Anthoxanthum odoratum L.,+
2015,24,C,Anthyllis vulneraria L. subsp. polyphylla (DC.) Nyman,Anthyllis vulneraria L. subsp. polyphylla (DC.) Nyman,+
2015,24,C,Anthyllis vulneraria L. subsp. praepropera (Kerner) Bornm.,Anthyllis vulneraria L. subsp. rubriflora (DC.) Arcang.,1
2015,24,C,Anthyllis vulneraria L. subsp. pulchella (Vis.) Bornm.,Anthyllis vulneraria L. subsp. pulchella (Vis.) Bornm.,+
2015,24,C,Arenaria serpyllifolia L.,Arenaria serpyllifolia L. subsp. serpyllifolia,+
2015,24,C,Asperula cynanchica L.,Cynanchica pyrenaica (L.) P.Caputo & Del Guacchio subsp. cynanchica (L.) P.Caputo & Del Guacchio,+
2015,24,C,Asperula purpurea (L.) Ehrend.,Thliphthisa purpurea (L.) P.Caputo & Del Guacchio subsp. purpurea,+
2015,24,C,Brachypodium rupestre (Host) Roem. & Schult.,Brachypodium rupestre (Host) Roem. & Schult.,2
2015,24,C,Bromus erectus Huds.,Bromopsis erecta (Huds.) Fourr.,3
2015,24,C,Carex caryophyllea La Tourr.,Carex caryophyllea Latourr.,+
2015,24,C,Centaurea triumfettii All.,Centaurea triumfettii All.,+
2015,24,C,Cerastium arvense L. subsp. suffruticosum (L.) Nym.,Cerastium arvense L. subsp. suffruticosum (L.) Ces.,+
2015,24,C,Cerastium glutinosum Fr.,Cerastium glutinosum Fr.,+
2015,24,C,Chamaecytisus hirsutus (L.) Link,Cytisus hirsutus L.,+
2015,24,C,Cuscuta epithymum (L.) L.,Cuscuta epithymum (L.) L. subsp. epithymum ,+
2015,24,C,Dianthus sylvestris Wulfen subsp. garganicus (Grande) Pignatti,Dianthus virgineus L.,+
2015,24,C,Eryngium amethystinum L.,Eryngium amethystinum L.,+
2015,24,C,Festuca arundinacea Schreber,Lolium arundinaceum (Schreb.) Darbysh. subsp. arundinaceum,+
2015,24,C,Festuca circummediterranea Patzke,Festuca circummediterranea Patzke,1
2015,24,C,Festuca inops De Not.,Festuca inops De Not.,+
2015,24,C,Galium corrudifolium Vill.,Galium corrudifolium Vill.,+
2015,24,C,Gymnadenia conopsea (L.) R.Br.,Gymnadenia conopsea (L.) R.Br.,r
2015,24,C,Helianthemum canum (L.) Baumg. subsp. canum,Helianthemum oelandicum (L.) Dum.Cours. subsp. incanum (Willk.) G.López,+
2015,24,C,Helianthemum nummularium (L.) Mill. subsp. obscurum (Čelak.) Holub,Helianthemum nummularium (L.) Mill. subsp. obscurum (Čelak.) Holub,+
2015,24,C,Hieracium cymosum L.,Pilosella cymosa (L.) F.W.Schultz & Sch.Bip. subsp. sabina (Sebast.) H.P.Fuchs,+
2015,24,C,Hieracium pilosella L.,Pilosella officinarum F.W.Schultz & Sch.Bip.,+
2015,24,C,Knautia purpurea (Vill.) Borbás,Knautia calycina (C.Presl) Guss.,1
2015,24,C,Koeleria macrantha (Ledeb.) Sprengel,Koeleria macrantha (Ledeb.) Schult. subsp. macrantha,+
2015,24,C,Leontodon crispus Vill.,Leontodon crispus Vill.,+
2015,24,C,Leontodon hispidus,Leontodon hispidus L. subsp. hispidus,+
2015,24,C,Leucanthemum vulgare Lam. var. vulgare,Leucanthemum vulgare (Vaill.) Lam. subsp. vulgare,+
2015,24,C,Lilium bulbiferum L. subsp. croceum (Chaix) Baker,Lilium bulbiferum L. subsp. croceum (Chaix) Jan,r
2015,24,C,Lotus corniculatus L.,Lotus corniculatus L. subsp. corniculatus,+
2015,24,C,Onobrychis viciifolia Scop.,Onobrychis viciifolia Scop.,+
2015,24,C,Orobanche alba Stephan,Orobanche alba Stephan ex Willd.,+
2015,24,C,Orobanche gracilis Sm.,Orobanche gracilis Sm.,+
2015,24,C,Paronychia kapela (Hacq.) Kerner subsp. kapela,Paronychia kapela (Hacq.) A.Kern. subsp. kapela,+
2015,24,C,Phleum ambiguum Ten.,Phleum hirsutum Honck. subsp. ambiguum (Ten.) Cif. & Giacom.,+
2015,24,C,Plantago lanceolata L. var. sphaerostachya Mert. et Koch,Plantago lanceolata L.,+
2015,24,C,Polygala nicaeensis Risso subsp. mediterranea Chodat,Polygala nicaeensis Risso ex W.D.J.Koch subsp. mediterranea Chodat,+
2015,24,C,Potentilla tabernaemontani Asch.,Potentilla rigoana Th.Wolf,+
2015,24,C,Rhinanthus minor L.,Rhinanthus minor L.,+
2015,24,C,Sanguisorba minor Scop. subsp. muricata (Gremli) Briq.,Poterium sanguisorba L. subsp. balearicum (Bourg. ex Nyman) Stace,+
2015,24,C,Sedum rupestre L. subsp. rupestre,Petrosedum rupestre (L.) P.V.Heath,+
2015,24,C,Sedum sexangulare L.,Sedum sexangulare L.,1
2015,24,C,Senecio doronicum L. subsp. doronicum,Senecio doronicum (L.) L. subsp. doronicum,+
2015,24,C,Teucrium chamaedrys L.,Teucrium chamaedrys L. subsp. chamaedrys,+
2015,24,C,Teucrium montanum L.,Teucrium montanum L.,+
2015,24,C,Thymus longicaulis Presl,Thymus longicaulis C.Presl subsp. longicaulis,1
2015,24,C,Trifolium campestre Schreb.,Trifolium campestre Schreb.,+
2015,24,C,Trifolium montanum L. subsp. rupestre (Ten.) Pignatti,Trifolium montanum L. subsp. rupestre (Ten.) Nyman,+
2015,24,C,Trifolium ochroleucum Huds.,Trifolium ochroleucon Huds.,1
2015,24,C,Trinia glauca (L.) Dumort. subsp. carniolica (Kerner) Wolff,Trinia glauca (L.) Dumort. subsp. carniolica (A.Kern. ex Janch.) H.Wolff,+
2015,24,C,Vicia tenuifolia Roth,Vicia tenuifolia Roth subsp. tenuifolia,+
2020,24,B,Juniperus oxycedrus L. subsp. oxycedrus,Juniperus deltoides R.P.Adams ,1
2020,24,C,Achillea collina Becker,Achillea collina (Becker ex Wirtg.) Heimerl,+
2020,24,C,Allium sphaerocephalon L.,Allium sphaerocephalon L. subsp. sphaerocephalon,+
2020,24,C,Alyssum alyssoides (L.) L.,Alyssum alyssoides (L.) L.,+
2020,24,C,Anthyllis vulneraria L. subsp. polyphylla (DC.) Nyman,Anthyllis vulneraria L. subsp. polyphylla (DC.) Nyman,+
2020,24,C,Anthyllis vulneraria L. subsp. pulchella (Vis.) Bornm.,Anthyllis vulneraria L. subsp. pulchella (Vis.) Bornm.,+
2020,24,C,Arabis hirsuta (L.) Scop.,Arabis hirsuta (L.) Scop.,+
2020,24,C,Asperula cynanchica L.,Cynanchica pyrenaica (L.) P.Caputo & Del Guacchio subsp. cynanchica (L.) P.Caputo & Del Guacchio,+
2020,24,C,Asperula purpurea (L.) Ehrend.,Thliphthisa purpurea (L.) P.Caputo & Del Guacchio subsp. purpurea,+
2020,24,C,Brachypodium rupestre (Host) Roem. & Schult.,Brachypodium rupestre (Host) Roem. & Schult.,4
2020,24,C,Bromus erectus Huds.,Bromopsis erecta (Huds.) Fourr.,2
2020,24,C,Carex caryophyllea La Tourr.,Carex caryophyllea Latourr.,+
2020,24,C,Carex macrolepis DC.,Carex macrolepis DC.,+
2020,24,C,Centaurea ambigua Guss. subsp. ambigua,Centaurea arrigonii Greuter,+
2020,24,C,Centaurea triumfettii All.,Centaurea triumfettii All.,+
2020,24,C,Cerastium arvense L. subsp. suffruticosum (L.) Nym.,Cerastium arvense L. subsp. suffruticosum (L.) Ces.,+
2020,24,C,Coronilla minima L.,Coronilla minima L.,+
2020,24,C,Dianthus sylvestris Wulfen subsp. garganicus (Grande) Pignatti,Dianthus virgineus L.,+
2020,24,C,Eryngium amethystinum L.,Eryngium amethystinum L.,+
2020,24,C,Festuca circummediterranea Patzke,Festuca circummediterranea Patzke,1
2020,24,C,Festuca inops De Not.,Festuca inops De Not.,+
2020,24,C,Galium corrudifolium Vill.,Galium corrudifolium Vill.,1
2020,24,C,Globularia punctata Lapeyr.,Globularia bisnagarica L.,+
2020,24,C,Helianthemum canum (L.) Baumg. subsp. canum,Helianthemum oelandicum (L.) Dum.Cours. subsp. incanum (Willk.) G.López,+
2020,24,C,Helianthemum nummularium (L.) Mill. subsp. obscurum (Čelak.) Holub,Helianthemum nummularium (L.) Mill. subsp. obscurum (Čelak.) Holub,1
2020,24,C,Hieracium pilosella L.,Pilosella officinarum F.W.Schultz & Sch.Bip.,+
2020,24,C,Hypericum perforatum L. subsp. angustifolium (DC.) Gaudin,Hypericum perforatum L. subsp. veronense (Schrank) Ces.,1
2020,24,C,Knautia purpurea (Vill.) Borbás,Knautia calycina (C.Presl) Guss.,1
2020,24,C,Koeleria macrantha (Ledeb.) Sprengel,Koeleria macrantha (Ledeb.) Schult. subsp. macrantha,1
2020,24,C,Leontodon hispidus,Leontodon hispidus L. subsp. hispidus,+
2020,24,C,Lotus corniculatus L.,Lotus corniculatus L. subsp. corniculatus,1
2020,24,C,Muscari neglectum Guss.,Muscari neglectum Guss. ex Ten. & Sangiovanni,+
2020,24,C,Onobrychis viciifolia Scop.,Onobrychis viciifolia Scop.,+
2020,24,C,Orobanche gracilis Sm.,Orobanche gracilis Sm.,+
2020,24,C,Paronychia kapela (Hacq.) Kerner subsp. kapela,Paronychia kapela (Hacq.) A.Kern. subsp. kapela,+
2020,24,C,Phleum ambiguum Ten.,Phleum hirsutum Honck. subsp. ambiguum (Ten.) Cif. & Giacom.,1
2020,24,C,Plantago lanceolata L. var. sphaerostachya Mert. et Koch,Plantago lanceolata L.,+
2020,24,C,Polygala nicaeensis Risso subsp. mediterranea Chodat,Polygala nicaeensis Risso ex W.D.J.Koch subsp. mediterranea Chodat,+
2020,24,C,Potentilla tabernaemontani Asch.,Potentilla rigoana Th.Wolf,1
2020,24,C,Sanguisorba minor Scop. subsp. muricata (Gremli) Briq.,Poterium sanguisorba L. subsp. balearicum (Bourg. ex Nyman) Stace,+
2020,24,C,Sedum rupestre L. subsp. rupestre,Petrosedum rupestre (L.) P.V.Heath,1
2020,24,C,Sedum sexangulare L.,Sedum sexangulare L.,+
2020,24,C,Senecio doronicum L. subsp. doronicum,Senecio doronicum (L.) L. subsp. doronicum,+
2020,24,C,Silene italica (L.) Pers. subsp. italica,Silene italica (L.) Pers. subsp. italica,+
2020,24,C,Silene otites (L.) Wibel,Silene otites (L.) Wibel subsp. otites,+
2020,24,C,Teucrium chamaedrys L.,Teucrium chamaedrys L. subsp. chamaedrys,1
2020,24,C,Teucrium montanum L.,Teucrium montanum L.,+
2020,24,C,Thymus longicaulis Presl,Thymus longicaulis C.Presl subsp. longicaulis,+
2020,24,C,Thymus sp.,Thymus sp.,1
2020,24,C,Trifolium montanum L. subsp. rupestre (Ten.) Pignatti,Trifolium montanum L. subsp. rupestre (Ten.) Nyman,+
2020,24,C,Trifolium ochroleucum Huds.,Trifolium ochroleucon Huds.,+
2024,24,B,Juniperus oxycedrus L. subsp. oxycedrus,Juniperus deltoides R.P.Adams ,1
2024,24,C,Achillea collina Becker,Achillea collina (Becker ex Wirtg.) Heimerl,1
2024,24,C,Allium sphaerocephalon L.,Allium sphaerocephalon L. subsp. sphaerocephalon,+
2024,24,C,Anthyllis vulneraria L. subsp. polyphylla (DC.) Nyman,Anthyllis vulneraria L. subsp. polyphylla (DC.) Nyman,1
2024,24,C,Anthyllis vulneraria L. subsp. pulchella (Vis.) Bornm.,Anthyllis vulneraria L. subsp. pulchella (Vis.) Bornm.,+
2024,24,C,Arabis hirsuta (L.) Scop.,Arabis hirsuta (L.) Scop.,+
2024,24,C,Brachypodium rupestre (Host) Roem. & Schult.,Brachypodium rupestre (Host) Roem. & Schult.,4
2024,24,C,Bromus erectus Huds.,Bromopsis erecta (Huds.) Fourr.,2
2024,24,C,Carex caryophyllea La Tourr.,Carex caryophyllea Latourr.,+
2024,24,C,Carex macrolepis DC.,Carex macrolepis DC.,+
2024,24,C,Centaurea ambigua Guss. subsp. ambigua,Centaurea arrigonii Greuter,+
2024,24,C,Centaurea bracteata Scop.,Centaurea jacea L. subsp. gaudinii (Boiss. & Reut.) Gremli,+
2024,24,C,Centaurea triumfettii All.,Centaurea triumfettii All.,+
2024,24,C,Chamaecytisus hirsutus (L.) Link,Cytisus hirsutus L.,+
2024,24,C,Coronilla minima L.,Coronilla minima L.,+
2024,24,C,Cuscuta epithymum (L.) L.,Cuscuta epithymum (L.) L. subsp. epithymum ,+
2024,24,C,Dianthus sylvestris Wulfen subsp. garganicus (Grande) Pignatti,Dianthus virgineus L.,+
2024,24,C,Eryngium amethystinum L.,Eryngium amethystinum L.,2
2024,24,C,Festuca circummediterranea Patzke,Festuca circummediterranea Patzke,1
2024,24,C,Festuca trachyphylla (Hackel) Krajina,Festuca trachyphylla (Hack.) R.P.Murray,+
2024,24,C,Galium corrudifolium Vill.,Galium corrudifolium Vill.,1
2024,24,C,Gymnadenia conopsea (L.) R.Br.,Gymnadenia conopsea (L.) R.Br.,1
2024,24,C,Helianthemum canum (L.) Baumg. subsp. canum,Helianthemum oelandicum (L.) Dum.Cours. subsp. incanum (Willk.) G.López,+
2024,24,C,Helianthemum nummularium (L.) Mill. subsp. obscurum (Čelak.) Holub,Helianthemum nummularium (L.) Mill. subsp. obscurum (Čelak.) Holub,1
2024,24,C,Hypericum perforatum L. subsp. angustifolium (DC.) Gaudin,Hypericum perforatum L. subsp. veronense (Schrank) Ces.,1
2024,24,C,Knautia purpurea (Vill.) Borbás,Knautia calycina (C.Presl) Guss.,1
2024,24,C,Koeleria macrantha (Ledeb.) Sprengel,Koeleria macrantha (Ledeb.) Schult. subsp. macrantha,+
2024,24,C,Leontodon hispidus,Leontodon hispidus L. subsp. hispidus,+
2024,24,C,Lilium bulbiferum L. subsp. croceum (Chaix) Baker,Lilium bulbiferum L. subsp. croceum (Chaix) Jan,+
2024,24,C,Lotus corniculatus L.,Lotus corniculatus L. subsp. corniculatus,+
2024,24,C,Onobrychis viciifolia Scop.,Onobrychis viciifolia Scop.,+
2024,24,C,Orobanche gracilis Sm.,Orobanche gracilis Sm.,+
2024,24,C,Phleum ambiguum Ten.,Phleum hirsutum Honck. subsp. ambiguum (Ten.) Cif. & Giacom.,+
2024,24,C,Polygala nicaeensis Risso subsp. mediterranea Chodat,Polygala nicaeensis Risso ex W.D.J.Koch subsp. mediterranea Chodat,+
2024,24,C,Potentilla tabernaemontani Asch.,Potentilla rigoana Th.Wolf,1
2024,24,C,Prunella laciniata (L.) L.,Prunella laciniata (L.) L.,+
2024,24,C,Sanguisorba minor Scop. subsp. muricata (Gremli) Briq.,Poterium sanguisorba L. subsp. balearicum (Bourg. ex Nyman) Stace,+
2024,24,C,Sedum rupestre L. subsp. rupestre,Petrosedum rupestre (L.) P.V.Heath,1
2024,24,C,Sedum sexangulare L.,Sedum sexangulare L.,+
2024,24,C,Senecio doronicum L. subsp. doronicum,Senecio doronicum (L.) L. subsp. doronicum,+
2024,24,C,Silene italica (L.) Pers. subsp. italica,Silene italica (L.) Pers. subsp. italica,+
2024,24,C,Teucrium chamaedrys L.,Teucrium chamaedrys L. subsp. chamaedrys,1
2024,24,C,Thymus sp.,Thymus sp.,1
2024,24,C,Trifolium ochroleucum Huds.,Trifolium ochroleucon Huds.,+
2024,24,C,Trinia glauca (L.) Dumort. subsp. carniolica (Kerner) Wolff,Trinia glauca (L.) Dumort. subsp. carniolica (A.Kern. ex Janch.) H.Wolff,+
2024,24,C,Vicia tenuifolia Roth,Vicia tenuifolia Roth subsp. tenuifolia,+
2002,29,C,Agropyron repens (L.) Beauv.,Elymus repens (L.) Gould subsp. repens,p
2002,29,C,Agrostis tenuis Sibth.,Agrostis capillaris L.,p
2002,29,C,Allium sphaerocephalon L.,Allium sphaerocephalon L. subsp. sphaerocephalon,p
2002,29,C,Allium vineale L.,Allium vineale L.,p
2002,29,C,Alyssum minus (L.) Rothm.,Alyssum alyssoides (L.) L.,p
2002,29,C,Armeria canescens (Host) Boiss. subsp. canescens,Armeria gracilis Ten. subsp. gracilis,p
2002,29,C,Asperula cynanchica L.,Cynanchica pyrenaica (L.) P.Caputo & Del Guacchio subsp. cynanchica (L.) P.Caputo & Del Guacchio,p
2002,29,C,Asperula purpurea (L.) Ehrend.,Thliphthisa purpurea (L.) P.Caputo & Del Guacchio subsp. purpurea,p
2002,29,C,Brachypodium rupestre (Host) Roem. & Schult. subsp. rupestre,Brachypodium rupestre (Host) Roem. & Schult.,p
2002,29,C,Bromus erectus Huds.,Bromopsis erecta (Huds.) Fourr.,p
2002,29,C,Carex caryophyllea La Tourr.,Carex caryophyllea Latourr.,p
2002,29,C,Cerastium arvense L. subsp. suffruticosum (L.) Nym.,Cerastium arvense L. subsp. suffruticosum (L.) Ces.,p
2002,29,C,Cerastium pumilum Curtis,Cerastium pumilum Curtis,p
2002,29,C,Dianthus sylvestris Wulfen subsp. garganicus (Grande) Pignatti,Dianthus virgineus L.,p
2002,29,C,Eryngium amethystinum L.,Eryngium amethystinum L.,p
2002,29,C,Festuca circummediterranea Patzke,Festuca circummediterranea Patzke,p
2002,29,C,Gymnadenia conopsea (L.) R.Br.,Gymnadenia conopsea (L.) R.Br.,p
2002,29,C,Helianthemum apenninum (L.) Mill.,Helianthemum apenninum (L.) Mill. subsp. apenninum,p
2002,29,C,Helianthemum canum (L.) Baumg. subsp. canum,Helianthemum oelandicum (L.) Dum.Cours. subsp. incanum (Willk.) G.López,p
2002,29,C,Hieracium pilosella L.,Pilosella officinarum F.W.Schultz & Sch.Bip.,p
2002,29,C,Knautia purpurea (Vill.) Borbás,Knautia calycina (C.Presl) Guss.,p
2002,29,C,Koeleria macrantha (Ledeb.) Sprengel,Koeleria macrantha (Ledeb.) Schult. subsp. macrantha,p
2002,29,C,Leontodon cichoraceus (Ten.) Sanguin.,Scorzoneroides cichoriacea (Ten.) Greuter,p
2002,29,C,Linum catharticum L. subsp. catharticum,Linum catharticum L. subsp. catharticum,p
2002,29,C,Muscari neglectum Guss.,Muscari neglectum Guss. ex Ten. & Sangiovanni,p
2002,29,C,Ornithogalum comosum L.,Ornithogalum comosum L.,p
2002,29,C,Plantago lanceolata L. var. sphaerostachya Mert. et Koch,Plantago lanceolata L.,p
2002,29,C,Plantago media L.,Plantago media L. subsp. media,p
2002,29,C,Potentilla tabernaemontani Asch.,Potentilla rigoana Th.Wolf,p
2002,29,C,Rhinanthus minor L.,Rhinanthus minor L.,p
2002,29,C,Sanguisorba minor Scop. subsp. muricata (Gremli) Briq.,Poterium sanguisorba L. subsp. balearicum (Bourg. ex Nyman) Stace,p
2002,29,C,Sedum sexangulare L.,Sedum sexangulare L.,p
2002,29,C,Teucrium chamaedrys L.,Teucrium chamaedrys L. subsp. chamaedrys,p
2002,29,C,Thymus longicaulis Presl,Thymus longicaulis C.Presl subsp. longicaulis,p
2002,29,C,Trifolium montanum L. subsp. rupestre (Ten.) Pignatti,Trifolium montanum L. subsp. rupestre (Ten.) Nyman,p
2002,29,C,Trinia glauca (L.) Dumort. subsp. carniolica (Kerner) Wolff,Trinia glauca (L.) Dumort. subsp. carniolica (A.Kern. ex Janch.) H.Wolff,p
2002,29,C,Valeriana tuberosa L.,Valeriana tuberosa L.,p
2003,29,C,Brachypodium rupestre (Host) Roem. & Schult. subsp. rupestre,Brachypodium rupestre (Host) Roem. & Schult.,p
2003,29,C,Cerastium arvense L. subsp. suffruticosum (L.) Nym.,Cerastium arvense L. subsp. suffruticosum (L.) Ces.,p
2003,29,C,Dianthus sylvestris Wulfen subsp. garganicus (Grande) Pignatti,Dianthus virgineus L.,p
2003,29,C,Eryngium amethystinum L.,Eryngium amethystinum L.,p
2003,29,C,Helianthemum apenninum (L.) Mill.,Helianthemum apenninum (L.) Mill. subsp. apenninum,p
2003,29,C,Knautia purpurea (Vill.) Borbás,Knautia calycina (C.Presl) Guss.,p
2003,29,C,Koeleria macrantha (Ledeb.) Sprengel,Koeleria macrantha (Ledeb.) Schult. subsp. macrantha,p
2003,29,C,Koeleria splendens Presl,Koeleria splendens C.Presl,p
2003,29,C,Leontodon cichoraceus (Ten.) Sanguin.,Scorzoneroides cichoriacea (Ten.) Greuter,p
2003,29,C,Phleum ambiguum Ten.,Phleum hirsutum Honck. subsp. ambiguum (Ten.) Cif. & Giacom.,p
2003,29,C,Potentilla tabernaemontani Asch.,Potentilla rigoana Th.Wolf,p
2003,29,C,Rhinanthus minor L.,Rhinanthus minor L.,p
2003,29,C,Sedum sexangulare L.,Sedum sexangulare L.,p
2003,29,C,Stachys officinalis (L.) Trevisan subsp. officinalis,Betonica officinalis L.,p
2003,29,C,Teucrium chamaedrys L.,Teucrium chamaedrys L. subsp. chamaedrys,p
2003,29,C,Thymus longicaulis Presl,Thymus longicaulis C.Presl subsp. longicaulis,p
2003,29,C,Trifolium montanum L. subsp. rupestre (Ten.) Pignatti,Trifolium montanum L. subsp. rupestre (Ten.) Nyman,p
2003,29,C,Valeriana tuberosa L.,Valeriana tuberosa L.,p
2015,29,C,Agrostis tenuis Sibth.,Agrostis capillaris L.,+
2015,29,C,Aira caryophyllea subsp. caryophyllea,Aira caryophyllea L.,+
2015,29,C,Anthoxanthum odoratum L.,Anthoxanthum odoratum L.,+
2015,29,C,Anthyllis vulneraria L. subsp. polyphylla (DC.) Nyman,Anthyllis vulneraria L. subsp. polyphylla (DC.) Nyman,+
2015,29,C,Arabis hirsuta (L.) Scop.,Arabis hirsuta (L.) Scop.,+
2015,29,C,Arenaria serpyllifolia L.,Arenaria serpyllifolia L. subsp. serpyllifolia,+
2015,29,C,Asperula cynanchica L.,Cynanchica pyrenaica (L.) P.Caputo & Del Guacchio subsp. cynanchica (L.) P.Caputo & Del Guacchio,+
2015,29,C,Asperula purpurea (L.) Ehrend.,Thliphthisa purpurea (L.) P.Caputo & Del Guacchio subsp. purpurea,+
2015,29,C,Avenula praetutiana (Parl.) Pignatti,"Helictochloa praetutiana (Parl. ex Arcang.) Bartolucci, F.Conti, Peruzzi & Banfi subsp. praetutiana",+
2015,29,C,Brachypodium rupestre (Host) Roem. & Schult.,Brachypodium rupestre (Host) Roem. & Schult.,1
2015,29,C,Bromus erectus Huds.,Bromopsis erecta (Huds.) Fourr.,1
2015,29,C,Bunium bulbocastanum L.,Bunium bulbocastanum L.,+
2015,29,C,Carex caryophyllea La Tourr.,Carex caryophyllea Latourr.,+
2015,29,C,Cerastium arvense L. subsp. suffruticosum (L.) Nym.,Cerastium arvense L. subsp. suffruticosum (L.) Ces.,+
2015,29,C,Coronilla minima L.,Coronilla minima L.,+
2015,29,C,Dianthus sylvestris Wulfen subsp. garganicus (Grande) Pignatti,Dianthus virgineus L.,+
2015,29,C,Eryngium amethystinum L.,Eryngium amethystinum L.,1
2015,29,C,Festuca circummediterranea Patzke,Festuca circummediterranea Patzke,2
2015,29,C,Festuca trachyphylla (Hackel) Krajina,Festuca trachyphylla (Hack.) R.P.Murray,+
2015,29,C,Galium verum L. subsp. verum,Galium verum L. subsp. verum,+
2015,29,C,Helianthemum canum (L.) Baumg. subsp. canum,Helianthemum oelandicum (L.) Dum.Cours. subsp. incanum (Willk.) G.López,+
2015,29,C,Hieracium pilosella L.,Pilosella officinarum F.W.Schultz & Sch.Bip.,1
2015,29,C,Knautia purpurea (Vill.) Borbás,Knautia calycina (C.Presl) Guss.,+
2015,29,C,Koeleria macrantha (Ledeb.) Sprengel,Koeleria macrantha (Ledeb.) Schult. subsp. macrantha,+
2015,29,C,Koeleria splendens Presl,Koeleria splendens C.Presl,1
2015,29,C,Leontodon cichoraceus (Ten.) Sanguin.,Scorzoneroides cichoriacea (Ten.) Greuter,1
2015,29,C,Lotus corniculatus L.,Lotus corniculatus L. subsp. corniculatus,+
2015,29,C,Luzula campestris (L.) DC.,Luzula campestris (L.) DC. subsp. campestris,+
2015,29,C,Orobanche alba Stephan,Orobanche alba Stephan ex Willd.,+
2015,29,C,Orobanche minor Sm.,Orobanche minor Sm.,+
2015,29,C,Plantago argentea Chaix,Plantago argentea Chaix subsp. argentea,+
2015,29,C,Poa alpina L.,Poa alpina L.,+
2015,29,C,Potentilla tabernaemontani Asch.,Potentilla rigoana Th.Wolf,+
2015,29,C,Primula veris L. subsp. columnae (Ten.) Ludi,Primula veris L. subsp. columnae (Ten.) Maire & Petitm.,+
2015,29,C,Rhinanthus minor L.,Rhinanthus minor L.,+
2015,29,C,Sanguisorba minor Scop. subsp. muricata (Gremli) Briq.,Poterium sanguisorba L. subsp. balearicum (Bourg. ex Nyman) Stace,+
2015,29,C,Sedum rupestre L. subsp. rupestre,Petrosedum rupestre (L.) P.V.Heath,+
2015,29,C,Senecio doronicum L. subsp. gerardii (G. et G.) Nyman,Senecio apenninus Tausch,+
2015,29,C,Stachys officinalis (L.) Trevisan subsp. officinalis,Betonica officinalis L.,+
2015,29,C,Teucrium chamaedrys L.,Teucrium chamaedrys L. subsp. chamaedrys,+
2015,29,C,Teucrium montanum L.,Teucrium montanum L.,+
2015,29,C,Thymus longicaulis Presl,Thymus longicaulis C.Presl subsp. longicaulis,+
2015,29,C,Thymus sp.,Thymus sp.,1
2015,29,C,Trifolium montanum L. subsp. rupestre (Ten.) Pignatti,Trifolium montanum L. subsp. rupestre (Ten.) Nyman,+
2015,29,C,Trifolium ochroleucum Huds.,Trifolium ochroleucon Huds.,+
2015,29,C,Trinia glauca (L.) Dumort. subsp. carniolica (Kerner) Wolff,Trinia glauca (L.) Dumort. subsp. carniolica (A.Kern. ex Janch.) H.Wolff,+
2020,29,C,Agrostis tenuis Sibth.,Agrostis capillaris L.,1
2020,29,C,Allium sphaerocephalon L.,Allium sphaerocephalon L. subsp. sphaerocephalon,+
2020,29,C,Alyssum alyssoides (L.) L.,Alyssum alyssoides (L.) L.,+
2020,29,C,Anthoxanthum odoratum L.,Anthoxanthum odoratum L.,+
2020,29,C,Anthyllis vulneraria L. subsp. polyphylla (DC.) Nyman,Anthyllis vulneraria L. subsp. polyphylla (DC.) Nyman,+
2020,29,C,Arabis hirsuta (L.) Scop.,Arabis hirsuta (L.) Scop.,+
2020,29,C,Arenaria serpyllifolia L.,Arenaria serpyllifolia L. subsp. serpyllifolia,+
2020,29,C,Asperula cynanchica L.,Cynanchica pyrenaica (L.) P.Caputo & Del Guacchio subsp. cynanchica (L.) P.Caputo & Del Guacchio,+
2020,29,C,Astragalus sempervirens Lam. subsp. gussonei Pignatti,Astragalus sempervirens Lam.,+
2020,29,C,Avenula praetutiana (Parl.) Pignatti,"Helictochloa praetutiana (Parl. ex Arcang.) Bartolucci, F.Conti, Peruzzi & Banfi subsp. praetutiana",1
2020,29,C,Brachypodium rupestre (Host) Roem. & Schult.,Brachypodium rupestre (Host) Roem. & Schult.,1
2020,29,C,Bromus erectus Huds.,Bromopsis erecta (Huds.) Fourr.,1
2020,29,C,Bunium bulbocastanum L.,Bunium bulbocastanum L.,1
2020,29,C,Carex caryophyllea La Tourr.,Carex caryophyllea Latourr.,1
2020,29,C,Centaurea bracteata Scop.,Centaurea jacea L. subsp. gaudinii (Boiss. & Reut.) Gremli,+
2020,29,C,Cerastium arvense L. subsp. suffruticosum (L.) Nym.,Cerastium arvense L. subsp. suffruticosum (L.) Ces.,+
2020,29,C,Cerastium glutinosum Fr.,Cerastium glutinosum Fr.,+
2020,29,C,Cynosurus echinatus L.,Cynosurus echinatus L.,+
2020,29,C,Dianthus sylvestris Wulfen subsp. garganicus (Grande) Pignatti,Dianthus virgineus L.,+
2020,29,C,Eryngium amethystinum L.,Eryngium amethystinum L.,1
2020,29,C,Euphrasia salisburgensis Funk,Euphrasia salisburgensis Funck ex Hoppe,+
2020,29,C,Festuca circummediterranea Patzke,Festuca circummediterranea Patzke,+
2020,29,C,Festuca inops De Not.,Festuca inops De Not.,2
2020,29,C,Festuca trachyphylla (Hackel) Krajina,Festuca trachyphylla (Hack.) R.P.Murray,+
2020,29,C,Galium corrudifolium Vill.,Galium corrudifolium Vill.,+
2020,29,C,Galium verum L. subsp. verum,Galium verum L. subsp. verum,+
2020,29,C,Helianthemum canum (L.) Baumg. subsp. canum,Helianthemum oelandicum (L.) Dum.Cours. subsp. incanum (Willk.) G.López,+
2020,29,C,Helianthemum nummularium (L.) Mill. subsp. obscurum (Čelak.) Holub,Helianthemum nummularium (L.) Mill. subsp. obscurum (Čelak.) Holub,+
2020,29,C,Hieracium cymosum L.,Pilosella cymosa (L.) F.W.Schultz & Sch.Bip. subsp. sabina (Sebast.) H.P.Fuchs,+
2020,29,C,Hieracium pilosella L.,Pilosella officinarum F.W.Schultz & Sch.Bip.,+
2020,29,C,Hippocrepis comosa L.,Hippocrepis comosa L. subsp. comosa,+
2020,29,C,Hornungia petraea (L.) Rchb.,Hornungia petraea (L.) Rchb. subsp. petraea,+
2020,29,C,Knautia purpurea (Vill.) Borbás,Knautia calycina (C.Presl) Guss.,1
2020,29,C,Koeleria macrantha (Ledeb.) Sprengel,Koeleria macrantha (Ledeb.) Schult. subsp. macrantha,1
2020,29,C,Koeleria splendens Presl,Koeleria splendens C.Presl,1
2020,29,C,Leontodon cichoraceus (Ten.) Sanguin.,Scorzoneroides cichoriacea (Ten.) Greuter,+
2020,29,C,Linum catharticum L. subsp. catharticum,Linum catharticum L. subsp. catharticum,+
2020,29,C,Linum trigynum L.,Linum trigynum L.,+
2020,29,C,Minuartia verna (L.) Hiern subsp. collina (Neilr.) Halliday,Sabulina glaucina (Dvořáková) Dillenb. & Kadereit,+
2020,29,C,Muscari neglectum Guss.,Muscari neglectum Guss. ex Ten. & Sangiovanni,+
2020,29,C,Ornithogalum umbellatum L.,Ornithogalum etruscum Parl. subsp. etruscum ,+
2020,29,C,Orobanche alba Stephan,Orobanche alba Stephan ex Willd.,+
2020,29,C,Phleum bertolonii DC.,Phleum nodosum L.,+
2020,29,C,Plantago argentea Chaix,Plantago argentea Chaix subsp. argentea,+
2020,29,C,Plantago media L.,Plantago media L. subsp. media,+
2020,29,C,Potentilla tabernaemontani Asch.,Potentilla rigoana Th.Wolf,+
2020,29,C,Rhinanthus minor L.,Rhinanthus minor L.,+
2020,29,C,Sanguisorba minor Scop. subsp. muricata (Gremli) Briq.,Poterium sanguisorba L. subsp. balearicum (Bourg. ex Nyman) Stace,+
2020,29,C,Senecio doronicum L. subsp. gerardii (G. et G.) Nyman,Senecio apenninus Tausch,+
2020,29,C,Teucrium chamaedrys L.,Teucrium chamaedrys L. subsp. chamaedrys,1
2020,29,C,Thymus longicaulis Presl,Thymus longicaulis C.Presl subsp. longicaulis,1
2020,29,C,Thymus sp.,Thymus sp.,+
2020,29,C,Trifolium campestre Schreb.,Trifolium campestre Schreb.,+
2020,29,C,Trifolium ochroleucum Huds.,Trifolium ochroleucon Huds.,+
2020,29,C,Trinia glauca (L.) Dumort. subsp. carniolica (Kerner) Wolff,Trinia glauca (L.) Dumort. subsp. carniolica (A.Kern. ex Janch.) H.Wolff,+
2020,29,C,Veronica chamaedrys L.,Veronica chamaedrys L. subsp. chamaedrys,+
2024,29,C,Aira caryophyllea subsp. caryophyllea,Aira caryophyllea L.,2
2024,29,C,Alyssum alyssoides (L.) L.,Alyssum alyssoides (L.) L.,+
2024,29,C,Anthoxanthum odoratum L.,Anthoxanthum odoratum L.,+
2024,29,C,Anthyllis vulneraria L. subsp. polyphylla (DC.) Nyman,Anthyllis vulneraria L. subsp. polyphylla (DC.) Nyman,+
2024,29,C,Arabis hirsuta (L.) Scop.,Arabis hirsuta (L.) Scop.,+
2024,29,C,Arenaria serpyllifolia L.,Arenaria serpyllifolia L. subsp. serpyllifolia,+
2024,29,C,Avenula praetutiana (Parl.) Pignatti,"Helictochloa praetutiana (Parl. ex Arcang.) Bartolucci, F.Conti, Peruzzi & Banfi subsp. praetutiana",+
2024,29,C,Brachypodium rupestre (Host) Roem. & Schult.,Brachypodium rupestre (Host) Roem. & Schult.,3
2024,29,C,Bromus erectus Huds.,Bromopsis erecta (Huds.) Fourr.,1
2024,29,C,Bunium bulbocastanum L.,Bunium bulbocastanum L.,+
2024,29,C,Carex caryophyllea La Tourr.,Carex caryophyllea Latourr.,+
2024,29,C,Centaurea triumfettii All.,Centaurea triumfettii All.,+
2024,29,C,Cerastium arvense L. subsp. suffruticosum (L.) Nym.,Cerastium arvense L. subsp. suffruticosum (L.) Ces.,+
2024,29,C,Cerastium glutinosum Fr.,Cerastium glutinosum Fr.,1
2024,29,C,Cynosurus echinatus L.,Cynosurus echinatus L.,+
2024,29,C,Orchis sambucina L.,Dactylorhiza sambucina (L.) Soó,+
2024,29,C,Dianthus sylvestris Wulfen subsp. garganicus (Grande) Pignatti,Dianthus virgineus L.,+
2024,29,C,Eryngium amethystinum L.,Eryngium amethystinum L.,1
2024,29,C,Festuca circummediterranea Patzke,Festuca circummediterranea Patzke,1
2024,29,C,Festuca inops De Not.,Festuca inops De Not.,1
2024,29,C,Festuca trachyphylla (Hackel) Krajina,Festuca trachyphylla (Hack.) R.P.Murray,+
2024,29,C,Galium corrudifolium Vill.,Galium corrudifolium Vill.,+
2024,29,C,Galium verum L. subsp. verum,Galium verum L. subsp. verum,+
2024,29,C,Helianthemum apenninum (L.) Mill.,Helianthemum apenninum (L.) Mill. subsp. apenninum,1
2024,29,C,Helianthemum canum (L.) Baumg. subsp. canum,Helianthemum oelandicum (L.) Dum.Cours. subsp. incanum (Willk.) G.López,+
2024,29,C,Helianthemum nummularium (L.) Mill. subsp. obscurum (Čelak.) Holub,Helianthemum nummularium (L.) Mill. subsp. obscurum (Čelak.) Holub,1
2024,29,C,Hieracium cymosum L.,Pilosella cymosa (L.) F.W.Schultz & Sch.Bip. subsp. sabina (Sebast.) H.P.Fuchs,+
2024,29,C,Hieracium pilosella L.,Pilosella officinarum F.W.Schultz & Sch.Bip.,+
2024,29,C,Hippocrepis comosa L.,Hippocrepis comosa L. subsp. comosa,+
2024,29,C,Knautia purpurea (Vill.) Borbás,Knautia calycina (C.Presl) Guss.,+
2024,29,C,Koeleria macrantha (Ledeb.) Sprengel,Koeleria macrantha (Ledeb.) Schult. subsp. macrantha,1
2024,29,C,Koeleria splendens Presl,Koeleria splendens C.Presl,1
2024,29,C,Leontodon cichoraceus (Ten.) Sanguin.,Scorzoneroides cichoriacea (Ten.) Greuter,+
2024,29,C,Linum catharticum L. subsp. catharticum,Linum catharticum L. subsp. catharticum,1
2024,29,C,Linum trigynum L.,Linum trigynum L.,+
2024,29,C,Lotus corniculatus L.,Lotus corniculatus L. subsp. corniculatus,+
2024,29,C,Luzula campestris (L.) DC.,Luzula campestris (L.) DC. subsp. campestris,+
2024,29,C,Muscari neglectum Guss.,Muscari neglectum Guss. ex Ten. & Sangiovanni,+
2024,29,C,Myosotis alpestris F.W.Schmidt,Myosotis graui Selvi,+
2024,29,C,Ornithogalum umbellatum L.,Ornithogalum etruscum Parl. subsp. etruscum ,+
2024,29,C,Orobanche alba Stephan,Orobanche alba Stephan ex Willd.,+
2024,29,C,Phleum bertolonii DC.,Phleum nodosum L.,+
2024,29,C,Plantago argentea Chaix,Plantago argentea Chaix subsp. argentea,+
2024,29,C,Potentilla tabernaemontani Asch.,Potentilla rigoana Th.Wolf,+
2024,29,C,Rhinanthus minor L.,Rhinanthus minor L.,+
2024,29,C,Rumex acetosella L.,Rumex acetosella L. subsp. pyrenaicus (Pourr. ex Lapeyr.) Akeroyd,+
2024,29,C,Sanguisorba minor Scop. subsp. muricata (Gremli) Briq.,Poterium sanguisorba L. subsp. balearicum (Bourg. ex Nyman) Stace,+
2024,29,C,Senecio doronicum L. subsp. gerardii (G. et G.) Nyman,Senecio apenninus Tausch,+
2024,29,C,Stachys officinalis (L.) Trevisan subsp. officinalis,Betonica officinalis L.,+
2024,29,C,Teucrium chamaedrys L.,Teucrium chamaedrys L. subsp. chamaedrys,+
2024,29,C,Thymus longicaulis Presl,Thymus longicaulis C.Presl subsp. longicaulis,1
2024,29,C,Thymus sp.,Thymus sp.,+
2024,29,C,Trifolium ochroleucum Huds.,Trifolium ochroleucon Huds.,1
2024,29,C,Trinia glauca (L.) Dumort. subsp. carniolica (Kerner) Wolff,Trinia glauca (L.) Dumort. subsp. carniolica (A.Kern. ex Janch.) H.Wolff,+
2002,30,C,Agrostis tenuis Sibth.,Agrostis capillaris L.,p
2002,30,C,Aira caryophyllea subsp. caryophyllea,Aira caryophyllea L.,p
2002,30,C,Allium sphaerocephalon L.,Allium sphaerocephalon L. subsp. sphaerocephalon,p
2002,30,C,Arabis collina Ten.,Arabis collina Ten.,p
2002,30,C,Armeria canescens (Host) Boiss. subsp. canescens,Armeria gracilis Ten. subsp. gracilis,p
2002,30,C,Asperula cynanchica L.,Cynanchica pyrenaica (L.) P.Caputo & Del Guacchio subsp. cynanchica (L.) P.Caputo & Del Guacchio,p
2002,30,C,Asperula purpurea (L.) Ehrend.,Thliphthisa purpurea (L.) P.Caputo & Del Guacchio subsp. purpurea,p
2002,30,C,Avenula praetutiana (Parl.) Pignatti,"Helictochloa praetutiana (Parl. ex Arcang.) Bartolucci, F.Conti, Peruzzi & Banfi subsp. praetutiana",p
2002,30,C,Bromus erectus Huds.,Bromopsis erecta (Huds.) Fourr.,p
2002,30,C,Dianthus carthusianorum L. subsp. tenorei (Lacaita) Pignatti,Dianthus carthusianorum L. subsp. carthusianorum,p
2002,30,C,Eryngium amethystinum L.,Eryngium amethystinum L.,p
2002,30,C,Festuca circummediterranea Patzke,Festuca circummediterranea Patzke,p
2002,30,C,Filipendula vulgaris Moench,Filipendula vulgaris Moench,p
2002,30,C,Hieracium pilosella L.,Pilosella officinarum F.W.Schultz & Sch.Bip.,p
2002,30,C,Hippocrepis comosa L.,Hippocrepis comosa L. subsp. comosa,p
2002,30,C,Inula montana L.,"Pentanema montanum (L.) D.Gut.Larr., Santos-Vicente, Anderb., E.Rico & M.M.Mart.Ort.",p
2002,30,C,Knautia purpurea (Vill.) Borbás,Knautia calycina (C.Presl) Guss.,p
2002,30,C,Koeleria macrantha (Ledeb.) Sprengel,Koeleria macrantha (Ledeb.) Schult. subsp. macrantha,p
2002,30,C,Leontodon cichoraceus (Ten.) Sanguin.,Scorzoneroides cichoriacea (Ten.) Greuter,p
2002,30,C,Lotus corniculatus L.,Lotus corniculatus L. subsp. corniculatus,p
2002,30,C,Muscari neglectum Guss.,Muscari neglectum Guss. ex Ten. & Sangiovanni,p
2002,30,C,Phleum ambiguum Ten.,Phleum hirsutum Honck. subsp. ambiguum (Ten.) Cif. & Giacom.,p
2002,30,C,Plantago lanceolata L. var. lanceolata,Plantago lanceolata L.,p
2002,30,C,Potentilla tabernaemontani Asch.,Potentilla rigoana Th.Wolf,p
2002,30,C,Senecio doronicum L. subsp. doronicum,Senecio doronicum (L.) L. subsp. doronicum,p
2002,30,C,Stachys officinalis (L.) Trevisan subsp. officinalis,Betonica officinalis L.,p
2002,30,C,Thymus longicaulis Presl,Thymus longicaulis C.Presl subsp. longicaulis,p
2002,30,C,Trifolium alpestre L.,Trifolium alpestre L.,p
2002,30,C,Trifolium montanum L. subsp. rupestre (Ten.) Pignatti,Trifolium montanum L. subsp. rupestre (Ten.) Nyman,p
2002,30,C,Trinia glauca (L.) Dumort. subsp. carniolica (Kerner) Wolff,Trinia glauca (L.) Dumort. subsp. carniolica (A.Kern. ex Janch.) H.Wolff,p
2002,30,C,Valeriana tuberosa L.,Valeriana tuberosa L.,p
2002,30,C,Xeranthemum cylindraceum S. et S.,Xeranthemum cylindraceum Sm.,p
2003,30,C,Anthoxanthum odoratum L.,Anthoxanthum odoratum L.,p
2003,30,C,Anthyllis vulneraria L. subsp. weldeniana (Rchb.) Cullen,Anthyllis vulneraria L. subsp. weldeniana (Rchb.) Cullen,p
2003,30,C,Arabis collina Ten.,Arabis collina Ten.,p
2003,30,C,Armeria canescens (Host) Boiss. subsp. canescens,Armeria gracilis Ten. subsp. gracilis,p
2003,30,C,Asperula cynanchica L.,Cynanchica pyrenaica (L.) P.Caputo & Del Guacchio subsp. cynanchica (L.) P.Caputo & Del Guacchio,p
2003,30,C,Asperula purpurea (L.) Ehrend.,Thliphthisa purpurea (L.) P.Caputo & Del Guacchio subsp. purpurea,p
2003,30,C,Brachypodium rupestre (Host) Roem. & Schult. subsp. rupestre,Brachypodium rupestre (Host) Roem. & Schult.,p
2003,30,C,Bromus erectus Huds.,Bromopsis erecta (Huds.) Fourr.,p
2003,30,C,Carex caryophyllea La Tourr.,Carex caryophyllea Latourr.,p
2003,30,C,Centaurea bracteata Scop.,Centaurea jacea L. subsp. gaudinii (Boiss. & Reut.) Gremli,p
2003,30,C,Cerastium arvense L. subsp. suffruticosum (L.) Nym.,Cerastium arvense L. subsp. suffruticosum (L.) Ces.,p
2003,30,C,Dianthus sylvestris Wulfen subsp. garganicus (Grande) Pignatti,Dianthus virgineus L.,p
2003,30,C,Eryngium amethystinum L.,Eryngium amethystinum L.,p
2003,30,C,Festuca circummediterranea Patzke,Festuca circummediterranea Patzke,p
2003,30,C,Hieracium cymosum L.,Pilosella cymosa (L.) F.W.Schultz & Sch.Bip. subsp. sabina (Sebast.) H.P.Fuchs,p
2003,30,C,Hieracium pilosella L.,Pilosella officinarum F.W.Schultz & Sch.Bip.,p
2003,30,C,Hippocrepis comosa L.,Hippocrepis comosa L. subsp. comosa,p
2003,30,C,Hypericum perforatum L. subsp. angustifolium (DC.) Gaudin,Hypericum perforatum L. subsp. veronense (Schrank) Ces.,p
2003,30,C,Knautia purpurea (Vill.) Borbás,Knautia calycina (C.Presl) Guss.,p
2003,30,C,Koeleria splendens Presl,Koeleria splendens C.Presl,p
2003,30,C,Linum catharticum L. subsp. catharticum,Linum catharticum L. subsp. catharticum,p
2003,30,C,Lotus corniculatus L.,Lotus corniculatus L. subsp. corniculatus,p
2003,30,C,Minuartia verna (L.) Hiern subsp. collina (Neilr.) Halliday,Sabulina glaucina (Dvořáková) Dillenb. & Kadereit,p
2003,30,C,Muscari neglectum Guss.,Muscari neglectum Guss. ex Ten. & Sangiovanni,p
2003,30,C,Orchis sambucina L.,Dactylorhiza sambucina (L.) Soó,p
2003,30,C,Phleum ambiguum Ten.,Phleum hirsutum Honck. subsp. ambiguum (Ten.) Cif. & Giacom.,p
2003,30,C,Plantago argentea Chaix,Plantago argentea Chaix subsp. argentea,p
2003,30,C,Plantago lanceolata L. var. lanceolata,Plantago lanceolata L.,p
2003,30,C,Potentilla tabernaemontani Asch.,Potentilla rigoana Th.Wolf,p
2003,30,C,Rhinanthus minor L.,Rhinanthus minor L.,p
2003,30,C,Salvia pratensis L. subsp. pratensis,Salvia pratensis L.,p
2003,30,C,Sedum sexangulare L.,Sedum sexangulare L.,p
2003,30,C,Stachys officinalis (L.) Trevisan subsp. officinalis,Betonica officinalis L.,p
2003,30,C,Teucrium chamaedrys L.,Teucrium chamaedrys L. subsp. chamaedrys,p
2003,30,C,Thymus longicaulis Presl,Thymus longicaulis C.Presl subsp. longicaulis,p
2003,30,C,Trifolium montanum L. subsp. rupestre (Ten.) Pignatti,Trifolium montanum L. subsp. rupestre (Ten.) Nyman,p
2003,30,C,Trifolium ochroleucum Huds.,Trifolium ochroleucon Huds.,p
2003,30,C,Trinia glauca (L.) Dumort. subsp. carniolica (Kerner) Wolff,Trinia glauca (L.) Dumort. subsp. carniolica (A.Kern. ex Janch.) H.Wolff,p
2003,30,C,Valeriana tuberosa L.,Valeriana tuberosa L.,p
2015,30,C,Achillea collina Becker,Achillea collina (Becker ex Wirtg.) Heimerl,+
2015,30,C,Agrostis tenuis Sibth.,Agrostis capillaris L.,2
2015,30,C,Anthoxanthum odoratum L.,Anthoxanthum odoratum L.,+
2015,30,C,Asperula cynanchica L.,Cynanchica pyrenaica (L.) P.Caputo & Del Guacchio subsp. cynanchica (L.) P.Caputo & Del Guacchio,+
2015,30,C,Brachypodium sylvaticum (Huds.) Beauv.,Brachypodium sylvaticum (Huds.) P.Beauv. subsp. sylvaticum,1
2015,30,C,Bromus erectus Huds.,Bromopsis erecta (Huds.) Fourr.,2
2015,30,C,Bunium bulbocastanum L.,Bunium bulbocastanum L.,+
2015,30,C,Carex caryophyllea La Tourr.,Carex caryophyllea Latourr.,+
2015,30,C,Centaurea bracteata Scop.,Centaurea jacea L. subsp. gaudinii (Boiss. & Reut.) Gremli,+
2015,30,C,Cerastium arvense L. subsp. suffruticosum (L.) Nym.,Cerastium arvense L. subsp. suffruticosum (L.) Ces.,+
2015,30,C,Cynosurus echinatus L.,Cynosurus echinatus L.,+
2015,30,C,Dianthus carthusianorum L. subsp. tenorei (Lacaita) Pignatti,Dianthus carthusianorum L. subsp. carthusianorum,+
2015,30,C,Eryngium amethystinum L.,Eryngium amethystinum L.,+
2015,30,C,Festuca circummediterranea Patzke,Festuca circummediterranea Patzke,+
2015,30,C,Festuca trachyphylla (Hackel) Krajina,Festuca trachyphylla (Hack.) R.P.Murray,1
2015,30,C,Galium corrudifolium Vill.,Galium corrudifolium Vill.,+
2015,30,C,Galium verum L. subsp. verum,Galium verum L. subsp. verum,+
2015,30,C,Hieracium pilosella L.,Pilosella officinarum F.W.Schultz & Sch.Bip.,+
2015,30,C,Hypericum perforatum L. subsp. angustifolium (DC.) Gaudin,Hypericum perforatum L. subsp. veronense (Schrank) Ces.,+
2015,30,C,Knautia purpurea (Vill.) Borbás,Knautia calycina (C.Presl) Guss.,1
2015,30,C,Koeleria macrantha (Ledeb.) Sprengel,Koeleria macrantha (Ledeb.) Schult. subsp. macrantha,+
2015,30,C,Lotus corniculatus L.,Lotus corniculatus L. subsp. corniculatus,+
2015,30,C,Luzula campestris (L.) DC.,Luzula campestris (L.) DC. subsp. campestris,+
2015,30,C,Orobanche sp.,Orobanche sp.,+
2015,30,C,Phleum ambiguum Ten.,Phleum hirsutum Honck. subsp. ambiguum (Ten.) Cif. & Giacom.,+
2015,30,C,Plantago argentea Chaix,Plantago argentea Chaix subsp. argentea,+
2015,30,C,Plantago lanceolata L. var. lanceolata,Plantago lanceolata L.,+
2015,30,C,Potentilla tabernaemontani Asch.,Potentilla rigoana Th.Wolf,+
2015,30,C,Rumex acetosella L.,Rumex acetosella L. subsp. pyrenaicus (Pourr. ex Lapeyr.) Akeroyd,+
2015,30,C,Stachys officinalis (L.) Trevisan subsp. officinalis,Betonica officinalis L.,+
2015,30,C,Teucrium chamaedrys L.,Teucrium chamaedrys L. subsp. chamaedrys,+
2015,30,C,Thymus sp.,Thymus sp.,+
2015,30,C,Tragopogon pratensis L. subsp. orientalis (L.) Čelak.,Tragopogon orientalis L.,+
2015,30,C,Trifolium alpestre L.,Trifolium alpestre L.,+
2015,30,C,Trifolium montanum L. subsp. rupestre (Ten.) Pignatti,Trifolium montanum L. subsp. rupestre (Ten.) Nyman,1
2015,30,C,Trifolium ochroleucum Huds.,Trifolium ochroleucon Huds.,+
2020,30,C,Agrostis tenuis Sibth.,Agrostis capillaris L.,2
2020,30,C,Allium vineale L.,Allium vineale L.,+
2020,30,C,Anthoxanthum odoratum L.,Anthoxanthum odoratum L.,+
2020,30,C,Arabis hirsuta (L.) Scop.,Arabis hirsuta (L.) Scop.,+
2020,30,C,Arenaria serpyllifolia L.,Arenaria serpyllifolia L. subsp. serpyllifolia,+
2020,30,C,Armeria canescens (Host) Boiss. subsp. canescens,Armeria gracilis Ten. subsp. gracilis,+
2020,30,C,Avenula praetutiana (Parl.) Pignatti,"Helictochloa praetutiana (Parl. ex Arcang.) Bartolucci, F.Conti, Peruzzi & Banfi subsp. praetutiana",+
2020,30,C,Brachypodium sylvaticum (Huds.) Beauv.,Brachypodium sylvaticum (Huds.) P.Beauv. subsp. sylvaticum,2
2020,30,C,Bromus erectus Huds.,Bromopsis erecta (Huds.) Fourr.,2
2020,30,C,Bunium bulbocastanum L.,Bunium bulbocastanum L.,1
2020,30,C,Carex caryophyllea La Tourr.,Carex caryophyllea Latourr.,+
2020,30,C,Centaurea bracteata Scop.,Centaurea jacea L. subsp. gaudinii (Boiss. & Reut.) Gremli,+
2020,30,C,Cerastium arvense L. subsp. suffruticosum (L.) Nym.,Cerastium arvense L. subsp. suffruticosum (L.) Ces.,+
2020,30,C,Cynosurus echinatus L.,Cynosurus echinatus L.,+
2020,30,C,Dianthus carthusianorum L. subsp. tenorei (Lacaita) Pignatti,Dianthus carthusianorum L. subsp. carthusianorum,1
2020,30,C,Eryngium amethystinum L.,Eryngium amethystinum L.,+
2020,30,C,Festuca circummediterranea Patzke,Festuca circummediterranea Patzke,+
2020,30,C,Festuca inops De Not.,Festuca inops De Not.,1
2020,30,C,Festuca trachyphylla (Hackel) Krajina,Festuca trachyphylla (Hack.) R.P.Murray,1
2020,30,C,Filipendula vulgaris Moench,Filipendula vulgaris Moench,1
2020,30,C,Galium corrudifolium Vill.,Galium corrudifolium Vill.,+
2020,30,C,Galium verum L. subsp. verum,Galium verum L. subsp. verum,+
2020,30,C,Hieracium cymosum L.,Pilosella cymosa (L.) F.W.Schultz & Sch.Bip. subsp. sabina (Sebast.) H.P.Fuchs,+
2020,30,C,Hieracium pilosella L.,Pilosella officinarum F.W.Schultz & Sch.Bip.,+
2020,30,C,Hypericum perforatum L. subsp. angustifolium (DC.) Gaudin,Hypericum perforatum L. subsp. veronense (Schrank) Ces.,+
2020,30,C,Knautia purpurea (Vill.) Borbás,Knautia calycina (C.Presl) Guss.,1
2020,30,C,Koeleria macrantha (Ledeb.) Sprengel,Koeleria macrantha (Ledeb.) Schult. subsp. macrantha,+
2020,30,C,Lotus corniculatus L.,Lotus corniculatus L. subsp. corniculatus,+
2020,30,C,Luzula campestris (L.) DC.,Luzula campestris (L.) DC. subsp. campestris,+
2020,30,C,Onobrychis viciifolia Scop.,Onobrychis viciifolia Scop.,+
2020,30,C,Ophrys sp.,Ophrys sp.,+
2020,30,C,Phleum ambiguum Ten.,Phleum hirsutum Honck. subsp. ambiguum (Ten.) Cif. & Giacom.,+
2020,30,C,Plantago argentea Chaix,Plantago argentea Chaix subsp. argentea,+
2020,30,C,Potentilla tabernaemontani Asch.,Potentilla rigoana Th.Wolf,1
2020,30,C,Rhinanthus alectorolophus (Scop.) Pollich,Rhinanthus alectorolophus (Scop.) Pollich subsp. alectorolophus,+
2020,30,C,Senecio doronicum L. subsp. doronicum,Senecio doronicum (L.) L. subsp. doronicum,1
2020,30,C,Thymus sp.,Thymus sp.,+
2020,30,C,Tragopogon pratensis L. subsp. orientalis (L.) Čelak.,Tragopogon orientalis L.,+
2020,30,C,Trifolium alpestre L.,Trifolium alpestre L.,+
2020,30,C,Trifolium ochroleucum Huds.,Trifolium ochroleucon Huds.,+
2020,30,C,Viola eugeniae Parl. subsp. eugeniae,Viola eugeniae Parl. subsp. eugeniae,+
2024,30,C,Agrostis tenuis Sibth.,Agrostis capillaris L.,2
2024,30,C,Allium vineale L.,Allium vineale L.,+
2024,30,C,Anthoxanthum odoratum L.,Anthoxanthum odoratum L.,+
2024,30,C,Arabis collina Ten.,Arabis collina Ten.,+
2024,30,C,Arabis hirsuta (L.) Scop.,Arabis hirsuta (L.) Scop.,+
2024,30,C,Arenaria serpyllifolia L.,Arenaria serpyllifolia L. subsp. serpyllifolia,+
2024,30,C,Armeria canescens (Host) Boiss. subsp. canescens,Armeria gracilis Ten. subsp. gracilis,+
2024,30,C,Avenula praetutiana (Parl.) Pignatti,"Helictochloa praetutiana (Parl. ex Arcang.) Bartolucci, F.Conti, Peruzzi & Banfi subsp. praetutiana",+
2024,30,C,Avenula praetutiana (Parl.) Pignatti,Betonica officinalis L.,+
2024,30,C,Brachypodium sylvaticum (Huds.) Beauv.,Brachypodium sylvaticum (Huds.) P.Beauv. subsp. sylvaticum,4
2024,30,C,Bromus erectus Huds.,Bromopsis erecta (Huds.) Fourr.,1
2024,30,C,Bunium bulbocastanum L.,Bunium bulbocastanum L.,1
2024,30,C,Centaurea bracteata Scop.,Centaurea jacea L. subsp. gaudinii (Boiss. & Reut.) Gremli,+
2024,30,C,Centaurea triumfettii All.,Centaurea triumfettii All.,+
2024,30,C,Cerastium arvense L. subsp. suffruticosum (L.) Nym.,Cerastium arvense L. subsp. suffruticosum (L.) Ces.,+
2024,30,C,Cerastium glutinosum Fr.,Cerastium glutinosum Fr.,+
2024,30,C,Cynosurus echinatus L.,Cynosurus echinatus L.,+
2024,30,C,Dianthus carthusianorum L. subsp. tenorei (Lacaita) Pignatti,Dianthus carthusianorum L. subsp. carthusianorum,+
2024,30,C,Eryngium amethystinum L.,Eryngium amethystinum L.,+
2024,30,C,Erysimum pseudorhaeticum Polatschek,Erysimum pseudorhaeticum Polatschek,+
2024,30,C,Festuca circummediterranea Patzke,Festuca circummediterranea Patzke,+
2024,30,C,Festuca inops De Not.,Festuca inops De Not.,+
2024,30,C,Festuca trachyphylla (Hackel) Krajina,Festuca trachyphylla (Hack.) R.P.Murray,1
2024,30,C,Filipendula vulgaris Moench,Filipendula vulgaris Moench,2
2024,30,C,Galium corrudifolium Vill.,Galium corrudifolium Vill.,+
2024,30,C,Galium verum L. subsp. verum,Galium verum L. subsp. verum,+
2024,30,C,Hieracium cymosum L.,Pilosella cymosa (L.) F.W.Schultz & Sch.Bip. subsp. sabina (Sebast.) H.P.Fuchs,+
2024,30,C,Hypericum perforatum L. subsp. angustifolium (DC.) Gaudin,Hypericum perforatum L. subsp. veronense (Schrank) Ces.,+
2024,30,C,Knautia purpurea (Vill.) Borbás,Knautia calycina (C.Presl) Guss.,1
2024,30,C,Luzula campestris (L.) DC.,Luzula campestris (L.) DC. subsp. campestris,+
2024,30,C,Myosotis alpestris F.W.Schmidt,Myosotis graui Selvi,+
2024,30,C,Plantago argentea Chaix,Plantago argentea Chaix subsp. argentea,+
2024,30,C,Potentilla tabernaemontani Asch.,Potentilla rigoana Th.Wolf,+
2024,30,C,Rumex acetosella L.,Rumex acetosella L. subsp. pyrenaicus (Pourr. ex Lapeyr.) Akeroyd,+
2024,30,C,Senecio doronicum L. subsp. doronicum,Senecio doronicum (L.) L. subsp. doronicum,+
2024,30,C,Trifolium alpestre L.,Trifolium alpestre L.,2
2024,30,C,Trifolium ochroleucum Huds.,Trifolium ochroleucon Huds.,+
2024,30,C,Trinia glauca (L.) Dumort. subsp. carniolica (Kerner) Wolff,Trinia glauca (L.) Dumort. subsp. carniolica (A.Kern. ex Janch.) H.Wolff,+
2002,31,C,Allium sphaerocephalon L.,Allium sphaerocephalon L. subsp. sphaerocephalon,p
2002,31,C,Allium vineale L.,Allium vineale L.,p
2002,31,C,Anthoxanthum odoratum L.,Anthoxanthum odoratum L.,p
2002,31,C,Arabis collina Ten.,Arabis collina Ten.,p
2002,31,C,Arenaria serpyllifolia L.,Arenaria serpyllifolia L. subsp. serpyllifolia,p
2002,31,C,Armeria canescens (Host) Boiss. subsp. canescens,Armeria gracilis Ten. subsp. gracilis,p
2002,31,C,Asperula cynanchica L.,Cynanchica pyrenaica (L.) P.Caputo & Del Guacchio subsp. cynanchica (L.) P.Caputo & Del Guacchio,p
2002,31,C,Asperula purpurea (L.) Ehrend.,Thliphthisa purpurea (L.) P.Caputo & Del Guacchio subsp. purpurea,p
2002,31,C,Avenula praetutiana (Parl.) Pignatti,"Helictochloa praetutiana (Parl. ex Arcang.) Bartolucci, F.Conti, Peruzzi & Banfi subsp. praetutiana",p
2002,31,C,Brachypodium rupestre (Host) Roem. & Schult. subsp. rupestre,Brachypodium rupestre (Host) Roem. & Schult.,p
2002,31,C,Bromus erectus Huds.,Bromopsis erecta (Huds.) Fourr.,p
2002,31,C,Carex macrolepis DC.,Carex macrolepis DC.,p
2002,31,C,Centaurea triumfettii All.,Centaurea triumfettii All.,p
2002,31,C,Cerastium arvense L. subsp. suffruticosum (L.) Nym.,Cerastium arvense L. subsp. suffruticosum (L.) Ces.,p
2002,31,C,Dianthus sylvestris Wulfen subsp. garganicus (Grande) Pignatti,Dianthus virgineus L.,p
2002,31,C,Eryngium amethystinum L.,Eryngium amethystinum L.,p
2002,31,C,Festuca circummediterranea Patzke,Festuca circummediterranea Patzke,p
2002,31,C,Galium corrudifolium Vill.,Galium corrudifolium Vill.,p
2002,31,C,Hieracium pilosella L.,Pilosella officinarum F.W.Schultz & Sch.Bip.,p
2002,31,C,Hippocrepis comosa L.,Hippocrepis comosa L. subsp. comosa,p
2002,31,C,Inula montana L.,"Pentanema montanum (L.) D.Gut.Larr., Santos-Vicente, Anderb., E.Rico & M.M.Mart.Ort.",p
2002,31,C,Knautia purpurea (Vill.) Borbás,Knautia calycina (C.Presl) Guss.,p
2002,31,C,Koeleria splendens Presl,Koeleria splendens C.Presl,p
2002,31,C,Leontodon cichoraceus (Ten.) Sanguin.,Scorzoneroides cichoriacea (Ten.) Greuter,p
2002,31,C,Lotus corniculatus L.,Lotus corniculatus L. subsp. corniculatus,p
2002,31,C,Muscari neglectum Guss.,Muscari neglectum Guss. ex Ten. & Sangiovanni,p
2002,31,C,Ornithogalum comosum L.,Ornithogalum comosum L.,p
2002,31,C,Plantago lanceolata L. var. sphaerostachya Mert. et Koch,Plantago lanceolata L.,p
2002,31,C,Plantago media L.,Plantago media L. subsp. media,p
2002,31,C,Potentilla tabernaemontani Asch.,Potentilla rigoana Th.Wolf,p
2002,31,C,Rhinanthus minor L.,Rhinanthus minor L.,p
2002,31,C,Sedum acre L.,Sedum acre L.,p
2002,31,C,Senecio doronicum L. subsp. doronicum,Senecio doronicum (L.) L. subsp. doronicum,p
2002,31,C,Stachys officinalis (L.) Trevisan subsp. officinalis,Betonica officinalis L.,p
2002,31,C,Teucrium chamaedrys L.,Teucrium chamaedrys L. subsp. chamaedrys,p
2002,31,C,Thymus longicaulis Presl,Thymus longicaulis C.Presl subsp. longicaulis,p
2002,31,C,Trifolium alpestre L.,Trifolium alpestre L.,p
2002,31,C,Trifolium montanum L. subsp. rupestre (Ten.) Pignatti,Trifolium montanum L. subsp. rupestre (Ten.) Nyman,p
2002,31,C,Trifolium ochroleucum Huds.,Trifolium ochroleucon Huds.,p
2002,31,C,Trinia glauca (L.) Dumort. subsp. carniolica (Kerner) Wolff,Trinia glauca (L.) Dumort. subsp. carniolica (A.Kern. ex Janch.) H.Wolff,p
2002,31,C,Valeriana tuberosa L.,Valeriana tuberosa L.,p
2002,31,C,Xeranthemum cylindraceum S. et S.,Xeranthemum cylindraceum Sm.,p
2003,31,C,Acer obtusatum Waldst. & Kit.,Acer opalus Mill. subsp. obtusatum (Waldst. & Kit. ex Willd.) Gams,p
2003,31,C,Asperula purpurea (L.) Ehrend.,Thliphthisa purpurea (L.) P.Caputo & Del Guacchio subsp. purpurea,p
2003,31,C,Brachypodium rupestre (Host) Roem. & Schult. subsp. rupestre,Brachypodium rupestre (Host) Roem. & Schult.,p
2003,31,C,Bromus erectus Huds.,Bromopsis erecta (Huds.) Fourr.,p
2003,31,C,Bupleurum falcatum L. subsp. cernuum (Ten.) Arcang.,Bupleurum falcatum L. subsp. cernuum (Nyman) Arcang.,p
2003,31,C,Campanula apennina Podlech,Campanula micrantha Bertol.,p
2003,31,C,Carduus nutans L. subsp. nutans,Carduus nutans L. subsp. nutans,p
2003,31,C,Carex macrolepis DC.,Carex macrolepis DC.,p
2003,31,C,Carlina acaulis L.,Carlina acaulis L. subsp. caulescens (Lam.) Schübl. & G.Martens,p
2003,31,C,Centaurea ambigua Guss. subsp. ambigua,Centaurea arrigonii Greuter,p
2003,31,C,Cerastium arvense L. subsp. suffruticosum (L.) Nym.,Cerastium arvense L. subsp. suffruticosum (L.) Ces.,p
2003,31,C,Cytisus sessilifolius L.,Cytisophyllum sessilifolium (L.) O.Lang,p
2003,31,C,Dianthus sylvestris Wulfen subsp. garganicus (Grande) Pignatti,Dianthus virgineus L.,p
2003,31,C,Eryngium amethystinum L.,Eryngium amethystinum L.,p
2003,31,C,Festuca inops De Not.,Festuca inops De Not.,p
2003,31,C,Galium corrudifolium Vill.,Galium corrudifolium Vill.,p
2003,31,C,Gymnadenia conopsea (L.) R.Br.,Gymnadenia conopsea (L.) R.Br.,p
2003,31,C,Helianthemum apenninum (L.) Mill.,Helianthemum apenninum (L.) Mill. subsp. apenninum,p
2003,31,C,Hieracium gruppo murorum L.,Hieracium murorum L. s.l.,p
2003,31,C,Juniperus oxycedrus L. subsp. oxycedrus,Juniperus deltoides R.P.Adams ,p
2003,31,C,Knautia purpurea (Vill.) Borbás,Knautia calycina (C.Presl) Guss.,p
2003,31,C,Koeleria splendens Presl,Koeleria splendens C.Presl,p
2003,31,C,Lathyrus sylvestris L.,Lathyrus sylvestris L. subsp. sylvestris,p
2003,31,C,Lilium bulbiferum L. subsp. croceum (Chaix) Baker,Lilium bulbiferum L. subsp. croceum (Chaix) Jan,p
2003,31,C,Ononis spinosa L. subsp. spinosa,Ononis spinosa L. subsp. spinosa,p
2003,31,C,Sanguisorba minor Scop. subsp. muricata (Gremli) Briq.,Poterium sanguisorba L. subsp. balearicum (Bourg. ex Nyman) Stace,p
2003,31,C,Sedum rupestre L. subsp. rupestre,Petrosedum rupestre (L.) P.V.Heath,p
2003,31,C,Sesleria nitida Ten.,Sesleria nitida Ten.,p
2003,31,C,Sorbus aria (L.) Crantz,Sorbus aria (L.) Crantz,p
2003,31,C,Tanacetum corymbosum var. tenuifolium (Willd.) Briq. et Cavill.,Tanacetum corymbosum (L.) Sch.Bip. subsp. achilleae (L.) Greuter,p
2003,31,C,Teucrium chamaedrys L.,Teucrium chamaedrys L. subsp. chamaedrys,p
2003,31,C,Thymus longicaulis Presl,Thymus longicaulis C.Presl subsp. longicaulis,p
2015,31,C,Agrostis tenuis Sibth.,Agrostis capillaris L.,1
2015,31,C,Anthoxanthum odoratum L.,Anthoxanthum odoratum L.,+
2015,31,C,Anthyllis vulneraria L. subsp. praepropera (Kerner) Bornm.,Anthyllis vulneraria L. subsp. rubriflora (DC.) Arcang.,+
2015,31,C,Arabis collina Ten.,Arabis collina Ten.,+
2015,31,C,Arenaria serpyllifolia L.,Arenaria serpyllifolia L. subsp. serpyllifolia,+
2015,31,C,Asperula cynanchica L.,Cynanchica pyrenaica (L.) P.Caputo & Del Guacchio subsp. cynanchica (L.) P.Caputo & Del Guacchio,+
2015,31,C,Brachypodium rupestre (Host) Roem. & Schult.,Brachypodium rupestre (Host) Roem. & Schult.,3
2015,31,C,Bromus erectus Huds.,Bromopsis erecta (Huds.) Fourr.,1
2015,31,C,Carex caryophyllea La Tourr.,Carex caryophyllea Latourr.,+
2015,31,C,Centaurea bracteata Scop.,Centaurea jacea L. subsp. gaudinii (Boiss. & Reut.) Gremli,+
2015,31,C,Cerastium arvense L. subsp. suffruticosum (L.) Nym.,Cerastium arvense L. subsp. suffruticosum (L.) Ces.,+
2015,31,C,Coronilla minima L.,Coronilla minima L.,+
2015,31,C,Eryngium amethystinum L.,Eryngium amethystinum L.,+
2015,31,C,Festuca circummediterranea Patzke,Festuca circummediterranea Patzke,1
2015,31,C,Festuca inops De Not.,Festuca inops De Not.,1
2015,31,C,Galium verum L. subsp. verum,Galium verum L. subsp. verum,1
2015,31,C,Hieracium pilosella L.,Pilosella officinarum F.W.Schultz & Sch.Bip.,+
2015,31,C,Hypericum perforatum L. subsp. angustifolium (DC.) Gaudin,Hypericum perforatum L. subsp. veronense (Schrank) Ces.,+
2015,31,C,Knautia purpurea (Vill.) Borbás,Knautia calycina (C.Presl) Guss.,1
2015,31,C,Koeleria macrantha (Ledeb.) Sprengel,Koeleria macrantha (Ledeb.) Schult. subsp. macrantha,+
2015,31,C,Leontodon cichoraceus (Ten.) Sanguin.,Scorzoneroides cichoriacea (Ten.) Greuter,+
2015,31,C,Lotus corniculatus L.,Lotus corniculatus L. subsp. corniculatus,+
2015,31,C,Luzula campestris (L.) DC.,Luzula campestris (L.) DC. subsp. campestris,+
2015,31,C,Plantago argentea Chaix,Plantago argentea Chaix subsp. argentea,+
2015,31,C,Potentilla tabernaemontani Asch.,Potentilla rigoana Th.Wolf,+
2015,31,C,Rhinanthus minor L.,Rhinanthus minor L.,+
2015,31,C,Rumex acetosella L.,Rumex acetosella L. subsp. pyrenaicus (Pourr. ex Lapeyr.) Akeroyd,+
2015,31,C,Sedum rupestre L. subsp. rupestre,Petrosedum rupestre (L.) P.V.Heath,+
2015,31,C,Senecio doronicum L. subsp. doronicum,Senecio doronicum (L.) L. subsp. doronicum,+
2015,31,C,Stachys officinalis (L.) Trevisan subsp. officinalis,Betonica officinalis L.,+
2015,31,C,Thymus longicaulis Presl,Thymus longicaulis C.Presl subsp. longicaulis,+
2015,31,C,Thymus sp.,Thymus sp.,1
2015,31,C,Trifolium montanum L. subsp. rupestre (Ten.) Pignatti,Trifolium montanum L. subsp. rupestre (Ten.) Nyman,+
2015,31,C,Trifolium ochroleucum Huds.,Trifolium ochroleucon Huds.,1
2015,31,C,Trinia glauca (L.) Dumort. subsp. carniolica (Kerner) Wolff,Trinia glauca (L.) Dumort. subsp. carniolica (A.Kern. ex Janch.) H.Wolff,+
2020,31,C,Agrostis tenuis Sibth.,Agrostis capillaris L.,1
2020,31,C,Allium sphaerocephalon L.,Allium sphaerocephalon L. subsp. sphaerocephalon,1
2020,31,C,Allium vineale L.,Allium vineale L.,+
2020,31,C,Anthoxanthum odoratum L.,Anthoxanthum odoratum L.,+
2020,31,C,Arabis collina Ten.,Arabis collina Ten.,+
2020,31,C,Arenaria serpyllifolia L.,Arenaria serpyllifolia L. subsp. serpyllifolia,+
2020,31,C,Armeria canescens (Host) Boiss. subsp. canescens,Armeria gracilis Ten. subsp. gracilis,+
2020,31,C,Avenula praetutiana (Parl.) Pignatti,"Helictochloa praetutiana (Parl. ex Arcang.) Bartolucci, F.Conti, Peruzzi & Banfi subsp. praetutiana",+
2020,31,C,Brachypodium rupestre (Host) Roem. & Schult.,Brachypodium rupestre (Host) Roem. & Schult.,1
2020,31,C,Bromus erectus Huds.,Bromopsis erecta (Huds.) Fourr.,1
2020,31,C,Bunium bulbocastanum L.,Bunium bulbocastanum L.,+
2020,31,C,Carex caryophyllea La Tourr.,Carex caryophyllea Latourr.,1
2020,31,C,Centaurea bracteata Scop.,Centaurea jacea L. subsp. gaudinii (Boiss. & Reut.) Gremli,+
2020,31,C,Cerastium arvense L. subsp. suffruticosum (L.) Nym.,Cerastium arvense L. subsp. suffruticosum (L.) Ces.,+
2020,31,C,Orchis sambucina L.,Dactylorhiza sambucina (L.) Soó,+
2020,31,C,Dianthus carthusianorum L. subsp. tenorei (Lacaita) Pignatti,Dianthus carthusianorum L. subsp. carthusianorum,+
2020,31,C,Dianthus sylvestris Wulfen subsp. garganicus (Grande) Pignatti,Dianthus virgineus L.,+
2020,31,C,Eryngium amethystinum L.,Eryngium amethystinum L.,+
2020,31,C,Euphrasia salisburgensis Funk,Euphrasia salisburgensis Funck ex Hoppe,+
2020,31,C,Festuca circummediterranea Patzke,Festuca circummediterranea Patzke,2
2020,31,C,Festuca inops De Not.,Festuca inops De Not.,2
2020,31,C,Festuca trachyphylla (Hackel) Krajina,Festuca trachyphylla (Hack.) R.P.Murray,1
2020,31,C,Galium corrudifolium Vill.,Galium corrudifolium Vill.,1
2020,31,C,Hieracium pilosella L.,Pilosella officinarum F.W.Schultz & Sch.Bip.,+
2020,31,C,Hippocrepis comosa L.,Hippocrepis comosa L. subsp. comosa,+
2020,31,C,Knautia purpurea (Vill.) Borbás,Knautia calycina (C.Presl) Guss.,1
2020,31,C,Koeleria macrantha (Ledeb.) Sprengel,Koeleria macrantha (Ledeb.) Schult. subsp. macrantha,1
2020,31,C,Leontodon cichoraceus (Ten.) Sanguin.,Scorzoneroides cichoriacea (Ten.) Greuter,+
2020,31,C,Linum catharticum L. subsp. catharticum,Linum catharticum L. subsp. catharticum,+
2020,31,C,Lotus corniculatus L.,Lotus corniculatus L. subsp. corniculatus,+
2020,31,C,Luzula campestris (L.) DC.,Luzula campestris (L.) DC. subsp. campestris,+
2020,31,C,Muscari neglectum Guss.,Muscari neglectum Guss. ex Ten. & Sangiovanni,+
2020,31,C,Ornithogalum umbellatum L.,Ornithogalum etruscum Parl. subsp. etruscum ,+
2020,31,C,Plantago argentea Chaix,Plantago argentea Chaix subsp. argentea,1
2020,31,C,Plantago media L.,Plantago media L. subsp. media,+
2020,31,C,Potentilla tabernaemontani Asch.,Potentilla rigoana Th.Wolf,+
2020,31,C,Sanguisorba minor Scop. subsp. muricata (Gremli) Briq.,Poterium sanguisorba L. subsp. balearicum (Bourg. ex Nyman) Stace,+
2020,31,C,Senecio doronicum L. subsp. doronicum,Senecio doronicum (L.) L. subsp. doronicum,+
2020,31,C,Stachys officinalis (L.) Trevisan subsp. officinalis,Betonica officinalis L.,+
2020,31,C,Teucrium chamaedrys L.,Teucrium chamaedrys L. subsp. chamaedrys,+
2020,31,C,Thymus longicaulis Presl,Thymus longicaulis C.Presl subsp. longicaulis,+
2020,31,C,Thymus sp.,Thymus sp.,+
2020,31,C,Tragopogon pratensis L. subsp. orientalis (L.) Čelak.,Tragopogon orientalis L.,+
2020,31,C,Trifolium montanum L. subsp. rupestre (Ten.) Pignatti,Trifolium montanum L. subsp. rupestre (Ten.) Nyman,+
2020,31,C,Trifolium ochroleucum Huds.,Trifolium ochroleucon Huds.,+
2020,31,C,Trinia glauca (L.) Dumort. subsp. carniolica (Kerner) Wolff,Trinia glauca (L.) Dumort. subsp. carniolica (A.Kern. ex Janch.) H.Wolff,+
2020,31,C,Viola eugeniae Parl. subsp. eugeniae,Viola eugeniae Parl. subsp. eugeniae,+
2024,31,C,Agrostis tenuis Sibth.,Agrostis capillaris L.,+
2024,31,C,Aira caryophyllea subsp. caryophyllea,Aira caryophyllea L.,+
2024,31,C,Allium sphaerocephalon L.,Allium sphaerocephalon L. subsp. sphaerocephalon,+
2024,31,C,Allium vineale L.,Allium vineale L.,+
2024,31,C,Anthoxanthum odoratum L.,Anthoxanthum odoratum L.,+
2024,31,C,Armeria canescens (Host) Boiss. subsp. canescens,Armeria gracilis Ten. subsp. gracilis,+
2024,31,C,Avenula praetutiana (Parl.) Pignatti,"Helictochloa praetutiana (Parl. ex Arcang.) Bartolucci, F.Conti, Peruzzi & Banfi subsp. praetutiana",+
2024,31,C,Brachypodium rupestre (Host) Roem. & Schult.,Brachypodium rupestre (Host) Roem. & Schult.,3
2024,31,C,Bromus erectus Huds.,Bromopsis erecta (Huds.) Fourr.,2
2024,31,C,Carex caryophyllea La Tourr.,Carex caryophyllea Latourr.,1
2024,31,C,Centaurea bracteata Scop.,Centaurea jacea L. subsp. gaudinii (Boiss. & Reut.) Gremli,+
2024,31,C,Centaurea triumfettii All.,Centaurea triumfettii All.,+
2024,31,C,Cerastium arvense L. subsp. suffruticosum (L.) Nym.,Cerastium arvense L. subsp. suffruticosum (L.) Ces.,+
2024,31,C,Cerastium glutinosum Fr.,Cerastium glutinosum Fr.,+
2024,31,C,Coronilla minima L.,Coronilla minima L.,+
2024,31,C,Orchis sambucina L.,Dactylorhiza sambucina (L.) Soó,+
2024,31,C,Eryngium amethystinum L.,Eryngium amethystinum L.,+
2024,31,C,Euphrasia salisburgensis Funk,Euphrasia salisburgensis Funck ex Hoppe,+
2024,31,C,Festuca circummediterranea Patzke,Festuca circummediterranea Patzke,1
2024,31,C,Festuca inops De Not.,Festuca inops De Not.,1
2024,31,C,Festuca trachyphylla (Hackel) Krajina,Festuca trachyphylla (Hack.) R.P.Murray,1
2024,31,C,Galium corrudifolium Vill.,Galium corrudifolium Vill.,2
2024,31,C,Hieracium cymosum L.,Pilosella cymosa (L.) F.W.Schultz & Sch.Bip. subsp. sabina (Sebast.) H.P.Fuchs,+
2024,31,C,Hieracium pilosella L.,Pilosella officinarum F.W.Schultz & Sch.Bip.,+
2024,31,C,Hippocrepis comosa L.,Hippocrepis comosa L. subsp. comosa,+
2024,31,C,Hypericum perforatum L. subsp. angustifolium (DC.) Gaudin,Hypericum perforatum L. subsp. veronense (Schrank) Ces.,+
2024,31,C,Knautia purpurea (Vill.) Borbás,Knautia calycina (C.Presl) Guss.,1
2024,31,C,Koeleria macrantha (Ledeb.) Sprengel,Koeleria macrantha (Ledeb.) Schult. subsp. macrantha,1
2024,31,C,Leontodon cichoraceus (Ten.) Sanguin.,Scorzoneroides cichoriacea (Ten.) Greuter,1
2024,31,C,Lilium bulbiferum L. subsp. croceum (Chaix) Baker,Lilium bulbiferum L. subsp. croceum (Chaix) Jan,+
2024,31,C,Linum catharticum L. subsp. catharticum,Linum catharticum L. subsp. catharticum,+
2024,31,C,Lotus corniculatus L.,Lotus corniculatus L. subsp. corniculatus,+
2024,31,C,Luzula campestris (L.) DC.,Luzula campestris (L.) DC. subsp. campestris,+
2024,31,C,Muscari neglectum Guss.,Muscari neglectum Guss. ex Ten. & Sangiovanni,+
2024,31,C,Myosotis alpestris F.W.Schmidt,Myosotis graui Selvi,+
2024,31,C,Onobrychis viciifolia Scop.,Onobrychis viciifolia Scop.,+
2024,31,C,Ornithogalum umbellatum L.,Ornithogalum etruscum Parl. subsp. etruscum ,+
2024,31,C,Plantago argentea Chaix,Plantago argentea Chaix subsp. argentea,1
2024,31,C,Plantago media L.,Plantago media L. subsp. media,+
2024,31,C,Potentilla tabernaemontani Asch.,Potentilla rigoana Th.Wolf,+
2024,31,C,Rhinanthus minor L.,Rhinanthus minor L.,+
2024,31,C,Rumex acetosella L.,Rumex acetosella L. subsp. pyrenaicus (Pourr. ex Lapeyr.) Akeroyd,+
2024,31,C,Senecio doronicum L. subsp. doronicum,Senecio doronicum (L.) L. subsp. doronicum,+
2024,31,C,Stachys officinalis (L.) Trevisan subsp. officinalis,Betonica officinalis L.,+
2024,31,C,Thymus longicaulis Presl,Thymus longicaulis C.Presl subsp. longicaulis,+
2024,31,C,Thymus sp.,Thymus sp.,+
2024,31,C,Trifolium ochroleucum Huds.,Trifolium ochroleucon Huds.,+
2024,31,C,Trinia glauca (L.) Dumort. subsp. carniolica (Kerner) Wolff,Trinia glauca (L.) Dumort. subsp. carniolica (A.Kern. ex Janch.) H.Wolff,+
2024,31,C,Valeriana tuberosa L.,Valeriana tuberosa L.,+
2002,32,C,Allium vineale L.,Allium vineale L.,p
2002,32,C,Alyssum minus (L.) Rothm.,Alyssum alyssoides (L.) L.,p
2002,32,C,Anthoxanthum odoratum L.,Anthoxanthum odoratum L.,p
2002,32,C,Asperula cynanchica L.,Cynanchica pyrenaica (L.) P.Caputo & Del Guacchio subsp. cynanchica (L.) P.Caputo & Del Guacchio,p
2002,32,C,Asperula purpurea (L.) Ehrend.,Thliphthisa purpurea (L.) P.Caputo & Del Guacchio subsp. purpurea,p
2002,32,C,Avenula praetutiana (Parl.) Pignatti,"Helictochloa praetutiana (Parl. ex Arcang.) Bartolucci, F.Conti, Peruzzi & Banfi subsp. praetutiana",p
2002,32,C,Brachypodium rupestre (Host) Roem. & Schult. subsp. rupestre,Brachypodium rupestre (Host) Roem. & Schult.,p
2002,32,C,Bromus erectus Huds.,Bromopsis erecta (Huds.) Fourr.,p
2002,32,C,Carex macrolepis DC.,Carex macrolepis DC.,p
2002,32,C,Centaurea triumfettii All.,Centaurea triumfettii All.,p
2002,32,C,Cerastium arvense L. subsp. suffruticosum (L.) Nym.,Cerastium arvense L. subsp. suffruticosum (L.) Ces.,p
2002,32,C,Cerastium pumilum Curtis,Cerastium pumilum Curtis,p
2002,32,C,Orchis sambucina L.,Dactylorhiza sambucina (L.) Soó,p
2002,32,C,Dianthus sylvestris Wulfen subsp. garganicus (Grande) Pignatti,Dianthus virgineus L.,p
2002,32,C,Eryngium amethystinum L.,Eryngium amethystinum L.,p
2002,32,C,Festuca circummediterranea Patzke,Festuca circummediterranea Patzke,p
2002,32,C,Helianthemum canum (L.) Baumg. subsp. canum,Helianthemum oelandicum (L.) Dum.Cours. subsp. incanum (Willk.) G.López,p
2002,32,C,Hieracium pilosella L.,Pilosella officinarum F.W.Schultz & Sch.Bip.,p
2002,32,C,Knautia purpurea (Vill.) Borbás,Knautia calycina (C.Presl) Guss.,p
2002,32,C,Koeleria macrantha (Ledeb.) Sprengel,Koeleria macrantha (Ledeb.) Schult. subsp. macrantha,p
2002,32,C,Koeleria splendens Presl,Koeleria splendens C.Presl,p
2002,32,C,Leontodon cichoraceus (Ten.) Sanguin.,Scorzoneroides cichoriacea (Ten.) Greuter,p
2002,32,C,Muscari neglectum Guss.,Muscari neglectum Guss. ex Ten. & Sangiovanni,p
2002,32,C,Ornithogalum comosum L.,Ornithogalum comosum L.,p
2002,32,C,Potentilla tabernaemontani Asch.,Potentilla rigoana Th.Wolf,p
2002,32,C,Primula veris L. subsp. columnae (Ten.) Ludi,Primula veris L. subsp. columnae (Ten.) Maire & Petitm.,p
2002,32,C,Rhinanthus minor L.,Rhinanthus minor L.,p
2002,32,C,Sanguisorba minor Scop. subsp. muricata (Gremli) Briq.,Poterium sanguisorba L. subsp. balearicum (Bourg. ex Nyman) Stace,p
2002,32,C,Saxifraga bulbifera L.,Saxifraga bulbifera L.,p
2002,32,C,Sedum sexangulare L.,Sedum sexangulare L.,p
2002,32,C,Senecio doronicum L. subsp. gerardii (G. et G.) Nyman,Senecio apenninus Tausch,p
2002,32,C,Thymus longicaulis Presl,Thymus longicaulis C.Presl subsp. longicaulis,p
2002,32,C,Trinia glauca (L.) Dumort. subsp. carniolica (Kerner) Wolff,Trinia glauca (L.) Dumort. subsp. carniolica (A.Kern. ex Janch.) H.Wolff,p
2002,32,C,Valeriana tuberosa L.,Valeriana tuberosa L.,p
2003,32,C,Acer obtusatum Waldst. & Kit.,Acer opalus Mill. subsp. obtusatum (Waldst. & Kit. ex Willd.) Gams,p
2003,32,C,Arctium nemorosum Lej. et Court.,Arctium nemorosum Lej.,p
2003,32,C,Brachypodium rupestre (Host) Roem. & Schult. subsp. rupestre,Brachypodium rupestre (Host) Roem. & Schult.,p
2003,32,C,Bromus erectus Huds.,Bromopsis erecta (Huds.) Fourr.,p
2003,32,C,Bupleurum falcatum L. subsp. cernuum (Ten.) Arcang.,Bupleurum falcatum L. subsp. cernuum (Nyman) Arcang.,p
2003,32,C,Carex macrolepis DC.,Carex macrolepis DC.,p
2003,32,C,Centaurea ambigua Guss. subsp. ambigua,Centaurea arrigonii Greuter,p
2003,32,C,Cornus mas L.,Cornus mas L.,p
2003,32,C,Cytisus sessilifolius L.,Cytisophyllum sessilifolium (L.) O.Lang,p
2003,32,C,Dactylis glomerata L.,Dactylis glomerata L. subsp. glomerata,p
2003,32,C,Daphne laureola L.,Daphne laureola L.,p
2003,32,C,Digitalis micrantha Roth,Digitalis micrantha Roth ex Schweigg.,p
2003,32,C,Eryngium amethystinum L.,Eryngium amethystinum L.,p
2003,32,C,Fagus sylvatica L.,Fagus sylvatica L. subsp. sylvatica,p
2003,32,C,Festuca circummediterranea Patzke,Festuca circummediterranea Patzke,p
2003,32,C,Fraxinus ornus L.,Fraxinus ornus L. subsp. ornus,p
2003,32,C,Galium corrudifolium Vill.,Galium corrudifolium Vill.,p
2003,32,C,Helleborus bocconei Ten. subsp. bocconei,Helleborus viridis L. subsp. bocconei (Ten.) Peruzzi,p
2003,32,C,Juniperus oxycedrus L. subsp. oxycedrus,Juniperus deltoides R.P.Adams ,p
2003,32,C,Knautia purpurea (Vill.) Borbás,Knautia calycina (C.Presl) Guss.,p
2003,32,C,Lathyrus sylvestris L.,Lathyrus sylvestris L. subsp. sylvestris,p
2003,32,C,Lonicera xylosteum L.,Lonicera xylosteum L.,p
2003,32,C,Melica uniflora Retz.,Melica uniflora Retz.,p
2003,32,C,Ptilostemon strictus (Ten.) Greuter,Ptilostemon strictus (Ten.) Greuter,p
2003,32,C,Quercus pubescens Willd.,Quercus pubescens Willd. subsp. pubescens,p
2003,32,C,Rosa canina L.,Rosa canina L.,p
2003,32,C,Sesleria nitida Ten.,Sesleria nitida Ten.,p
2003,32,C,Sorbus aria (L.) Crantz,Sorbus aria (L.) Crantz,p
2003,32,C,Tanacetum corymbosum var. tenuifolium (Willd.) Briq. et Cavill.,Tanacetum corymbosum (L.) Sch.Bip. subsp. achilleae (L.) Greuter,p
2003,32,C,Teucrium chamaedrys L.,Teucrium chamaedrys L. subsp. chamaedrys,p
2003,32,C,Viburnum lantana L.,Viburnum lantana L.,p
2003,32,C,Vicia onobrychioides L.,Vicia onobrychioides L.,p
2015,32,C,Aira caryophyllea subsp. caryophyllea,Aira caryophyllea L.,1
2015,32,C,Allium vineale L.,Allium vineale L.,+
2015,32,C,Anthoxanthum odoratum L.,Anthoxanthum odoratum L.,2
2015,32,C,Anthyllis vulneraria L. subsp. polyphylla (DC.) Nyman,Anthyllis vulneraria L. subsp. polyphylla (DC.) Nyman,+
2015,32,C,Anthyllis vulneraria L. subsp. praepropera (Kerner) Bornm.,Anthyllis vulneraria L. subsp. rubriflora (DC.) Arcang.,+
2015,32,C,Anthyllis vulneraria L. subsp. pulchella (Vis.) Bornm.,Anthyllis vulneraria L. subsp. pulchella (Vis.) Bornm.,+
2015,32,C,Arenaria serpyllifolia L.,Arenaria serpyllifolia L. subsp. serpyllifolia,1
2015,32,C,Armeria canescens (Host) Boiss. subsp. canescens,Armeria gracilis Ten. subsp. gracilis,+
2015,32,C,Asperula cynanchica L.,Cynanchica pyrenaica (L.) P.Caputo & Del Guacchio subsp. cynanchica (L.) P.Caputo & Del Guacchio,+
2015,32,C,Asperula purpurea (L.) Ehrend.,Thliphthisa purpurea (L.) P.Caputo & Del Guacchio subsp. purpurea,+
2015,32,C,Avenula praetutiana (Parl.) Pignatti,"Helictochloa praetutiana (Parl. ex Arcang.) Bartolucci, F.Conti, Peruzzi & Banfi subsp. praetutiana",+
2015,32,C,Brachypodium rupestre (Host) Roem. & Schult.,Brachypodium rupestre (Host) Roem. & Schult.,1
2015,32,C,Bromus erectus Huds.,Bromopsis erecta (Huds.) Fourr.,1
2015,32,C,Bunium bulbocastanum L.,Bunium bulbocastanum L.,+
2015,32,C,Campanula rapunculus L.,Campanula rapunculus L.,+
2015,32,C,Carex caryophyllea La Tourr.,Carex caryophyllea Latourr.,+
2015,32,C,Cerastium arvense L. subsp. suffruticosum (L.) Nym.,Cerastium arvense L. subsp. suffruticosum (L.) Ces.,+
2015,32,C,Coronilla minima L.,Coronilla minima L.,+
2015,32,C,Cuscuta epithymum (L.) L.,Cuscuta epithymum (L.) L. subsp. epithymum ,+
2015,32,C,Cynosurus echinatus L.,Cynosurus echinatus L.,+
2015,32,C,Orchis sambucina L.,Dactylorhiza sambucina (L.) Soó,+
2015,32,C,Dianthus sylvestris Wulfen subsp. garganicus (Grande) Pignatti,Dianthus virgineus L.,+
2015,32,C,Eryngium amethystinum L.,Eryngium amethystinum L.,+
2015,32,C,Euphrasia salisburgensis Funk,Euphrasia salisburgensis Funck ex Hoppe,+
2015,32,C,Festuca nigrescens Lam. subsp. microphylla (St.-Yves) Mgf.-Dbg.,Festuca rubra L. subsp. commutata (Gaudin) Markgr.-Dann.,+
2015,32,C,Festuca trachyphylla (Hackel) Krajina,Festuca trachyphylla (Hack.) R.P.Murray,2
2015,32,C,Galium verum L. subsp. verum,Galium verum L. subsp. verum,+
2015,32,C,Gentiana verna L.,Gentiana verna L. subsp. verna,+
2015,32,C,Helianthemum canum (L.) Baumg. subsp. canum,Helianthemum oelandicum (L.) Dum.Cours. subsp. incanum (Willk.) G.López,+
2015,32,C,Hieracium cymosum L.,Pilosella cymosa (L.) F.W.Schultz & Sch.Bip. subsp. sabina (Sebast.) H.P.Fuchs,+
2015,32,C,Hypericum perforatum L. subsp. angustifolium (DC.) Gaudin,Hypericum perforatum L. subsp. veronense (Schrank) Ces.,+
2015,32,C,Knautia purpurea (Vill.) Borbás,Knautia calycina (C.Presl) Guss.,+
2015,32,C,Koeleria macrantha (Ledeb.) Sprengel,Koeleria macrantha (Ledeb.) Schult. subsp. macrantha,1
2015,32,C,Koeleria splendens Presl,Koeleria splendens C.Presl,+
2015,32,C,Leontodon cichoraceus (Ten.) Sanguin.,Scorzoneroides cichoriacea (Ten.) Greuter,+
2015,32,C,Luzula campestris (L.) DC.,Luzula campestris (L.) DC. subsp. campestris,+
2015,32,C,Plantago argentea Chaix,Plantago argentea Chaix subsp. argentea,+
2015,32,C,Plantago lanceolata L. var. lanceolata,Plantago lanceolata L.,+
2015,32,C,Poa alpina L.,Poa alpina L.,+
2015,32,C,Potentilla tabernaemontani Asch.,Potentilla rigoana Th.Wolf,1
2015,32,C,Rhinanthus minor L.,Rhinanthus minor L.,1
2015,32,C,Sanguisorba minor Scop. subsp. muricata (Gremli) Briq.,Poterium sanguisorba L. subsp. balearicum (Bourg. ex Nyman) Stace,+
2015,32,C,Sedum sexangulare L.,Sedum sexangulare L.,1
2015,32,C,Thymus longicaulis Presl,Thymus longicaulis C.Presl subsp. longicaulis,+
2015,32,C,Thymus sp.,Thymus sp.,2
2015,32,C,Trifolium montanum L. subsp. rupestre (Ten.) Pignatti,Trifolium montanum L. subsp. rupestre (Ten.) Nyman,1
2015,32,C,Trinia glauca (L.) Dumort. subsp. carniolica (Kerner) Wolff,Trinia glauca (L.) Dumort. subsp. carniolica (A.Kern. ex Janch.) H.Wolff,+
2020,32,C,Aira caryophyllea subsp. caryophyllea,Aira caryophyllea L.,+
2020,32,C,Allium vineale L.,Allium vineale L.,+
2020,32,C,Anthoxanthum odoratum L.,Anthoxanthum odoratum L.,+
2020,32,C,Anthyllis vulneraria L. subsp. polyphylla (DC.) Nyman,Anthyllis vulneraria L. subsp. polyphylla (DC.) Nyman,+
2020,32,C,Anthyllis vulneraria L. subsp. pulchella (Vis.) Bornm.,Anthyllis vulneraria L. subsp. pulchella (Vis.) Bornm.,+
2020,32,C,Arenaria serpyllifolia L.,Arenaria serpyllifolia L. subsp. serpyllifolia,+
2020,32,C,Armeria canescens (Host) Boiss. subsp. canescens,Armeria gracilis Ten. subsp. gracilis,+
2020,32,C,Asperula cynanchica L.,Cynanchica pyrenaica (L.) P.Caputo & Del Guacchio subsp. cynanchica (L.) P.Caputo & Del Guacchio,+
2020,32,C,Avenula praetutiana (Parl.) Pignatti,"Helictochloa praetutiana (Parl. ex Arcang.) Bartolucci, F.Conti, Peruzzi & Banfi subsp. praetutiana",+
2020,32,C,Brachypodium rupestre (Host) Roem. & Schult.,Brachypodium rupestre (Host) Roem. & Schult.,2
2020,32,C,Bromus erectus Huds.,Bromopsis erecta (Huds.) Fourr.,2
2020,32,C,Bunium bulbocastanum L.,Bunium bulbocastanum L.,+
2020,32,C,Carex caryophyllea La Tourr.,Carex caryophyllea Latourr.,+
2020,32,C,Carex humilis Leyser,Carex humilis Leyss.,+
2020,32,C,Cerastium arvense L. subsp. suffruticosum (L.) Nym.,Cerastium arvense L. subsp. suffruticosum (L.) Ces.,+
2020,32,C,Cerastium glutinosum Fr.,Cerastium glutinosum Fr.,+
2020,32,C,Coronilla minima L.,Coronilla minima L.,+
2020,32,C,Orchis sambucina L.,Dactylorhiza sambucina (L.) Soó,+
2020,32,C,Dianthus carthusianorum L. subsp. tenorei (Lacaita) Pignatti,Dianthus carthusianorum L. subsp. carthusianorum,+
2020,32,C,Dianthus sylvestris Wulfen subsp. garganicus (Grande) Pignatti,Dianthus virgineus L.,+
2020,32,C,Eryngium amethystinum L.,Eryngium amethystinum L.,+
2020,32,C,Euphrasia salisburgensis Funk,Euphrasia salisburgensis Funck ex Hoppe,+
2020,32,C,Festuca inops De Not.,Festuca inops De Not.,2
2020,32,C,Festuca trachyphylla (Hackel) Krajina,Festuca trachyphylla (Hack.) R.P.Murray,+
2020,32,C,Galium corrudifolium Vill.,Galium corrudifolium Vill.,+
2020,32,C,Galium verum L. subsp. verum,Galium verum L. subsp. verum,+
2020,32,C,Helianthemum canum (L.) Baumg. subsp. canum,Helianthemum oelandicum (L.) Dum.Cours. subsp. incanum (Willk.) G.López,+
2020,32,C,Helianthemum nummularium (L.) Mill. subsp. obscurum (Čelak.) Holub,Helianthemum nummularium (L.) Mill. subsp. obscurum (Čelak.) Holub,+
2020,32,C,Hieracium cymosum L.,Pilosella cymosa (L.) F.W.Schultz & Sch.Bip. subsp. sabina (Sebast.) H.P.Fuchs,+
2020,32,C,Hieracium pilosella L.,Pilosella officinarum F.W.Schultz & Sch.Bip.,+
2020,32,C,Hippocrepis comosa L.,Hippocrepis comosa L. subsp. comosa,+
2020,32,C,Hornungia petraea (L.) Rchb.,Hornungia petraea (L.) Rchb. subsp. petraea,+
2020,32,C,Knautia purpurea (Vill.) Borbás,Knautia calycina (C.Presl) Guss.,+
2020,32,C,Koeleria splendens Presl,Koeleria splendens C.Presl,2
2020,32,C,Leontodon cichoraceus (Ten.) Sanguin.,Scorzoneroides cichoriacea (Ten.) Greuter,+
2020,32,C,Linum catharticum L. subsp. catharticum,Linum catharticum L. subsp. catharticum,+
2020,32,C,Lotus corniculatus L.,Lotus corniculatus L. subsp. corniculatus,+
2020,32,C,Luzula campestris (L.) DC.,Luzula campestris (L.) DC. subsp. campestris,+
2020,32,C,Minuartia verna (L.) Hiern subsp. collina (Neilr.) Halliday,Sabulina glaucina (Dvořáková) Dillenb. & Kadereit,+
2020,32,C,Muscari neglectum Guss.,Muscari neglectum Guss. ex Ten. & Sangiovanni,+
2020,32,C,Ornithogalum comosum L.,Ornithogalum comosum L.,+
2020,32,C,Orobanche alba Stephan,Orobanche alba Stephan ex Willd.,+
2020,32,C,Plantago argentea Chaix,Plantago argentea Chaix subsp. argentea,1
2020,32,C,Potentilla tabernaemontani Asch.,Potentilla rigoana Th.Wolf,+
2020,32,C,Rhinanthus minor L.,Rhinanthus minor L.,+
2020,32,C,Sanguisorba minor Scop. subsp. muricata (Gremli) Briq.,Poterium sanguisorba L. subsp. balearicum (Bourg. ex Nyman) Stace,+
2020,32,C,Sedum sexangulare L.,Sedum sexangulare L.,+
2020,32,C,Senecio doronicum L. subsp. gerardii (G. et G.) Nyman,Senecio apenninus Tausch,+
2020,32,C,Seseli libanotis (L.) Koch,Seseli libanotis (L.) W.D.J.Koch,+
2020,32,C,Thymus longicaulis Presl,Thymus longicaulis C.Presl subsp. longicaulis,1
2020,32,C,Thymus sp.,Thymus sp.,+
2020,32,C,Trifolium campestre Schreb.,Trifolium campestre Schreb.,+
2020,32,C,Trifolium ochroleucum Huds.,Trifolium ochroleucon Huds.,+
2020,32,C,Trinia glauca (L.) Dumort. subsp. carniolica (Kerner) Wolff,Trinia glauca (L.) Dumort. subsp. carniolica (A.Kern. ex Janch.) H.Wolff,2
2024,32,C,Acinos alpinus (L.) Moench,Ziziphora granatensis (Boiss. & Reut.) Melnikov subsp. alpina (L.) Bräuchler & Gutermann,+
2024,32,C,Agrostis tenuis Sibth.,Agrostis capillaris L.,+
2024,32,C,Aira caryophyllea subsp. caryophyllea,Aira caryophyllea L.,2
2024,32,C,Allium vineale L.,Allium vineale L.,+
2024,32,C,Anthoxanthum odoratum L.,Anthoxanthum odoratum L.,1
2024,32,C,Anthyllis vulneraria L. subsp. polyphylla (DC.) Nyman,Anthyllis vulneraria L. subsp. polyphylla (DC.) Nyman,+
2024,32,C,Anthyllis vulneraria L. subsp. pulchella (Vis.) Bornm.,Anthyllis vulneraria L. subsp. pulchella (Vis.) Bornm.,+
2024,32,C,Armeria canescens (Host) Boiss. subsp. canescens,Armeria gracilis Ten. subsp. gracilis,+
2024,32,C,Avenula praetutiana (Parl.) Pignatti,"Helictochloa praetutiana (Parl. ex Arcang.) Bartolucci, F.Conti, Peruzzi & Banfi subsp. praetutiana",+
2024,32,C,Brachypodium rupestre (Host) Roem. & Schult.,Brachypodium rupestre (Host) Roem. & Schult.,2
2024,32,C,Bromus erectus Huds.,Bromopsis erecta (Huds.) Fourr.,2
2024,32,C,Bunium bulbocastanum L.,Bunium bulbocastanum L.,+
2024,32,C,Carex caryophyllea La Tourr.,Carex caryophyllea Latourr.,1
2024,32,C,Cerastium arvense L. subsp. suffruticosum (L.) Nym.,Cerastium arvense L. subsp. suffruticosum (L.) Ces.,+
2024,32,C,Cerastium glutinosum Fr.,Cerastium glutinosum Fr.,+
2024,32,C,Crepis lacera Ten.,Crepis lacera Ten.,+
2024,32,C,Cynosurus echinatus L.,Cynosurus echinatus L.,+
2024,32,C,Orchis sambucina L.,Dactylorhiza sambucina (L.) Soó,+
2024,32,C,Eryngium amethystinum L.,Eryngium amethystinum L.,1
2024,32,C,Euphrasia salisburgensis Funk,Euphrasia salisburgensis Funck ex Hoppe,+
2024,32,C,Festuca circummediterranea Patzke,Festuca circummediterranea Patzke,1
2024,32,C,Festuca inops De Not.,Festuca inops De Not.,1
2024,32,C,Festuca trachyphylla (Hackel) Krajina,Festuca trachyphylla (Hack.) R.P.Murray,1
2024,32,C,Galium corrudifolium Vill.,Galium corrudifolium Vill.,2
2024,32,C,Galium verum L. subsp. verum,Galium verum L. subsp. verum,+
2024,32,C,Helianthemum apenninum (L.) Mill.,Helianthemum apenninum (L.) Mill. subsp. apenninum,+
2024,32,C,Helianthemum canum (L.) Baumg. subsp. canum,Helianthemum oelandicum (L.) Dum.Cours. subsp. incanum (Willk.) G.López,+
2024,32,C,Helianthemum nummularium (L.) Mill. subsp. obscurum (Čelak.) Holub,Helianthemum nummularium (L.) Mill. subsp. obscurum (Čelak.) Holub,+
2024,32,C,Hieracium cymosum L.,Pilosella cymosa (L.) F.W.Schultz & Sch.Bip. subsp. sabina (Sebast.) H.P.Fuchs,+
2024,32,C,Hieracium pilosella L.,Pilosella officinarum F.W.Schultz & Sch.Bip.,+
2024,32,C,Hippocrepis comosa L.,Hippocrepis comosa L. subsp. comosa,+
2024,32,C,Hornungia petraea (L.) Rchb.,Hornungia petraea (L.) Rchb. subsp. petraea,+
2024,32,C,Knautia purpurea (Vill.) Borbás,Knautia calycina (C.Presl) Guss.,+
2024,32,C,Koeleria macrantha (Ledeb.) Sprengel,Koeleria macrantha (Ledeb.) Schult. subsp. macrantha,1
2024,32,C,Koeleria splendens Presl,Koeleria splendens C.Presl,2
2024,32,C,Leontodon cichoraceus (Ten.) Sanguin.,Scorzoneroides cichoriacea (Ten.) Greuter,1
2024,32,C,Linum catharticum L. subsp. catharticum,Linum catharticum L. subsp. catharticum,+
2024,32,C,Luzula campestris (L.) DC.,Luzula campestris (L.) DC. subsp. campestris,+
2024,32,C,Muscari neglectum Guss.,Muscari neglectum Guss. ex Ten. & Sangiovanni,+
2024,32,C,Myosotis alpestris F.W.Schmidt,Myosotis graui Selvi,+
2024,32,C,Ornithogalum comosum L.,Ornithogalum comosum L.,+
2024,32,C,Plantago argentea Chaix,Plantago argentea Chaix subsp. argentea,+
2024,32,C,Poa alpina L.,Poa alpina L.,+
2024,32,C,Potentilla tabernaemontani Asch.,Potentilla rigoana Th.Wolf,+
2024,32,C,Rhinanthus minor L.,Rhinanthus minor L.,+
2024,32,C,Sanguisorba minor Scop. subsp. muricata (Gremli) Briq.,Poterium sanguisorba L. subsp. balearicum (Bourg. ex Nyman) Stace,+
2024,32,C,Sedum sexangulare L.,Sedum sexangulare L.,+
2024,32,C,Senecio doronicum L. subsp. gerardii (G. et G.) Nyman,Senecio apenninus Tausch,+
2024,32,C,Teucrium chamaedrys L.,Teucrium chamaedrys L. subsp. chamaedrys,+
2024,32,C,Thymus longicaulis Presl,Thymus longicaulis C.Presl subsp. longicaulis,1
2024,32,C,Thymus sp.,Thymus sp.,+
2024,32,C,Trifolium campestre Schreb.,Trifolium campestre Schreb.,+
2024,32,C,Trifolium ochroleucum Huds.,Trifolium ochroleucon Huds.,+
2024,32,C,Trinia glauca (L.) Dumort. subsp. carniolica (Kerner) Wolff,Trinia glauca (L.) Dumort. subsp. carniolica (A.Kern. ex Janch.) H.Wolff,1
2024,32,C,Valeriana tuberosa L.,Valeriana tuberosa L.,+
2002,33,C,Allium sphaerocephalon L.,Allium sphaerocephalon L. subsp. sphaerocephalon,p
2002,33,C,Asperula cynanchica L.,Cynanchica pyrenaica (L.) P.Caputo & Del Guacchio subsp. cynanchica (L.) P.Caputo & Del Guacchio,p
2002,33,C,Asperula purpurea (L.) Ehrend.,Thliphthisa purpurea (L.) P.Caputo & Del Guacchio subsp. purpurea,p
2002,33,C,Avenula praetutiana (Parl.) Pignatti,"Helictochloa praetutiana (Parl. ex Arcang.) Bartolucci, F.Conti, Peruzzi & Banfi subsp. praetutiana",p
2002,33,C,Brachypodium rupestre (Host) Roem. & Schult. subsp. rupestre,Brachypodium rupestre (Host) Roem. & Schult.,p
2002,33,C,Bromus erectus Huds.,Bromopsis erecta (Huds.) Fourr.,p
2002,33,C,Carex macrolepis DC.,Carex macrolepis DC.,p
2002,33,C,Centaurea ambigua Guss. subsp. ambigua,Centaurea arrigonii Greuter,p
2002,33,C,Centaurea triumfettii All.,Centaurea triumfettii All.,p
2002,33,C,Coronilla minima L.,Coronilla minima L.,p
2002,33,C,Cytisus sessilifolius L.,Cytisophyllum sessilifolium (L.) O.Lang,p
2002,33,C,Dianthus sylvestris Wulfen subsp. garganicus (Grande) Pignatti,Dianthus virgineus L.,p
2002,33,C,Eryngium amethystinum L.,Eryngium amethystinum L.,p
2002,33,C,Festuca circummediterranea Patzke,Festuca circummediterranea Patzke,p
2002,33,C,Helianthemum apenninum (L.) Mill.,Helianthemum apenninum (L.) Mill. subsp. apenninum,p
2002,33,C,Helianthemum nummularium (L.) Mill. subsp. obscurum (Čelak.) Holub,Helianthemum nummularium (L.) Mill. subsp. obscurum (Čelak.) Holub,p
2002,33,C,Juniperus oxycedrus L. subsp. oxycedrus,Juniperus deltoides R.P.Adams ,p
2002,33,C,Knautia purpurea (Vill.) Borbás,Knautia calycina (C.Presl) Guss.,p
2002,33,C,Koeleria macrantha (Ledeb.) Sprengel,Koeleria macrantha (Ledeb.) Schult. subsp. macrantha,p
2002,33,C,Lathyrus sylvestris L.,Lathyrus sylvestris L. subsp. sylvestris,p
2002,33,C,Leontodon crispus Vill.,Leontodon crispus Vill.,p
2002,33,C,Onobrychis viciifolia Scop.,Onobrychis viciifolia Scop.,p
2002,33,C,Orobanche alba Stephan,Orobanche alba Stephan ex Willd.,p
2002,33,C,Polygala nicaeensis Risso subsp. mediterranea Chodat,Polygala nicaeensis Risso ex W.D.J.Koch subsp. mediterranea Chodat,p
2002,33,C,Quercus pubescens Willd.,Quercus pubescens Willd. subsp. pubescens,p
2002,33,C,Sanguisorba minor Scop. subsp. muricata (Gremli) Briq.,Poterium sanguisorba L. subsp. balearicum (Bourg. ex Nyman) Stace,p
2002,33,C,Sedum rupestre L. subsp. rupestre,Petrosedum rupestre (L.) P.V.Heath,p
2002,33,C,Senecio doronicum L. subsp. doronicum,Senecio doronicum (L.) L. subsp. doronicum,p
2002,33,C,Sesleria nitida Ten.,Sesleria nitida Ten.,p
2002,33,C,Sorbus aria (L.) Crantz,Sorbus aria (L.) Crantz,p
2002,33,C,Stachys recta L. subsp. recta,Stachys recta L. subsp. recta,p
2002,33,C,Thymus longicaulis Presl,Thymus longicaulis C.Presl subsp. longicaulis,p
2003,33,C,Anthyllis vulneraria L. subsp. praepropera (Kerner) Bornm.,Anthyllis vulneraria L. subsp. rubriflora (DC.) Arcang.,p
2003,33,C,Arabis collina Ten.,Arabis collina Ten.,p
2003,33,C,Armeria canescens (Host) Boiss. subsp. canescens,Armeria gracilis Ten. subsp. gracilis,p
2003,33,C,Asperula purpurea (L.) Ehrend.,Thliphthisa purpurea (L.) P.Caputo & Del Guacchio subsp. purpurea,p
2003,33,C,Brachypodium rupestre (Host) Roem. & Schult. subsp. rupestre,Brachypodium rupestre (Host) Roem. & Schult.,p
2003,33,C,Bromus erectus Huds.,Bromopsis erecta (Huds.) Fourr.,p
2003,33,C,Bupleurum falcatum L. subsp. cernuum (Ten.) Arcang.,Bupleurum falcatum L. subsp. cernuum (Nyman) Arcang.,p
2003,33,C,Carduus nutans L. subsp. nutans,Carduus nutans L. subsp. nutans,p
2003,33,C,Carex macrolepis DC.,Carex macrolepis DC.,p
2003,33,C,Centaurea ambigua Guss. subsp. ambigua,Centaurea arrigonii Greuter,p
2003,33,C,Coronilla minima L.,Coronilla minima L.,p
2003,33,C,Cytisus sessilifolius L.,Cytisophyllum sessilifolium (L.) O.Lang,p
2003,33,C,Dianthus sylvestris Wulfen subsp. garganicus (Grande) Pignatti,Dianthus virgineus L.,p
2003,33,C,Eryngium amethystinum L.,Eryngium amethystinum L.,p
2003,33,C,Festuca circummediterranea Patzke,Festuca circummediterranea Patzke,p
2003,33,C,Gymnadenia conopsea (L.) R.Br.,Gymnadenia conopsea (L.) R.Br.,p
2003,33,C,Helianthemum nummularium (L.) Mill. subsp. obscurum (Čelak.) Holub,Helianthemum nummularium (L.) Mill. subsp. obscurum (Čelak.) Holub,p
2003,33,C,Helleborus bocconei Ten. subsp. bocconei,Helleborus viridis L. subsp. bocconei (Ten.) Peruzzi,p
2003,33,C,Hieracium pilosella L.,Pilosella officinarum F.W.Schultz & Sch.Bip.,p
2003,33,C,Hippocrepis comosa L.,Hippocrepis comosa L. subsp. comosa,p
2003,33,C,Juniperus communis L.,Juniperus communis L.,p
2003,33,C,Knautia purpurea (Vill.) Borbás,Knautia calycina (C.Presl) Guss.,p
2003,33,C,Koeleria splendens Presl,Koeleria splendens C.Presl,p
2003,33,C,Lathyrus pratensis L.,Lathyrus pratensis L. subsp. pratensis,p
2003,33,C,Linum catharticum L. subsp. catharticum,Linum catharticum L. subsp. catharticum,p
2003,33,C,Lotus corniculatus L.,Lotus corniculatus L. subsp. corniculatus,p
2003,33,C,Orchis sambucina L.,Dactylorhiza sambucina (L.) Soó,p
2003,33,C,Orobanche minor Sm.,Orobanche minor Sm.,p
2003,33,C,Phleum ambiguum Ten.,Phleum hirsutum Honck. subsp. ambiguum (Ten.) Cif. & Giacom.,p
2003,33,C,Plantago lanceolata L. var. lanceolata,Plantago lanceolata L.,p
2003,33,C,Plantago lanceolata L. var. sphaerostachya Mert. et Koch,Plantago lanceolata L.,p
2003,33,C,Poa molineri Balb.,Poa molinerii Balb.,p
2003,33,C,Primula veris L. subsp. columnae (Ten.) Ludi,Primula veris L. subsp. columnae (Ten.) Maire & Petitm.,p
2003,33,C,Sedum rupestre L. subsp. rupestre,Petrosedum rupestre (L.) P.V.Heath,p
2003,33,C,Sesleria nitida Ten.,Sesleria nitida Ten.,p
2003,33,C,Silene italica (L.) Pers. subsp. italica,Silene italica (L.) Pers. subsp. italica,p
2003,33,C,Teucrium montanum L.,Teucrium montanum L.,p
2003,33,C,Thymus longicaulis Presl,Thymus longicaulis C.Presl subsp. longicaulis,p
2003,33,C,Trifolium montanum L. subsp. rupestre (Ten.) Pignatti,Trifolium montanum L. subsp. rupestre (Ten.) Nyman,p
2003,33,C,Trifolium ochroleucum Huds.,Trifolium ochroleucon Huds.,p
2003,33,C,Trinia glauca (L.) Dumort. subsp. carniolica (Kerner) Wolff,Trinia glauca (L.) Dumort. subsp. carniolica (A.Kern. ex Janch.) H.Wolff,p
2015,33,B,Cytisus sessilifolius L.,Cytisophyllum sessilifolium (L.) O.Lang,2
2015,33,B,Juniperus oxycedrus L. subsp. oxycedrus,Juniperus deltoides R.P.Adams ,2
2015,33,C,Acer obtusatum Waldst. & Kit.,Acer opalus Mill. subsp. obtusatum (Waldst. & Kit. ex Willd.) Gams,r
2015,33,C,Acinos alpinus (L.) Moench,Ziziphora granatensis (Boiss. & Reut.) Melnikov subsp. alpina (L.) Bräuchler & Gutermann,+
2015,33,C,Asperula cynanchica L.,Cynanchica pyrenaica (L.) P.Caputo & Del Guacchio subsp. cynanchica (L.) P.Caputo & Del Guacchio,+
2015,33,C,Asperula purpurea (L.) Ehrend.,Thliphthisa purpurea (L.) P.Caputo & Del Guacchio subsp. purpurea,+
2015,33,C,Brachypodium rupestre (Host) Roem. & Schult.,Brachypodium rupestre (Host) Roem. & Schult.,1
2015,33,C,Bromus erectus Huds.,Bromopsis erecta (Huds.) Fourr.,1
2015,33,C,Bromus hordeaceus L.,Bromus hordeaceus L. subsp. hordeaceus,+
2015,33,C,Carex caryophyllea La Tourr.,Carex caryophyllea Latourr.,+
2015,33,C,Centaurea ambigua Guss. subsp. ambigua,Centaurea arrigonii Greuter,+
2015,33,C,Centaurea triumfettii All.,Centaurea triumfettii All.,+
2015,33,C,Chamaecytisus hirsutus (L.) Link,Cytisus hirsutus L.,+
2015,33,C,Coronilla minima L.,Coronilla minima L.,1
2015,33,C,Corylus avellana L.,Corylus avellana L.,+
2015,33,C,Cuscuta epithymum (L.) L.,Cuscuta epithymum (L.) L. subsp. epithymum ,+
2015,33,C,Dianthus sylvestris Wulfen subsp. garganicus (Grande) Pignatti,Dianthus virgineus L.,+
2015,33,C,Eryngium amethystinum L.,Eryngium amethystinum L.,+
2015,33,C,Festuca circummediterranea Patzke,Festuca circummediterranea Patzke,+
2015,33,C,Festuca trachyphylla (Hackel) Krajina,Festuca trachyphylla (Hack.) R.P.Murray,+
2015,33,C,Galium corrudifolium Vill.,Galium corrudifolium Vill.,+
2015,33,C,Helianthemum apenninum (L.) Mill.,Helianthemum apenninum (L.) Mill. subsp. apenninum,+
2015,33,C,Helianthemum canum (L.) Baumg. subsp. canum,Helianthemum oelandicum (L.) Dum.Cours. subsp. incanum (Willk.) G.López,+
2015,33,C,Helianthemum nummularium (L.) Mill. subsp. obscurum (Čelak.) Holub,Helianthemum nummularium (L.) Mill. subsp. obscurum (Čelak.) Holub,+
2015,33,C,Hypericum hirsutum L.,Hypericum hirsutum L.,+
2015,33,C,Inula montana L.,"Pentanema montanum (L.) D.Gut.Larr., Santos-Vicente, Anderb., E.Rico & M.M.Mart.Ort.",+
2015,33,C,Knautia purpurea (Vill.) Borbás,Knautia calycina (C.Presl) Guss.,+
2015,33,C,Koeleria macrantha (Ledeb.) Sprengel,Koeleria macrantha (Ledeb.) Schult. subsp. macrantha,+
2015,33,C,Lathyrus sylvestris L.,Lathyrus sylvestris L. subsp. sylvestris,+
2015,33,C,Leontodon cichoraceus (Ten.) Sanguin.,Scorzoneroides cichoriacea (Ten.) Greuter,+
2015,33,C,Lotus corniculatus L.,Lotus corniculatus L. subsp. corniculatus,+
2015,33,C,Onobrychis viciifolia Scop.,Onobrychis viciifolia Scop.,+
2015,33,C,Orobanche minor Sm.,Orobanche minor Sm.,+
2015,33,C,Quercus pubescens Willd.,Quercus pubescens Willd. subsp. pubescens,+
2015,33,C,Rosa canina L.,Rosa canina L.,+
2015,33,C,Sanguisorba minor Scop. subsp. muricata (Gremli) Briq.,Poterium sanguisorba L. subsp. balearicum (Bourg. ex Nyman) Stace,+
2015,33,C,Sedum rupestre L. subsp. rupestre,Petrosedum rupestre (L.) P.V.Heath,+
2015,33,C,Senecio doronicum L. subsp. doronicum,Senecio doronicum (L.) L. subsp. doronicum,+
2015,33,C,Sesleria nitida Ten.,Sesleria nitida Ten.,3
2015,33,C,Sorbus aria (L.) Crantz,Sorbus aria (L.) Crantz,+
2015,33,C,Stachys recta L. subsp. recta,Stachys recta L. subsp. recta,+
2015,33,C,Teucrium chamaedrys L.,Teucrium chamaedrys L. subsp. chamaedrys,+
2015,33,C,Thymus longicaulis Presl,Thymus longicaulis C.Presl subsp. longicaulis,1
2015,33,C,Trifolium montanum L. subsp. rupestre (Ten.) Pignatti,Trifolium montanum L. subsp. rupestre (Ten.) Nyman,+
2020,33,A,Quercus pubescens Willd.,Quercus pubescens Willd. subsp. pubescens,1
2020,33,B,Acer monspessulanum L.,Acer monspessulanum L. subsp. monspessulanum,+
2020,33,B,Corylus avellana L.,Corylus avellana L.,+
2020,33,B,Cytisus sessilifolius L.,Cytisophyllum sessilifolium (L.) O.Lang,+
2020,33,B,Juniperus oxycedrus L. subsp. oxycedrus,Juniperus deltoides R.P.Adams ,2
2020,33,B,Rosa canina L.,Rosa canina L.,+
2020,33,B,Sorbus aria (L.) Crantz,Sorbus aria (L.) Crantz,+
2020,33,C,Acer obtusatum Waldst. & Kit.,Acer opalus Mill. subsp. obtusatum (Waldst. & Kit. ex Willd.) Gams,+
2020,33,C,Acinos alpinus (L.) Moench,Ziziphora granatensis (Boiss. & Reut.) Melnikov subsp. alpina (L.) Bräuchler & Gutermann,+
2020,33,C,Arabis hirsuta (L.) Scop.,Arabis hirsuta (L.) Scop.,+
2020,33,C,Asperula purpurea (L.) Ehrend.,Thliphthisa purpurea (L.) P.Caputo & Del Guacchio subsp. purpurea,1
2020,33,C,Brachypodium rupestre (Host) Roem. & Schult.,Brachypodium rupestre (Host) Roem. & Schult.,1
2020,33,C,Calamintha nepeta (L.) Savi,Clinopodium nepeta (L.) Kuntze subsp. nepeta,+
2020,33,C,Carex caryophyllea La Tourr.,Carex caryophyllea Latourr.,+
2020,33,C,Centaurea ambigua Guss. subsp. ambigua,Centaurea arrigonii Greuter,+
2020,33,C,Centaurea bracteata Scop.,Centaurea jacea L. subsp. gaudinii (Boiss. & Reut.) Gremli,+
2020,33,C,Coronilla minima L.,Coronilla minima L.,1
2020,33,C,Cytisus sessilifolius L.,Cytisophyllum sessilifolium (L.) O.Lang,+
2020,33,C,Dianthus sylvestris Wulfen subsp. garganicus (Grande) Pignatti,Dianthus virgineus L.,+
2020,33,C,Eryngium amethystinum L.,Eryngium amethystinum L.,1
2020,33,C,Festuca circummediterranea Patzke,Festuca circummediterranea Patzke,+
2020,33,C,Festuca trachyphylla (Hackel) Krajina,Festuca trachyphylla (Hack.) R.P.Murray,+
2020,33,C,Galium corrudifolium Vill.,Galium corrudifolium Vill.,+
2020,33,C,Helianthemum canum (L.) Baumg. subsp. canum,Helianthemum oelandicum (L.) Dum.Cours. subsp. incanum (Willk.) G.López,+
2020,33,C,Helianthemum nummularium (L.) Mill. subsp. obscurum (Čelak.) Holub,Helianthemum nummularium (L.) Mill. subsp. obscurum (Čelak.) Holub,+
2020,33,C,Hieracium pilosella L.,Pilosella officinarum F.W.Schultz & Sch.Bip.,+
2020,33,C,Hypericum hirsutum L.,Hypericum hirsutum L.,1
2020,33,C,Knautia purpurea (Vill.) Borbás,Knautia calycina (C.Presl) Guss.,+
2020,33,C,Lathyrus sylvestris L.,Lathyrus sylvestris L. subsp. sylvestris,+
2020,33,C,Leontodon hispidus,Leontodon hispidus L. subsp. hispidus,+
2020,33,C,Leucanthemum vulgare Lam. var. vulgare,Leucanthemum vulgare (Vaill.) Lam. subsp. vulgare,+
2020,33,C,Lotus corniculatus L.,Lotus corniculatus L. subsp. corniculatus,1
2020,33,C,Orobanche caryophyllacea Sm.,Orobanche caryophyllacea Sm.,+
2020,33,C,Orobanche minor Sm.,Orobanche minor Sm.,+
2020,33,C,Polygala nicaeensis Risso subsp. mediterranea Chodat,Polygala nicaeensis Risso ex W.D.J.Koch subsp. mediterranea Chodat,+
2020,33,C,Sanguisorba minor Scop. subsp. muricata (Gremli) Briq.,Poterium sanguisorba L. subsp. balearicum (Bourg. ex Nyman) Stace,+
2020,33,C,Sedum rupestre L. subsp. rupestre,Petrosedum rupestre (L.) P.V.Heath,+
2020,33,C,Senecio doronicum L. subsp. doronicum,Senecio doronicum (L.) L. subsp. doronicum,+
2020,33,C,Sesleria nitida Ten.,Sesleria nitida Ten.,4
2020,33,C,Stachys recta L. subsp. recta,Stachys recta L. subsp. recta,+
2020,33,C,Thymus sp.,Thymus sp.,2
2020,33,C,Trifolium ochroleucum Huds.,Trifolium ochroleucon Huds.,+
2024,33,A,Quercus pubescens Willd.,Quercus pubescens Willd. subsp. pubescens,1
2024,33,B,Acer monspessulanum L.,Acer monspessulanum L. subsp. monspessulanum,+
2024,33,B,Corylus avellana L.,Corylus avellana L.,+
2024,33,B,Cytisus sessilifolius L.,Cytisophyllum sessilifolium (L.) O.Lang,2
2024,33,B,Juniperus oxycedrus L. subsp. oxycedrus,Juniperus deltoides R.P.Adams ,3
2024,33,B,Sorbus aria (L.) Crantz,Sorbus aria (L.) Crantz,1
2024,33,C,Acer obtusatum Waldst. & Kit.,Acer opalus Mill. subsp. obtusatum (Waldst. & Kit. ex Willd.) Gams,+
2024,33,C,Asperula purpurea (L.) Ehrend.,Thliphthisa purpurea (L.) P.Caputo & Del Guacchio subsp. purpurea,1
2024,33,C,Brachypodium rupestre (Host) Roem. & Schult.,Brachypodium rupestre (Host) Roem. & Schult.,1
2024,33,C,Carex caryophyllea La Tourr.,Carex caryophyllea Latourr.,+
2024,33,C,Centaurea ambigua Guss. subsp. ambigua,Centaurea arrigonii Greuter,+
2024,33,C,Cerastium arvense L. subsp. suffruticosum (L.) Nym.,Cerastium arvense L. subsp. suffruticosum (L.) Ces.,+
2024,33,C,Chamaecytisus hirsutus (L.) Link,Cytisus hirsutus L.,+
2024,33,C,Coronilla minima L.,Coronilla minima L.,1
2024,33,C,Cytisus sessilifolius L.,Cytisophyllum sessilifolium (L.) O.Lang,+
2024,33,C,Eryngium amethystinum L.,Eryngium amethystinum L.,1
2024,33,C,Euphorbia myrsinites L.,Euphorbia myrsinites L. subsp. myrsinites,+
2024,33,C,Festuca circummediterranea Patzke,Festuca circummediterranea Patzke,+
2024,33,C,Fraxinus ornus L.,Fraxinus ornus L. subsp. ornus,+
2024,33,C,Galium corrudifolium Vill.,Galium corrudifolium Vill.,+
2024,33,C,Helianthemum canum (L.) Baumg. subsp. canum,Helianthemum oelandicum (L.) Dum.Cours. subsp. incanum (Willk.) G.López,+
2024,33,C,Helianthemum nummularium (L.) Mill. subsp. obscurum (Čelak.) Holub,Helianthemum nummularium (L.) Mill. subsp. obscurum (Čelak.) Holub,+
2024,33,C,Juniperus oxycedrus L. subsp. oxycedrus,Juniperus deltoides R.P.Adams ,+
2024,33,C,Knautia purpurea (Vill.) Borbás,Knautia calycina (C.Presl) Guss.,+
2024,33,C,Lathyrus sylvestris L.,Lathyrus sylvestris L. subsp. sylvestris,+
2024,33,C,Lotus corniculatus L.,Lotus corniculatus L. subsp. corniculatus,1
2024,33,C,Onobrychis viciifolia Scop.,Onobrychis viciifolia Scop.,+
2024,33,C,Orobanche minor Sm.,Orobanche minor Sm.,+
2024,33,C,Polygala nicaeensis Risso subsp. mediterranea Chodat,Polygala nicaeensis Risso ex W.D.J.Koch subsp. mediterranea Chodat,+
2024,33,C,Sanguisorba minor Scop. subsp. muricata (Gremli) Briq.,Poterium sanguisorba L. subsp. balearicum (Bourg. ex Nyman) Stace,+
2024,33,C,Sedum rupestre L. subsp. rupestre,Petrosedum rupestre (L.) P.V.Heath,+
2024,33,C,Senecio doronicum L. subsp. doronicum,Senecio doronicum (L.) L. subsp. doronicum,+
2024,33,C,Sesleria nitida Ten.,Sesleria nitida Ten.,4
2024,33,C,Stachys recta L. subsp. recta,Stachys recta L. subsp. recta,+
2024,33,C,Teucrium chamaedrys L.,Teucrium chamaedrys L. subsp. chamaedrys,+
2024,33,C,Thymus longicaulis Presl,Thymus longicaulis C.Presl subsp. longicaulis,+
2024,33,C,Thymus sp.,Thymus sp.,1
2024,33,C,Trifolium ochroleucum Huds.,Trifolium ochroleucon Huds.,+
2002,34,C,Acer obtusatum Waldst. & Kit.,Acer opalus Mill. subsp. obtusatum (Waldst. & Kit. ex Willd.) Gams,p
2002,34,C,Allium sphaerocephalon L.,Allium sphaerocephalon L. subsp. sphaerocephalon,p
2002,34,C,Amelanchier ovalis Medik. subsp. ovalis,Amelanchier ovalis Medik. subsp. ovalis,p
2002,34,C,Arabis collina Ten.,Arabis collina Ten.,p
2002,34,C,Asperula purpurea (L.) Ehrend.,Thliphthisa purpurea (L.) P.Caputo & Del Guacchio subsp. purpurea,p
2002,34,C,Brachypodium rupestre (Host) Roem. & Schult. subsp. rupestre,Brachypodium rupestre (Host) Roem. & Schult.,p
2002,34,C,Bromus erectus Huds.,Bromopsis erecta (Huds.) Fourr.,p
2002,34,C,Bupleurum falcatum L. subsp. cernuum (Ten.) Arcang.,Bupleurum falcatum L. subsp. cernuum (Nyman) Arcang.,p
2002,34,C,Carex macrolepis DC.,Carex macrolepis DC.,p
2002,34,C,Centaurea ambigua Guss. subsp. ambigua,Centaurea arrigonii Greuter,p
2002,34,C,Cerastium arvense L. subsp. suffruticosum (L.) Nym.,Cerastium arvense L. subsp. suffruticosum (L.) Ces.,p
2002,34,C,Cornus sanguinea L.,Cornus sanguinea L. subsp. hungarica (Kárpáti) Soó,p
2002,34,C,Coronilla minima L.,Coronilla minima L.,p
2002,34,C,Crepis lacera Ten.,Crepis lacera Ten.,p
2002,34,C,Cuscuta epithymum (L.) L.,Cuscuta epithymum (L.) L. subsp. epithymum ,p
2002,34,C,Cytisus sessilifolius L.,Cytisophyllum sessilifolium (L.) O.Lang,p
2002,34,C,Dactylis glomerata L.,Dactylis glomerata L. subsp. glomerata,p
2002,34,C,Dianthus sylvestris Wulfen subsp. garganicus (Grande) Pignatti,Dianthus virgineus L.,p
2002,34,C,Digitalis micrantha Roth,Digitalis micrantha Roth ex Schweigg.,p
2002,34,C,Eryngium amethystinum L.,Eryngium amethystinum L.,p
2002,34,C,Euphorbia myrsinites L.,Euphorbia myrsinites L. subsp. myrsinites,p
2002,34,C,Festuca circummediterranea Patzke,Festuca circummediterranea Patzke,p
2002,34,C,Helianthemum canum (L.) Baumg. subsp. canum,Helianthemum oelandicum (L.) Dum.Cours. subsp. incanum (Willk.) G.López,p
2002,34,C,Helianthemum nummularium (L.) Mill. subsp. obscurum (Čelak.) Holub,Helianthemum nummularium (L.) Mill. subsp. obscurum (Čelak.) Holub,p
2002,34,C,Helleborus bocconei Ten. subsp. bocconei,Helleborus viridis L. subsp. bocconei (Ten.) Peruzzi,p
2002,34,C,Hieracium pilosella L.,Pilosella officinarum F.W.Schultz & Sch.Bip.,p
2002,34,C,Juniperus communis L.,Juniperus communis L.,p
2002,34,C,Juniperus oxycedrus L. subsp. oxycedrus,Juniperus deltoides R.P.Adams ,p
2002,34,C,Knautia purpurea (Vill.) Borbás,Knautia calycina (C.Presl) Guss.,p
2002,34,C,Koeleria macrantha (Ledeb.) Sprengel,Koeleria macrantha (Ledeb.) Schult. subsp. macrantha,p
2002,34,C,Lathyrus sylvestris L.,Lathyrus sylvestris L. subsp. sylvestris,p
2002,34,C,Leontodon crispus Vill.,Leontodon crispus Vill.,p
2002,34,C,Phleum ambiguum Ten.,Phleum hirsutum Honck. subsp. ambiguum (Ten.) Cif. & Giacom.,p
2002,34,C,Primula veris L. subsp. columnae (Ten.) Ludi,Primula veris L. subsp. columnae (Ten.) Maire & Petitm.,p
2002,34,C,Prunus spinosa L.,Prunus spinosa L. subsp. spinosa,p
2002,34,C,Rosa canina L.,Rosa canina L.,p
2002,34,C,Rubus ulmifolius Schott,Rubus ulmifolius Schott,p
2002,34,C,Sanguisorba minor Scop. subsp. muricata (Gremli) Briq.,Poterium sanguisorba L. subsp. balearicum (Bourg. ex Nyman) Stace,p
2002,34,C,Sedum rupestre L. subsp. rupestre,Petrosedum rupestre (L.) P.V.Heath,p
2002,34,C,Sesleria nitida Ten.,Sesleria nitida Ten.,p
2002,34,C,Silene italica (L.) Pers. subsp. italica,Silene italica (L.) Pers. subsp. italica,p
2002,34,C,Sorbus aria (L.) Crantz,Sorbus aria (L.) Crantz,p
2002,34,C,Stachys recta L. subsp. recta,Stachys recta L. subsp. recta,p
2002,34,C,Teucrium chamaedrys L.,Teucrium chamaedrys L. subsp. chamaedrys,p
2002,34,C,Thymus longicaulis Presl,Thymus longicaulis C.Presl subsp. longicaulis,p
2002,34,C,Trifolium ochroleucum Huds.,Trifolium ochroleucon Huds.,p
2002,34,C,Vicia onobrychioides L.,Vicia onobrychioides L.,p
2003,34,C,Acer obtusatum Waldst. & Kit.,Acer opalus Mill. subsp. obtusatum (Waldst. & Kit. ex Willd.) Gams,p
2003,34,C,Arabis alpina L. subsp. caucasica (Willd.) Briq.,Arabis alpina L. subsp. caucasica (Willd.) Briq.,p
2003,34,C,Asperula cynanchica L.,Cynanchica pyrenaica (L.) P.Caputo & Del Guacchio subsp. cynanchica (L.) P.Caputo & Del Guacchio,p
2003,34,C,Asperula purpurea (L.) Ehrend.,Thliphthisa purpurea (L.) P.Caputo & Del Guacchio subsp. purpurea,p
2003,34,C,Bromus erectus Huds.,Bromopsis erecta (Huds.) Fourr.,p
2003,34,C,Bupleurum falcatum L. subsp. cernuum (Ten.) Arcang.,Bupleurum falcatum L. subsp. cernuum (Nyman) Arcang.,p
2003,34,C,Cytisus sessilifolius L.,Cytisophyllum sessilifolium (L.) O.Lang,p
2003,34,C,Daphne laureola L.,Daphne laureola L.,p
2003,34,C,Dianthus monspessulanus L.,Dianthus hyssopifolius L.,p
2003,34,C,Fagus sylvatica L.,Fagus sylvatica L. subsp. sylvatica,p
2003,34,C,Festuca circummediterranea Patzke,Festuca circummediterranea Patzke,p
2003,34,C,Festuca heterophylla Lam.,Festuca heterophylla Lam.,p
2003,34,C,Galium mollugo L.,Galium mollugo L.,p
2003,34,C,Genista tinctoria L. subsp. tinctoria,Genista tinctoria L.,p
2003,34,C,Geum urbanum L.,Geum urbanum L.,p
2003,34,C,Gymnadenia conopsea (L.) R.Br.,Gymnadenia conopsea (L.) R.Br.,p
2003,34,C,Helianthemum nummularium (L.) Mill. subsp. obscurum (Čelak.) Holub,Helianthemum nummularium (L.) Mill. subsp. obscurum (Čelak.) Holub,p
2003,34,C,Hieracium cymosum L.,Pilosella cymosa (L.) F.W.Schultz & Sch.Bip. subsp. sabina (Sebast.) H.P.Fuchs,p
2003,34,C,Lathyrus pratensis L.,Lathyrus pratensis L. subsp. pratensis,p
2003,34,C,Lonicera xylosteum L.,Lonicera xylosteum L.,p
2003,34,C,Phleum ambiguum Ten.,Phleum hirsutum Honck. subsp. ambiguum (Ten.) Cif. & Giacom.,p
2003,34,C,Poa molineri Balb.,Poa molinerii Balb.,p
2003,34,C,Primula veris L. subsp. columnae (Ten.) Ludi,Primula veris L. subsp. columnae (Ten.) Maire & Petitm.,p
2003,34,C,Saxifraga bulbifera L.,Saxifraga bulbifera L.,p
2003,34,C,Sedum rupestre L. subsp. rupestre,Petrosedum rupestre (L.) P.V.Heath,p
2003,34,C,Sesleria nitida Ten.,Sesleria nitida Ten.,p
2003,34,C,Silene italica (L.) Pers. subsp. italica,Silene italica (L.) Pers. subsp. italica,p
2003,34,C,Teucrium chamaedrys L.,Teucrium chamaedrys L. subsp. chamaedrys,p
2003,34,C,Thymus longicaulis Presl,Thymus longicaulis C.Presl subsp. longicaulis,p
2003,34,C,Viola odorata L.,Viola odorata L.,p
2015,34,A,Sorbus aria (L.) Crantz,Sorbus aria (L.) Crantz,2
2015,34,B,Acer campestre L.,Acer campestre L.,+
2015,34,B,Acer obtusatum Waldst. & Kit.,Acer opalus Mill. subsp. obtusatum (Waldst. & Kit. ex Willd.) Gams,+
2015,34,B,Cytisus sessilifolius L.,Cytisophyllum sessilifolium (L.) O.Lang,+
2015,34,B,Prunus mahaleb L.,Prunus mahaleb L. subsp. mahaleb,1
2015,34,B,Rosa canina L.,Rosa canina L.,2
2015,34,C,Achillea millefolium L.,Achillea millefolium L. subsp. millefolium,+
2015,34,C,Anchusa barrelieri (All.) Vitman,Cynoglottis barrelieri (All.) Vural & Kit Tan subsp. barrelieri,+
2015,34,C,Arrhenatherum elatius (L.) Presl subsp. elatius,Arrhenatherum elatius (L.) P.Beauv. ex J.Presl & C.Presl subsp. elatius,1
2015,34,C,Brachypodium rupestre (Host) Roem. & Schult.,Brachypodium rupestre (Host) Roem. & Schult.,+
2015,34,C,Clematis vitalba L.,Clematis vitalba L.,2
2015,34,C,Convolvulus arvensis L.,Convolvulus arvensis L.,+
2015,34,C,Cruciata laevipes Opiz,Cruciata laevipes Opiz,+
2015,34,C,Cruciata pedemontana (All.) Ehrend.,Cruciata pedemontana (Bellardi) Ehrend.,+
2015,34,C,Cuscuta epithymum (L.) L.,Cuscuta epithymum (L.) L. subsp. epithymum ,+
2015,34,C,Dactylis glomerata L.,Dactylis glomerata L. subsp. glomerata,+
2015,34,C,Festuca circummediterranea Patzke,Festuca circummediterranea Patzke,+
2015,34,C,Festuca heterophylla Lam.,Festuca heterophylla Lam.,+
2015,34,C,Festuca pratensis Hudson,Lolium apenninum (De Not.) Ardenghi & Foggi,+
2015,34,C,Galium aparine L.,Galium aparine L.,+
2015,34,C,Galium mollugo L.,Galium mollugo L.,+
2015,34,C,Galium verum L. subsp. verum,Galium verum L. subsp. verum,+
2015,34,C,Geranium rotundifolium L.,Geranium rotundifolium L.,+
2015,34,C,Heracleum sphondylium L. subsp. ternatum (Velen.) Brummit,Heracleum sibiricum L. subsp. ternatum (Velen.) Briq.,+
2015,34,C,Hypericum perforatum L. subsp. angustifolium (DC.) Gaudin,Hypericum perforatum L. subsp. veronense (Schrank) Ces.,+
2015,34,C,Lamium maculatum L.,Lamium maculatum L.,+
2015,34,C,Lathyrus pratensis L.,Lathyrus pratensis L. subsp. pratensis,+
2015,34,C,Lathyrus sylvestris L.,Lathyrus sylvestris L. subsp. sylvestris,1
2015,34,C,Lilium bulbiferum L. subsp. croceum (Chaix) Baker,Lilium bulbiferum L. subsp. croceum (Chaix) Jan,+
2015,34,C,Lonicera xylosteum L.,Lonicera xylosteum L.,+
2015,34,C,Poa pratensis L.,Poa pratensis L. subsp. pratensis,+
2015,34,C,Poa trivialis L.,Poa trivialis L.,+
2015,34,C,Rubus canescens DC.,Rubus canescens DC.,+
2015,34,C,Rubus ulmifolius Schott,Rubus ulmifolius Schott,2
2015,34,C,Rumex crispus L.,Rumex crispus L. ,+
2015,34,C,Silene vulgaris (Moench) Garcke subsp. vulgaris,Silene vulgaris (Moench) Garcke subsp. vulgaris,+
2015,34,C,Sonchus asper (L.) Hill subsp. asper,Sonchus asper (L.) Hill subsp. asper,+
2015,34,C,Taraxacum officinale Weber group,Taraxacum F.H.Wigg. sect. Taraxacum,+
2015,34,C,Urtica dioica L.,Urtica dioica L.,1
2015,34,C,Vicia tenuifolia Roth,Vicia tenuifolia Roth subsp. tenuifolia,1
2015,34,C,Viola odorata L.,Viola odorata L.,+
2020,34,A,Sorbus aria (L.) Crantz,Sorbus aria (L.) Crantz,2
2020,34,B,Lonicera xylosteum L.,Lonicera xylosteum L.,1
2020,34,B,Prunus mahaleb L.,Prunus mahaleb L. subsp. mahaleb,1
2020,34,B,Prunus spinosa L.,Prunus spinosa L. subsp. spinosa,2
2020,34,B,Rosa canina L.,Rosa canina L.,2
2020,34,B,Rubus canescens DC.,Rubus canescens DC.,1
2020,34,B,Rubus ulmifolius Schott,Rubus ulmifolius Schott,1
2020,34,C,Acer obtusatum Waldst. & Kit.,Acer opalus Mill. subsp. obtusatum (Waldst. & Kit. ex Willd.) Gams,+
2020,34,C,Achillea millefolium L.,Achillea millefolium L. subsp. millefolium,1
2020,34,C,Allium sphaerocephalon L.,Allium sphaerocephalon L. subsp. sphaerocephalon,+
2020,34,C,Anthemis tinctoria L.,Cota tinctoria (L.) J.Gay subsp. australis (R.Fern.) Oberpr. & Greuter,+
2020,34,C,Arctium nemorosum Lej. et Court.,Arctium nemorosum Lej.,+
2020,34,C,Arrhenatherum elatius (L.) Presl subsp. elatius,Arrhenatherum elatius (L.) P.Beauv. ex J.Presl & C.Presl subsp. elatius,+
2020,34,C,Brachypodium rupestre (Host) Roem. & Schult.,Brachypodium rupestre (Host) Roem. & Schult.,2
2020,34,C,Bromus erectus Huds.,Bromopsis erecta (Huds.) Fourr.,1
2020,34,C,Bunium bulbocastanum L.,Bunium bulbocastanum L.,+
2020,34,C,Carduus nutans L. subsp. nutans,Carduus nutans L. subsp. nutans,+
2020,34,C,Centaurea triumfettii All.,Centaurea triumfettii All.,+
2020,34,C,Clematis vitalba L.,Clematis vitalba L.,2
2020,34,C,Cuscuta epithymum (L.) L.,Cuscuta epithymum (L.) L. subsp. epithymum ,+
2020,34,C,Dactylis glomerata L.,Dactylis glomerata L. subsp. glomerata,+
2020,34,C,Daphne laureola L.,Daphne laureola L.,+
2020,34,C,Eryngium amethystinum L.,Eryngium amethystinum L.,+
2020,34,C,Festuca nigrescens Lam. subsp. microphylla (St.-Yves) Mgf.-Dbg.,Festuca rubra L. subsp. commutata (Gaudin) Markgr.-Dann.,2
2020,34,C,Galium aparine L.,Galium aparine L.,1
2020,34,C,Galium corrudifolium Vill.,Galium corrudifolium Vill.,+
2020,34,C,Galium mollugo L.,Galium mollugo L.,1
2020,34,C,Geranium rotundifolium L.,Geranium rotundifolium L.,+
2020,34,C,Heracleum sphondylium L. subsp. ternatum (Velen.) Brummit,Heracleum sibiricum L. subsp. ternatum (Velen.) Briq.,+
2020,34,C,Hypericum perforatum L. subsp. angustifolium (DC.) Gaudin,Hypericum perforatum L. subsp. veronense (Schrank) Ces.,+
2020,34,C,Knautia purpurea (Vill.) Borbás,Knautia calycina (C.Presl) Guss.,+
2020,34,C,Lamium maculatum L.,Lamium maculatum L.,+
2020,34,C,Lathyrus sylvestris L.,Lathyrus sylvestris L. subsp. sylvestris,2
2020,34,C,Lotus corniculatus L.,Lotus corniculatus L. subsp. corniculatus,+
2020,34,C,Phleum ambiguum Ten.,Phleum hirsutum Honck. subsp. ambiguum (Ten.) Cif. & Giacom.,+
2020,34,C,Poa trivialis L.,Poa trivialis L.,+
2020,34,C,Prunus mahaleb L.,Prunus mahaleb L. subsp. mahaleb,+
2020,34,C,Prunus spinosa L.,Prunus spinosa L. subsp. spinosa,+
2020,34,C,Rubus canescens DC.,Rubus canescens DC.,+
2020,34,C,Rubus ulmifolius Schott,Rubus ulmifolius Schott,+
2020,34,C,Sanguisorba minor Scop. subsp. muricata (Gremli) Briq.,Poterium sanguisorba L. subsp. balearicum (Bourg. ex Nyman) Stace,+
2020,34,C,Sedum rupestre L. subsp. rupestre,Petrosedum rupestre (L.) P.V.Heath,+
2020,34,C,Senecio doronicum L. subsp. doronicum,Senecio doronicum (L.) L. subsp. doronicum,+
2020,34,C,Sesleria nitida Ten.,Sesleria nitida Ten.,+
2020,34,C,Silene italica (L.) Pers. subsp. italica,Silene italica (L.) Pers. subsp. italica,+
2020,34,C,Silene vulgaris (Moench) Garcke subsp. vulgaris,Silene vulgaris (Moench) Garcke subsp. vulgaris,+
2020,34,C,Solenanthus apenninus (L.) Fischer et C.A. Meyer,Cynoglossum apenninum L.,+
2020,34,C,Teucrium chamaedrys L.,Teucrium chamaedrys L. subsp. chamaedrys,+
2020,34,C,Thymus sp.,Thymus sp.,+
2020,34,C,Tragopogon pratensis L. subsp. orientalis (L.) Čelak.,Tragopogon orientalis L.,+
2020,34,C,Trifolium campestre Schreb.,Trifolium campestre Schreb.,+
2020,34,C,Urtica dioica L.,Urtica dioica L.,1
2020,34,C,Vicia tenuifolia Roth,Vicia tenuifolia Roth subsp. tenuifolia,+
2020,34,C,Viola odorata L.,Viola odorata L.,+
2024,34,A,Sorbus aria (L.) Crantz,Sorbus aria (L.) Crantz,1
2024,34,B,Acer obtusatum Waldst. & Kit.,Acer opalus Mill. subsp. obtusatum (Waldst. & Kit. ex Willd.) Gams,1
2024,34,B,Juniperus oxycedrus L. subsp. oxycedrus,Juniperus deltoides R.P.Adams ,1
2024,34,B,Lonicera xylosteum L.,Lonicera xylosteum L.,1
2024,34,B,Prunus mahaleb L.,Prunus mahaleb L. subsp. mahaleb,1
2024,34,B,Prunus spinosa L.,Prunus spinosa L. subsp. spinosa,1
2024,34,B,Rosa canina L.,Rosa canina L.,2
2024,34,B,Rubus canescens DC.,Rubus canescens DC.,1
2024,34,B,Rubus ulmifolius Schott,Rubus ulmifolius Schott,+
2024,34,C,Achillea millefolium L.,Achillea millefolium L. subsp. millefolium,+
2024,34,C,Anthemis tinctoria L.,Cota tinctoria (L.) J.Gay subsp. australis (R.Fern.) Oberpr. & Greuter,+
2024,34,C,Arrhenatherum elatius (L.) Presl subsp. elatius,Arrhenatherum elatius (L.) P.Beauv. ex J.Presl & C.Presl subsp. elatius,+
2024,34,C,Brachypodium rupestre (Host) Roem. & Schult.,Brachypodium rupestre (Host) Roem. & Schult.,1
2024,34,C,Bromus erectus Huds.,Bromopsis erecta (Huds.) Fourr.,+
2024,34,C,Bunium bulbocastanum L.,Bunium bulbocastanum L.,+
2024,34,C,Centaurea ambigua Guss. subsp. ambigua,Centaurea arrigonii Greuter,+
2024,34,C,Centaurea triumfettii All.,Centaurea triumfettii All.,+
2024,34,C,Clematis vitalba L.,Clematis vitalba L.,4
2024,34,C,Cytisus sessilifolius L.,Cytisophyllum sessilifolium (L.) O.Lang,+
2024,34,C,Dactylis glomerata L.,Dactylis glomerata L. subsp. glomerata,1
2024,34,C,Eryngium amethystinum L.,Eryngium amethystinum L.,+
2024,34,C,Festuca nigrescens Lam. subsp. microphylla (St.-Yves) Mgf.-Dbg.,Festuca rubra L. subsp. commutata (Gaudin) Markgr.-Dann.,+
2024,34,C,Galium aparine L.,Galium aparine L.,+
2024,34,C,Galium corrudifolium Vill.,Galium corrudifolium Vill.,+
2024,34,C,Galium verum L. subsp. verum,Galium verum L. subsp. verum,+
2024,34,C,Geranium rotundifolium L.,Geranium rotundifolium L.,+
2024,34,C,Knautia purpurea (Vill.) Borbás,Knautia calycina (C.Presl) Guss.,+
2024,34,C,Lathyrus sylvestris L.,Lathyrus sylvestris L. subsp. sylvestris,1
2024,34,C,Leontodon hispidus,Leontodon hispidus L. subsp. hispidus,+
2024,34,C,Phleum ambiguum Ten.,Phleum hirsutum Honck. subsp. ambiguum (Ten.) Cif. & Giacom.,+
2024,34,C,Rubus canescens DC.,Rubus canescens DC.,+
2024,34,C,Sanguisorba minor Scop. subsp. muricata (Gremli) Briq.,Poterium sanguisorba L. subsp. balearicum (Bourg. ex Nyman) Stace,+
2024,34,C,Silene vulgaris (Moench) Garcke subsp. vulgaris,Silene vulgaris (Moench) Garcke subsp. vulgaris,+
2024,34,C,Trifolium ochroleucum Huds.,Trifolium ochroleucon Huds.,+
2024,34,C,Urtica dioica L.,Urtica dioica L.,+
2024,34,C,Vicia tenuifolia Roth,Vicia tenuifolia Roth subsp. tenuifolia,+
2002,35,C,Allium sphaerocephalon L.,Allium sphaerocephalon L. subsp. sphaerocephalon,p
2002,35,C,Arabis collina Ten.,Arabis collina Ten.,p
2002,35,C,Asperula purpurea (L.) Ehrend.,Thliphthisa purpurea (L.) P.Caputo & Del Guacchio subsp. purpurea,p
2002,35,C,Brachypodium rupestre (Host) Roem. & Schult. subsp. rupestre,Brachypodium rupestre (Host) Roem. & Schult.,p
2002,35,C,Bromus erectus Huds.,Bromopsis erecta (Huds.) Fourr.,p
2002,35,C,Bupleurum falcatum L. subsp. cernuum (Ten.) Arcang.,Bupleurum falcatum L. subsp. cernuum (Nyman) Arcang.,p
2002,35,C,Centaurea triumfettii All.,Centaurea triumfettii All.,p
2002,35,C,Coronilla minima L.,Coronilla minima L.,p
2002,35,C,Corylus avellana L.,Corylus avellana L.,p
2002,35,C,Crepis lacera Ten.,Crepis lacera Ten.,p
2002,35,C,Cytisus sessilifolius L.,Cytisophyllum sessilifolium (L.) O.Lang,p
2002,35,C,Dianthus sylvestris Wulfen subsp. garganicus (Grande) Pignatti,Dianthus virgineus L.,p
2002,35,C,Eryngium amethystinum L.,Eryngium amethystinum L.,p
2002,35,C,Erysimum pseudorhaeticum Polatschek,Erysimum pseudorhaeticum Polatschek,p
2002,35,C,Euphorbia myrsinites L.,Euphorbia myrsinites L. subsp. myrsinites,p
2002,35,C,Festuca circummediterranea Patzke,Festuca circummediterranea Patzke,p
2002,35,C,Helianthemum apenninum (L.) Mill.,Helianthemum apenninum (L.) Mill. subsp. apenninum,p
2002,35,C,Helianthemum canum (L.) Baumg. subsp. canum,Helianthemum oelandicum (L.) Dum.Cours. subsp. incanum (Willk.) G.López,p
2002,35,C,Helianthemum nummularium (L.) Mill. subsp. obscurum (Čelak.) Holub,Helianthemum nummularium (L.) Mill. subsp. obscurum (Čelak.) Holub,p
2002,35,C,Juniperus communis L.,Juniperus communis L.,p
2002,35,C,Juniperus oxycedrus L. subsp. oxycedrus,Juniperus deltoides R.P.Adams ,p
2002,35,C,Knautia purpurea (Vill.) Borbás,Knautia calycina (C.Presl) Guss.,p
2002,35,C,Koeleria splendens Presl,Koeleria splendens C.Presl,p
2002,35,C,Lactuca perennis L.,Lactuca perennis L.,p
2002,35,C,Lathyrus sylvestris L.,Lathyrus sylvestris L. subsp. sylvestris,p
2002,35,C,Leontodon crispus Vill.,Leontodon crispus Vill.,p
2002,35,C,Phleum ambiguum Ten.,Phleum hirsutum Honck. subsp. ambiguum (Ten.) Cif. & Giacom.,p
2002,35,C,Prunus spinosa L.,Prunus spinosa L. subsp. spinosa,p
2002,35,C,Sanguisorba minor Scop. subsp. muricata (Gremli) Briq.,Poterium sanguisorba L. subsp. balearicum (Bourg. ex Nyman) Stace,p
2002,35,C,Sedum rupestre L. subsp. rupestre,Petrosedum rupestre (L.) P.V.Heath,p
2002,35,C,Senecio doronicum L. subsp. doronicum,Senecio doronicum (L.) L. subsp. doronicum,p
2002,35,C,Sesleria nitida Ten.,Sesleria nitida Ten.,p
2002,35,C,Stachys recta L. subsp. recta,Stachys recta L. subsp. recta,p
2002,35,C,Tanacetum corymbosum var. tenuifolium (Willd.) Briq. et Cavill.,Tanacetum corymbosum (L.) Sch.Bip. subsp. achilleae (L.) Greuter,p
2002,35,C,Teucrium chamaedrys L.,Teucrium chamaedrys L. subsp. chamaedrys,p
2002,35,C,Thymus longicaulis Presl,Thymus longicaulis C.Presl subsp. longicaulis,p
2002,35,C,Trinia glauca (L.) Dumort. subsp. carniolica (Kerner) Wolff,Trinia glauca (L.) Dumort. subsp. carniolica (A.Kern. ex Janch.) H.Wolff,p
2003,35,C,Acer monspessulanum L.,Acer monspessulanum L. subsp. monspessulanum,p
2003,35,C,Achillea millefolium L.,Achillea millefolium L. subsp. millefolium,p
2003,35,C,Asperula purpurea (L.) Ehrend.,Thliphthisa purpurea (L.) P.Caputo & Del Guacchio subsp. purpurea,p
2003,35,C,Brachypodium rupestre (Host) Roem. & Schult. subsp. rupestre,Brachypodium rupestre (Host) Roem. & Schult.,p
2003,35,C,Bromus erectus Huds.,Bromopsis erecta (Huds.) Fourr.,p
2003,35,C,Bupleurum falcatum L. subsp. cernuum (Ten.) Arcang.,Bupleurum falcatum L. subsp. cernuum (Nyman) Arcang.,p
2003,35,C,Carlina acaulis L.,Carlina acaulis L. subsp. caulescens (Lam.) Schübl. & G.Martens,p
2003,35,C,Centaurea bracteata Scop.,Centaurea jacea L. subsp. gaudinii (Boiss. & Reut.) Gremli,p
2003,35,C,Cirsium morisianum Rchb.,"Lophiolepis morisiana (Rchb.f.) Del Guacchio, Bureš, Iamonico & P.Caputo",p
2003,35,C,Cytisus sessilifolius L.,Cytisophyllum sessilifolium (L.) O.Lang,p
2003,35,C,Dactylis glomerata L.,Dactylis glomerata L. subsp. glomerata,p
2003,35,C,Dianthus sylvestris Wulfen subsp. garganicus (Grande) Pignatti,Dianthus virgineus L.,p
2003,35,C,Eryngium amethystinum L.,Eryngium amethystinum L.,p
2003,35,C,Festuca circummediterranea Patzke,Festuca circummediterranea Patzke,p
2003,35,C,Festuca pratensis Hudson,Lolium apenninum (De Not.) Ardenghi & Foggi,p
2003,35,C,Galium mollugo L.,Galium mollugo L.,p
2003,35,C,Helleborus bocconei Ten. subsp. bocconei,Helleborus viridis L. subsp. bocconei (Ten.) Peruzzi,p
2003,35,C,Juniperus oxycedrus L. subsp. oxycedrus,Juniperus deltoides R.P.Adams ,p
2003,35,C,Knautia purpurea (Vill.) Borbás,Knautia calycina (C.Presl) Guss.,p
2003,35,C,Lathyrus pratensis L.,Lathyrus pratensis L. subsp. pratensis,p
2003,35,C,Ononis spinosa L. subsp. spinosa,Ononis spinosa L. subsp. spinosa,p
2003,35,C,Phleum ambiguum Ten.,Phleum hirsutum Honck. subsp. ambiguum (Ten.) Cif. & Giacom.,p
2003,35,C,Poa pratensis L.,Poa pratensis L. subsp. pratensis,p
2003,35,C,Primula veris L. subsp. columnae (Ten.) Ludi,Primula veris L. subsp. columnae (Ten.) Maire & Petitm.,p
2003,35,C,Ranunculus bulbosus L. subsp. aleae (Willk.) Rouy et Fouc.,Ranunculus bulbosus L.,p
2003,35,C,Rosa canina L.,Rosa canina L.,p
2003,35,C,Sesleria nitida Ten.,Sesleria nitida Ten.,p
2003,35,C,Silene italica (L.) Pers. subsp. italica,Silene italica (L.) Pers. subsp. italica,p
2003,35,C,Thymus longicaulis Presl,Thymus longicaulis C.Presl subsp. longicaulis,p
2003,35,C,Trifolium ochroleucum Huds.,Trifolium ochroleucon Huds.,p
2015,35,A,Acer obtusatum Waldst. & Kit.,Acer opalus Mill. subsp. obtusatum (Waldst. & Kit. ex Willd.) Gams,1
2015,35,B,Cytisus sessilifolius L.,Cytisophyllum sessilifolium (L.) O.Lang,2
2015,35,B,Juniperus communis L.,Juniperus communis L.,+
2015,35,B,Juniperus oxycedrus L. subsp. oxycedrus,Juniperus deltoides R.P.Adams ,1
2015,35,B,Phleum ambiguum Ten.,Phleum hirsutum Honck. subsp. ambiguum (Ten.) Cif. & Giacom.,+
2015,35,B,Sorbus aria (L.) Crantz,Sorbus aria (L.) Crantz,1
2015,35,C,Acinos alpinus (L.) Moench,Ziziphora granatensis (Boiss. & Reut.) Melnikov subsp. alpina (L.) Bräuchler & Gutermann,+
2015,35,C,Arabis collina Ten.,Arabis collina Ten.,+
2015,35,C,Arabis hirsuta (L.) Scop.,Arabis hirsuta (L.) Scop.,+
2015,35,C,Asperula purpurea (L.) Ehrend.,Thliphthisa purpurea (L.) P.Caputo & Del Guacchio subsp. purpurea,+
2015,35,C,Avenula praetutiana (Parl.) Pignatti,"Helictochloa praetutiana (Parl. ex Arcang.) Bartolucci, F.Conti, Peruzzi & Banfi subsp. praetutiana",+
2015,35,C,Brachypodium rupestre (Host) Roem. & Schult.,Brachypodium rupestre (Host) Roem. & Schult.,+
2015,35,C,Bromus erectus Huds.,Bromopsis erecta (Huds.) Fourr.,2
2015,35,C,Bunium bulbocastanum L.,Bunium bulbocastanum L.,+
2015,35,C,Bupleurum falcatum L. subsp. cernuum (Ten.) Arcang.,Bupleurum falcatum L. subsp. cernuum (Nyman) Arcang.,+
2015,35,C,Carex caryophyllea La Tourr.,Carex caryophyllea Latourr.,+
2015,35,C,Centaurea ambigua Guss. subsp. ambigua,Centaurea arrigonii Greuter,+
2015,35,C,Centaurea triumfettii All.,Centaurea triumfettii All.,+
2015,35,C,Chamaecytisus hirsutus (L.) Link,Cytisus hirsutus L.,+
2015,35,C,Coronilla minima L.,Coronilla minima L.,1
2015,35,C,Cuscuta epithymum (L.) L.,Cuscuta epithymum (L.) L. subsp. epithymum ,+
2015,35,C,Dactylis glomerata L.,Dactylis glomerata L. subsp. glomerata,+
2015,35,C,Eryngium amethystinum L.,Eryngium amethystinum L.,+
2015,35,C,Euphorbia myrsinites L.,Euphorbia myrsinites L. subsp. myrsinites,+
2015,35,C,Festuca circummediterranea Patzke,Festuca circummediterranea Patzke,1
2015,35,C,Galium corrudifolium Vill.,Galium corrudifolium Vill.,+
2015,35,C,Helianthemum canum (L.) Baumg. subsp. canum,Helianthemum oelandicum (L.) Dum.Cours. subsp. incanum (Willk.) G.López,+
2015,35,C,Helianthemum nummularium (L.) Mill. subsp. obscurum (Čelak.) Holub,Helianthemum nummularium (L.) Mill. subsp. obscurum (Čelak.) Holub,+
2015,35,C,Knautia purpurea (Vill.) Borbás,Knautia calycina (C.Presl) Guss.,+
2015,35,C,Koeleria macrantha (Ledeb.) Sprengel,Koeleria macrantha (Ledeb.) Schult. subsp. macrantha,+
2015,35,C,Lamium maculatum L.,Lamium maculatum L.,+
2015,35,C,Lathyrus pratensis L.,Lathyrus pratensis L. subsp. pratensis,+
2015,35,C,Lathyrus sylvestris L.,Lathyrus sylvestris L. subsp. sylvestris,+
2015,35,C,Leontodon crispus Vill.,Leontodon crispus Vill.,+
2015,35,C,Lonicera xylosteum L.,Lonicera xylosteum L.,+
2015,35,C,Lotus corniculatus L.,Lotus corniculatus L. subsp. corniculatus,+
2015,35,C,Onobrychis viciifolia Scop.,Onobrychis viciifolia Scop.,+
2015,35,C,Orobanche alba Stephan,Orobanche alba Stephan ex Willd.,+
2015,35,C,Polygala nicaeensis Risso subsp. mediterranea Chodat,Polygala nicaeensis Risso ex W.D.J.Koch subsp. mediterranea Chodat,+
2015,35,C,Prunus spinosa L.,Prunus spinosa L. subsp. spinosa,+
2015,35,C,Rosa canina L.,Rosa canina L.,+
2015,35,C,Rubus ulmifolius Schott,Rubus ulmifolius Schott,+
2015,35,C,Sanguisorba minor Scop. subsp. muricata (Gremli) Briq.,Poterium sanguisorba L. subsp. balearicum (Bourg. ex Nyman) Stace,+
2015,35,C,Sedum rupestre L. subsp. rupestre,Petrosedum rupestre (L.) P.V.Heath,+
2015,35,C,Sesleria nitida Ten.,Sesleria nitida Ten.,+
2015,35,C,Stachys recta L. subsp. recta,Stachys recta L. subsp. recta,+
2015,35,C,Teucrium chamaedrys L.,Teucrium chamaedrys L. subsp. chamaedrys,+
2015,35,C,Thymus longicaulis Presl,Thymus longicaulis C.Presl subsp. longicaulis,1
2015,35,C,Thymus sp.,Thymus sp.,+
2015,35,C,Trifolium ochroleucum Huds.,Trifolium ochroleucon Huds.,+
2015,35,C,Trinia glauca (L.) Dumort. subsp. carniolica (Kerner) Wolff,Trinia glauca (L.) Dumort. subsp. carniolica (A.Kern. ex Janch.) H.Wolff,+
2015,35,C,Vicia tenuifolia Roth,Vicia tenuifolia Roth subsp. tenuifolia,+
2020,35,B,Acer obtusatum Waldst. & Kit.,Acer opalus Mill. subsp. obtusatum (Waldst. & Kit. ex Willd.) Gams,1
2020,35,B,Cytisus sessilifolius L.,Cytisophyllum sessilifolium (L.) O.Lang,2
2020,35,B,Rosa canina L.,Rosa canina L.,+
2020,35,B,Sorbus aria (L.) Crantz,Sorbus aria (L.) Crantz,+
2020,35,C,Achillea millefolium L.,Achillea millefolium L. subsp. millefolium,1
2020,35,C,Allium sphaerocephalon L.,Allium sphaerocephalon L. subsp. sphaerocephalon,+
2020,35,C,Anthyllis vulneraria L. subsp. polyphylla (DC.) Nyman,Anthyllis vulneraria L. subsp. polyphylla (DC.) Nyman,+
2020,35,C,Asperula purpurea (L.) Ehrend.,Thliphthisa purpurea (L.) P.Caputo & Del Guacchio subsp. purpurea,1
2020,35,C,Astragalus sempervirens Lam. subsp. gussonei Pignatti,Astragalus sempervirens Lam.,+
2020,35,C,Brachypodium rupestre (Host) Roem. & Schult.,Brachypodium rupestre (Host) Roem. & Schult.,1
2020,35,C,Bromus erectus Huds.,Bromopsis erecta (Huds.) Fourr.,+
2020,35,C,Bunium bulbocastanum L.,Bunium bulbocastanum L.,+
2020,35,C,Bupleurum falcatum L. subsp. cernuum (Ten.) Arcang.,Bupleurum falcatum L. subsp. cernuum (Nyman) Arcang.,+
2020,35,C,Campanula rapunculus L.,Campanula rapunculus L.,+
2020,35,C,Carex caryophyllea La Tourr.,Carex caryophyllea Latourr.,+
2020,35,C,Carex macrolepis DC.,Carex macrolepis DC.,+
2020,35,C,Centaurea ambigua Guss. subsp. ambigua,Centaurea arrigonii Greuter,1
2020,35,C,Centaurea triumfettii All.,Centaurea triumfettii All.,+
2020,35,C,Cerastium arvense L. subsp. suffruticosum (L.) Nym.,Cerastium arvense L. subsp. suffruticosum (L.) Ces.,+
2020,35,C,Coronilla minima L.,Coronilla minima L.,+
2020,35,C,Cytisus sessilifolius L.,Cytisophyllum sessilifolium (L.) O.Lang,+
2020,35,C,Dianthus sylvestris Wulfen subsp. garganicus (Grande) Pignatti,Dianthus virgineus L.,+
2020,35,C,Eryngium amethystinum L.,Eryngium amethystinum L.,1
2020,35,C,Erysimum pseudorhaeticum Polatschek,Erysimum pseudorhaeticum Polatschek,+
2020,35,C,Festuca circummediterranea Patzke,Festuca circummediterranea Patzke,1
2020,35,C,Festuca inops De Not.,Festuca inops De Not.,+
2020,35,C,Galium aparine L.,Galium aparine L.,+
2020,35,C,Galium corrudifolium Vill.,Galium corrudifolium Vill.,+
2020,35,C,Globularia punctata Lapeyr.,Globularia bisnagarica L.,+
2020,35,C,Helianthemum canum (L.) Baumg. subsp. canum,Helianthemum oelandicum (L.) Dum.Cours. subsp. incanum (Willk.) G.López,+
2020,35,C,Helianthemum nummularium (L.) Mill. subsp. obscurum (Čelak.) Holub,Helianthemum nummularium (L.) Mill. subsp. obscurum (Čelak.) Holub,+
2020,35,C,Hieracium cymosum L.,Pilosella cymosa (L.) F.W.Schultz & Sch.Bip. subsp. sabina (Sebast.) H.P.Fuchs,+
2020,35,C,Juniperus oxycedrus L. subsp. oxycedrus,Juniperus deltoides R.P.Adams ,2
2020,35,C,Knautia purpurea (Vill.) Borbás,Knautia calycina (C.Presl) Guss.,1
2020,35,C,Koeleria macrantha (Ledeb.) Sprengel,Koeleria macrantha (Ledeb.) Schult. subsp. macrantha,+
2020,35,C,Lactuca perennis L.,Lactuca perennis L.,+
2020,35,C,Lathyrus sylvestris L.,Lathyrus sylvestris L. subsp. sylvestris,+
2020,35,C,Leontodon crispus Vill.,Leontodon crispus Vill.,+
2020,35,C,Lotus corniculatus L.,Lotus corniculatus L. subsp. corniculatus,+
2020,35,C,Orobanche alba Stephan,Orobanche alba Stephan ex Willd.,+
2020,35,C,Phleum ambiguum Ten.,Phleum hirsutum Honck. subsp. ambiguum (Ten.) Cif. & Giacom.,1
2020,35,C,Quercus pubescens Willd.,Quercus pubescens Willd. subsp. pubescens,+
2020,35,C,Rosa canina L.,Rosa canina L.,+
2020,35,C,Sanguisorba minor Scop. subsp. muricata (Gremli) Briq.,Poterium sanguisorba L. subsp. balearicum (Bourg. ex Nyman) Stace,+
2020,35,C,Sedum rupestre L. subsp. rupestre,Petrosedum rupestre (L.) P.V.Heath,+
2020,35,C,Senecio doronicum L. subsp. doronicum,Senecio doronicum (L.) L. subsp. doronicum,+
2020,35,C,Sesleria nitida Ten.,Sesleria nitida Ten.,3
2020,35,C,Silene italica (L.) Pers. subsp. italica,Silene italica (L.) Pers. subsp. italica,+
2020,35,C,Silene otites (L.) Wibel,Silene otites (L.) Wibel subsp. otites,+
2020,35,C,Stachys recta L. subsp. recta,Stachys recta L. subsp. recta,+
2020,35,C,Teucrium chamaedrys L.,Teucrium chamaedrys L. subsp. chamaedrys,1
2020,35,C,Thymus sp.,Thymus sp.,1
2024,35,A,Acer obtusatum Waldst. & Kit.,Acer opalus Mill. subsp. obtusatum (Waldst. & Kit. ex Willd.) Gams,2
2024,35,A,Juniperus oxycedrus L. subsp. oxycedrus,Juniperus deltoides R.P.Adams ,+
2024,35,A,Prunus spinosa L.,Prunus spinosa L. subsp. spinosa,1
2024,35,B,Acer obtusatum Waldst. & Kit.,Acer opalus Mill. subsp. obtusatum (Waldst. & Kit. ex Willd.) Gams,+
2024,35,B,Cytisus sessilifolius L.,Cytisophyllum sessilifolium (L.) O.Lang,3
2024,35,B,Juniperus oxycedrus L. subsp. oxycedrus,Juniperus deltoides R.P.Adams ,2
2024,35,B,Prunus spinosa L.,Prunus spinosa L. subsp. spinosa,+
2024,35,B,Rosa canina L.,Rosa canina L.,1
2024,35,B,Rubus canescens DC.,Rubus canescens DC.,1
2024,35,C,Allium sphaerocephalon L.,Allium sphaerocephalon L. subsp. sphaerocephalon,+
2024,35,C,Anacamptis pyramidalis (L.)L.C.Rich.,Anacamptis pyramidalis (L.) Rich.,+
2024,35,C,Anthemis tinctoria L.,Cota tinctoria (L.) J.Gay subsp. australis (R.Fern.) Oberpr. & Greuter,+
2024,35,C,Asperula purpurea (L.) Ehrend.,Thliphthisa purpurea (L.) P.Caputo & Del Guacchio subsp. purpurea,1
2024,35,C,Brachypodium rupestre (Host) Roem. & Schult.,Brachypodium rupestre (Host) Roem. & Schult.,1
2024,35,C,Bromus erectus Huds.,Bromopsis erecta (Huds.) Fourr.,+
2024,35,C,Campanula rapunculus L.,Campanula rapunculus L.,+
2024,35,C,Carex caryophyllea La Tourr.,Carex caryophyllea Latourr.,+
2024,35,C,Centaurea ambigua Guss. subsp. ambigua,Centaurea arrigonii Greuter,+
2024,35,C,Centaurea triumfettii All.,Centaurea triumfettii All.,+
2024,35,C,Chamaecytisus hirsutus (L.) Link,Cytisus hirsutus L.,+
2024,35,C,Coronilla minima L.,Coronilla minima L.,+
2024,35,C,Cytisus sessilifolius L.,Cytisophyllum sessilifolium (L.) O.Lang,1
2024,35,C,Dactylis glomerata L.,Dactylis glomerata L. subsp. glomerata,+
2024,35,C,Eryngium amethystinum L.,Eryngium amethystinum L.,2
2024,35,C,Euphorbia myrsinites L.,Euphorbia myrsinites L. subsp. myrsinites,+
2024,35,C,Festuca circummediterranea Patzke,Festuca circummediterranea Patzke,+
2024,35,C,Galium corrudifolium Vill.,Galium corrudifolium Vill.,+
2024,35,C,Globularia punctata Lapeyr.,Globularia bisnagarica L.,1
2024,35,C,Helianthemum canum (L.) Baumg. subsp. canum,Helianthemum oelandicum (L.) Dum.Cours. subsp. incanum (Willk.) G.López,+
2024,35,C,Helianthemum nummularium (L.) Mill. subsp. obscurum (Čelak.) Holub,Helianthemum nummularium (L.) Mill. subsp. obscurum (Čelak.) Holub,+
2024,35,C,Hieracium pilosella L.,Pilosella officinarum F.W.Schultz & Sch.Bip.,+
2024,35,C,Knautia purpurea (Vill.) Borbás,Knautia calycina (C.Presl) Guss.,+
2024,35,C,Koeleria macrantha (Ledeb.) Sprengel,Koeleria macrantha (Ledeb.) Schult. subsp. macrantha,+
2024,35,C,Lathyrus sylvestris L.,Lathyrus sylvestris L. subsp. sylvestris,+
2024,35,C,Leontodon crispus Vill.,Leontodon crispus Vill.,1
2024,35,C,Leontodon hispidus,Leontodon hispidus L. subsp. hispidus,+
2024,35,C,Lotus corniculatus L.,Lotus corniculatus L. subsp. corniculatus,+
2024,35,C,Medicago lupulina L.,Medicago lupulina L.,+
2024,35,C,Orobanche alba Stephan,Orobanche alba Stephan ex Willd.,+
2024,35,C,Polygala nicaeensis Risso subsp. mediterranea Chodat,Polygala nicaeensis Risso ex W.D.J.Koch subsp. mediterranea Chodat,+
2024,35,C,Prunus spinosa L.,Prunus spinosa L. subsp. spinosa,1
2024,35,C,Rosa canina L.,Rosa canina L.,+
2024,35,C,Rubus canescens DC.,Rubus canescens DC.,+
2024,35,C,Sanguisorba minor Scop. subsp. muricata (Gremli) Briq.,Poterium sanguisorba L. subsp. balearicum (Bourg. ex Nyman) Stace,+
2024,35,C,Sedum rupestre L. subsp. rupestre,Petrosedum rupestre (L.) P.V.Heath,+
2024,35,C,Senecio doronicum L. subsp. doronicum,Senecio doronicum (L.) L. subsp. doronicum,+
2024,35,C,Sesleria nitida Ten.,Sesleria nitida Ten.,1
2024,35,C,Silene italica (L.) Pers. subsp. italica,Silene italica (L.) Pers. subsp. italica,+
2024,35,C,Stachys recta L. subsp. recta,Stachys recta L. subsp. recta,+
2024,35,C,Teucrium chamaedrys L.,Teucrium chamaedrys L. subsp. chamaedrys,+
2024,35,C,Thymus longicaulis Presl,Thymus longicaulis C.Presl subsp. longicaulis,+
2024,35,C,Thymus sp.,Thymus sp.,+
2002,36,C,Acer campestre L.,Acer campestre L.,p
2002,36,C,Acer obtusatum Waldst. & Kit.,Acer opalus Mill. subsp. obtusatum (Waldst. & Kit. ex Willd.) Gams,p
2002,36,C,Asperula cynanchica L.,Cynanchica pyrenaica (L.) P.Caputo & Del Guacchio subsp. cynanchica (L.) P.Caputo & Del Guacchio,p
2002,36,C,Asperula purpurea (L.) Ehrend.,Thliphthisa purpurea (L.) P.Caputo & Del Guacchio subsp. purpurea,p
2002,36,C,Brachypodium rupestre (Host) Roem. & Schult. subsp. rupestre,Brachypodium rupestre (Host) Roem. & Schult.,p
2002,36,C,Bromus erectus Huds.,Bromopsis erecta (Huds.) Fourr.,p
2002,36,C,Bupleurum falcatum L. subsp. cernuum (Ten.) Arcang.,Bupleurum falcatum L. subsp. cernuum (Nyman) Arcang.,p
2002,36,C,Carlina utzka Hacq.,Carlina acanthifolia All. subsp. acanthifolia,p
2002,36,C,Centaurea ambigua Guss. subsp. ambigua,Centaurea arrigonii Greuter,p
2002,36,C,Centaurea triumfettii All.,Centaurea triumfettii All.,p
2002,36,C,Chamaecytisus hirsutus (L.) Link,Cytisus hirsutus L.,p
2002,36,C,Cuscuta epithymum (L.) L.,Cuscuta epithymum (L.) L. subsp. epithymum ,p
2002,36,C,Cytisus sessilifolius L.,Cytisophyllum sessilifolium (L.) O.Lang,p
2002,36,C,Dactylis glomerata L.,Dactylis glomerata L. subsp. glomerata,p
2002,36,C,Eryngium amethystinum L.,Eryngium amethystinum L.,p
2002,36,C,Festuca circummediterranea Patzke,Festuca circummediterranea Patzke,p
2002,36,C,Fraxinus ornus L.,Fraxinus ornus L. subsp. ornus,p
2002,36,C,Gymnadenia conopsea (L.) R.Br.,Gymnadenia conopsea (L.) R.Br.,p
2002,36,C,Helianthemum canum (L.) Baumg. subsp. canum,Helianthemum oelandicum (L.) Dum.Cours. subsp. incanum (Willk.) G.López,p
2002,36,C,Helianthemum nummularium (L.) Mill. subsp. obscurum (Čelak.) Holub,Helianthemum nummularium (L.) Mill. subsp. obscurum (Čelak.) Holub,p
2002,36,C,Juniperus communis L.,Juniperus communis L.,p
2002,36,C,Knautia purpurea (Vill.) Borbás,Knautia calycina (C.Presl) Guss.,p
2002,36,C,Lathyrus sylvestris L.,Lathyrus sylvestris L. subsp. sylvestris,p
2002,36,C,Onobrychis viciifolia Scop.,Onobrychis viciifolia Scop.,p
2002,36,C,Ononis spinosa L. subsp. spinosa,Ononis spinosa L. subsp. spinosa,p
2002,36,C,Phleum ambiguum Ten.,Phleum hirsutum Honck. subsp. ambiguum (Ten.) Cif. & Giacom.,p
2002,36,C,Pyrus pyraster Burgsd.,Pyrus communis L. subsp. pyraster (L.) Ehrh.,p
2002,36,C,Rosa canina L.,Rosa canina L.,p
2002,36,C,Sanguisorba minor Scop. subsp. muricata (Gremli) Briq.,Poterium sanguisorba L. subsp. balearicum (Bourg. ex Nyman) Stace,p
2002,36,C,Sedum acre L.,Sedum acre L.,p
2002,36,C,Sesleria nitida Ten.,Sesleria nitida Ten.,p
2002,36,C,Silene italica (L.) Pers. subsp. italica,Silene italica (L.) Pers. subsp. italica,p
2002,36,C,Sorbus aria (L.) Crantz,Sorbus aria (L.) Crantz,p
2002,36,C,Teucrium chamaedrys L.,Teucrium chamaedrys L. subsp. chamaedrys,p
2002,36,C,Thymus longicaulis Presl,Thymus longicaulis C.Presl subsp. longicaulis,p
2002,36,C,Trifolium repens L. subsp. repens,Trifolium repens L.,p
2002,36,C,Vicia onobrychioides L.,Vicia onobrychioides L.,p
2003,36,C,Acer obtusatum Waldst. & Kit.,Acer opalus Mill. subsp. obtusatum (Waldst. & Kit. ex Willd.) Gams,p
2003,36,C,Asperula purpurea (L.) Ehrend.,Thliphthisa purpurea (L.) P.Caputo & Del Guacchio subsp. purpurea,p
2003,36,C,Brachypodium rupestre (Host) Roem. & Schult. subsp. rupestre,Brachypodium rupestre (Host) Roem. & Schult.,p
2003,36,C,Bromus erectus Huds.,Bromopsis erecta (Huds.) Fourr.,p
2003,36,C,Carex macrolepis DC.,Carex macrolepis DC.,p
2003,36,C,Cytisus sessilifolius L.,Cytisophyllum sessilifolium (L.) O.Lang,p
2003,36,C,Dianthus sylvestris Wulfen subsp. garganicus (Grande) Pignatti,Dianthus virgineus L.,p
2003,36,C,Festuca circummediterranea Patzke,Festuca circummediterranea Patzke,p
2003,36,C,Genista tinctoria L. subsp. tinctoria,Genista tinctoria L.,p
2003,36,C,Globularia punctata Lapeyr.,Globularia bisnagarica L.,p
2003,36,C,Hieracium cymosum L.,Pilosella cymosa (L.) F.W.Schultz & Sch.Bip. subsp. sabina (Sebast.) H.P.Fuchs,p
2003,36,C,Knautia purpurea (Vill.) Borbás,Knautia calycina (C.Presl) Guss.,p
2003,36,C,Lilium bulbiferum L. subsp. croceum (Chaix) Baker,Lilium bulbiferum L. subsp. croceum (Chaix) Jan,p
2003,36,C,Orchis sambucina L.,Dactylorhiza sambucina (L.) Soó,p
2003,36,C,Phleum ambiguum Ten.,Phleum hirsutum Honck. subsp. ambiguum (Ten.) Cif. & Giacom.,p
2003,36,C,Rosa canina L.,Rosa canina L.,p
2003,36,C,Senecio doronicum L. subsp. gerardii (G. et G.) Nyman,Senecio apenninus Tausch,p
2003,36,C,Sesleria nitida Ten.,Sesleria nitida Ten.,p
2003,36,C,Silene italica (L.) Pers. subsp. italica,Silene italica (L.) Pers. subsp. italica,p
2003,36,C,Tanacetum corymbosum var. tenuifolium (Willd.) Briq. et Cavill.,Tanacetum corymbosum (L.) Sch.Bip. subsp. achilleae (L.) Greuter,p
2003,36,C,Thymus longicaulis Presl,Thymus longicaulis C.Presl subsp. longicaulis,p
2003,36,C,Trifolium montanum L. subsp. rupestre (Ten.) Pignatti,Trifolium montanum L. subsp. rupestre (Ten.) Nyman,p
2015,36,B,Acer monspessulanum L.,Acer monspessulanum L. subsp. monspessulanum,+
2015,36,B,Acer obtusatum Waldst. & Kit.,Acer opalus Mill. subsp. obtusatum (Waldst. & Kit. ex Willd.) Gams,1
2015,36,B,Corylus avellana L.,Corylus avellana L.,+
2015,36,B,Cytisus sessilifolius L.,Cytisophyllum sessilifolium (L.) O.Lang,3
2015,36,B,Fraxinus ornus L.,Fraxinus ornus L. subsp. ornus,1
2015,36,B,Juniperus communis L.,Juniperus communis L.,1
2015,36,B,Juniperus oxycedrus L. subsp. oxycedrus,Juniperus deltoides R.P.Adams ,2
2015,36,B,Koeleria macrantha (Ledeb.) Sprengel,Koeleria macrantha (Ledeb.) Schult. subsp. macrantha,+
2015,36,B,Sorbus aria (L.) Crantz,Sorbus aria (L.) Crantz,+
2015,36,C,Asperula purpurea (L.) Ehrend.,Thliphthisa purpurea (L.) P.Caputo & Del Guacchio subsp. purpurea,+
2015,36,C,Avenula praetutiana (Parl.) Pignatti,"Helictochloa praetutiana (Parl. ex Arcang.) Bartolucci, F.Conti, Peruzzi & Banfi subsp. praetutiana",+
2015,36,C,Brachypodium rupestre (Host) Roem. & Schult.,Brachypodium rupestre (Host) Roem. & Schult.,3
2015,36,C,Bromus erectus Huds.,Bromopsis erecta (Huds.) Fourr.,1
2015,36,C,Bupleurum falcatum L. subsp. cernuum (Ten.) Arcang.,Bupleurum falcatum L. subsp. cernuum (Nyman) Arcang.,+
2015,36,C,Carex macrolepis DC.,Carex macrolepis DC.,+
2015,36,C,Centaurea ambigua Guss. subsp. ambigua,Centaurea arrigonii Greuter,+
2015,36,C,Centaurea triumfettii All.,Centaurea triumfettii All.,+
2015,36,C,Chamaecytisus hirsutus (L.) Link,Cytisus hirsutus L.,+
2015,36,C,Coronilla minima L.,Coronilla minima L.,+
2015,36,C,Cuscuta epithymum (L.) L.,Cuscuta epithymum (L.) L. subsp. epithymum ,+
2015,36,C,Dactylis glomerata L.,Dactylis glomerata L. subsp. glomerata,+
2015,36,C,Eryngium amethystinum L.,Eryngium amethystinum L.,+
2015,36,C,Festuca circummediterranea Patzke,Festuca circummediterranea Patzke,+
2015,36,C,Galium corrudifolium Vill.,Galium corrudifolium Vill.,+
2015,36,C,Helianthemum nummularium (L.) Mill. subsp. obscurum (Čelak.) Holub,Helianthemum nummularium (L.) Mill. subsp. obscurum (Čelak.) Holub,+
2015,36,C,Knautia purpurea (Vill.) Borbás,Knautia calycina (C.Presl) Guss.,+
2015,36,C,Lathyrus sylvestris L.,Lathyrus sylvestris L. subsp. sylvestris,+
2015,36,C,Leucanthemum vulgare Lam. var. vulgare,Leucanthemum vulgare (Vaill.) Lam. subsp. vulgare,+
2015,36,C,Lotus corniculatus L.,Lotus corniculatus L. subsp. corniculatus,+
2015,36,C,Onobrychis viciifolia Scop.,Onobrychis viciifolia Scop.,+
2015,36,C,Orobanche minor Sm.,Orobanche minor Sm.,+
2015,36,C,Rosa canina L.,Rosa canina L.,+
2015,36,C,Sanguisorba minor Scop. subsp. muricata (Gremli) Briq.,Poterium sanguisorba L. subsp. balearicum (Bourg. ex Nyman) Stace,+
2015,36,C,Sesleria nitida Ten.,Sesleria nitida Ten.,1
2015,36,C,Sorbus aria (L.) Crantz,Sorbus aria (L.) Crantz,+
2015,36,C,Teucrium chamaedrys L.,Teucrium chamaedrys L. subsp. chamaedrys,+
2015,36,C,Thymus longicaulis Presl,Thymus longicaulis C.Presl subsp. longicaulis,+
2015,36,C,Thymus sp.,Thymus sp.,+
2015,36,C,Vicia hirsuta (L.) S.F.Gray,Ervilia hirsuta (L.) Opiz,+
2020,36,A,Acer obtusatum Waldst. & Kit.,Acer opalus Mill. subsp. obtusatum (Waldst. & Kit. ex Willd.) Gams,1
2020,36,A,Acer pseudoplatanus L.,Acer pseudoplatanus L.,1
2020,36,A,Fraxinus ornus L.,Fraxinus ornus L. subsp. ornus,1
2020,36,A,Sorbus aria (L.) Crantz,Sorbus aria (L.) Crantz,1
2020,36,B,Cytisus sessilifolius L.,Cytisophyllum sessilifolium (L.) O.Lang,3
2020,36,B,Juniperus communis L.,Juniperus communis L.,2
2020,36,B,Juniperus oxycedrus L. subsp. oxycedrus,Juniperus deltoides R.P.Adams ,2
2020,36,C,Acer monspessulanum L.,Acer monspessulanum L. subsp. monspessulanum,+
2020,36,C,Asperula purpurea (L.) Ehrend.,Thliphthisa purpurea (L.) P.Caputo & Del Guacchio subsp. purpurea,+
2020,36,C,Brachypodium rupestre (Host) Roem. & Schult.,Brachypodium rupestre (Host) Roem. & Schult.,3
2020,36,C,Bupleurum falcatum L. subsp. cernuum (Ten.) Arcang.,Bupleurum falcatum L. subsp. cernuum (Nyman) Arcang.,+
2020,36,C,Carex caryophyllea La Tourr.,Carex caryophyllea Latourr.,+
2020,36,C,Carex macrolepis DC.,Carex macrolepis DC.,+
2020,36,C,Centaurea ambigua Guss. subsp. ambigua,Centaurea arrigonii Greuter,+
2020,36,C,Centaurea bracteata Scop.,Centaurea jacea L. subsp. gaudinii (Boiss. & Reut.) Gremli,+
2020,36,C,Eryngium amethystinum L.,Eryngium amethystinum L.,+
2020,36,C,Festuca inops De Not.,Festuca inops De Not.,+
2020,36,C,Fraxinus ornus L.,Fraxinus ornus L. subsp. ornus,+
2020,36,C,Galium corrudifolium Vill.,Galium corrudifolium Vill.,+
2020,36,C,Helianthemum apenninum (L.) Mill.,Helianthemum apenninum (L.) Mill. subsp. apenninum,+
2020,36,C,Helianthemum nummularium (L.) Mill. subsp. obscurum (Čelak.) Holub,Helianthemum nummularium (L.) Mill. subsp. obscurum (Čelak.) Holub,+
2020,36,C,Juniperus oxycedrus L. subsp. oxycedrus,Juniperus deltoides R.P.Adams ,1
2020,36,C,Knautia purpurea (Vill.) Borbás,Knautia calycina (C.Presl) Guss.,+
2020,36,C,Lactuca perennis L.,Lactuca perennis L.,+
2020,36,C,Lathyrus sylvestris L.,Lathyrus sylvestris L. subsp. sylvestris,+
2020,36,C,Lotus corniculatus L.,Lotus corniculatus L. subsp. corniculatus,+
2020,36,C,Orobanche minor Sm.,Orobanche minor Sm.,+
2020,36,C,Rosa canina L.,Rosa canina L.,+
2020,36,C,Rubus hirtus W. et K.,Rubus hirtus Waldst. & Kit. group,+
2020,36,C,Sesleria nitida Ten.,Sesleria nitida Ten.,3
2020,36,C,Teucrium chamaedrys L.,Teucrium chamaedrys L. subsp. chamaedrys,+
2020,36,C,Thymus sp.,Thymus sp.,+
2020,36,C,Viola alba Besser subsp. dehnhardtii (Ten.) W. Becker,Viola alba Besser subsp. dehnhardtii (Ten.) W.Becker,+
2024,36,A,Acer obtusatum Waldst. & Kit.,Acer opalus Mill. subsp. obtusatum (Waldst. & Kit. ex Willd.) Gams,1
2024,36,A,Acer pseudoplatanus L.,Acer pseudoplatanus L.,1
2024,36,A,Fraxinus ornus L.,Fraxinus ornus L. subsp. ornus,1
2024,36,A,Juniperus communis L.,Juniperus communis L.,1
2024,36,A,Sorbus aria (L.) Crantz,Sorbus aria (L.) Crantz,1
2024,36,B,Acer obtusatum Waldst. & Kit.,Acer opalus Mill. subsp. obtusatum (Waldst. & Kit. ex Willd.) Gams,+
2024,36,B,Cytisus sessilifolius L.,Cytisophyllum sessilifolium (L.) O.Lang,3
2024,36,B,Juniperus communis L.,Juniperus communis L.,1
2024,36,B,Juniperus oxycedrus L. subsp. oxycedrus,Juniperus deltoides R.P.Adams ,3
2024,36,C,Asperula purpurea (L.) Ehrend.,Thliphthisa purpurea (L.) P.Caputo & Del Guacchio subsp. purpurea,+
2024,36,C,Brachypodium rupestre (Host) Roem. & Schult.,Brachypodium rupestre (Host) Roem. & Schult.,2
2024,36,C,Centaurea ambigua Guss. subsp. ambigua,Centaurea arrigonii Greuter,+
2024,36,C,Centaurea triumfettii All.,Centaurea triumfettii All.,+
2024,36,C,Eryngium amethystinum L.,Eryngium amethystinum L.,+
2024,36,C,Helianthemum nummularium (L.) Mill. subsp. obscurum (Čelak.) Holub,Helianthemum nummularium (L.) Mill. subsp. obscurum (Čelak.) Holub,+
2024,36,C,Juniperus oxycedrus L. subsp. oxycedrus,Juniperus deltoides R.P.Adams ,+
2024,36,C,Knautia purpurea (Vill.) Borbás,Knautia calycina (C.Presl) Guss.,+
2024,36,C,Lathyrus sylvestris L.,Lathyrus sylvestris L. subsp. sylvestris,+
2024,36,C,Sesleria nitida Ten.,Sesleria nitida Ten.,3
2024,36,C,Teucrium chamaedrys L.,Teucrium chamaedrys L. subsp. chamaedrys,+
2002,37,C,Acer obtusatum Waldst. & Kit.,Acer opalus Mill. subsp. obtusatum (Waldst. & Kit. ex Willd.) Gams,p
2002,37,C,Allium sphaerocephalon L.,Allium sphaerocephalon L. subsp. sphaerocephalon,p
2002,37,C,Anthyllis vulneraria L. subsp. weldeniana (Rchb.) Cullen,Anthyllis vulneraria L. subsp. weldeniana (Rchb.) Cullen,p
2002,37,C,Asperula purpurea (L.) Ehrend.,Thliphthisa purpurea (L.) P.Caputo & Del Guacchio subsp. purpurea,p
2002,37,C,Astragalus sempervirens Lam. subsp. gussonei Pignatti,Astragalus sempervirens Lam.,p
2002,37,C,Avenula praetutiana (Parl.) Pignatti,"Helictochloa praetutiana (Parl. ex Arcang.) Bartolucci, F.Conti, Peruzzi & Banfi subsp. praetutiana",p
2002,37,C,Brachypodium rupestre (Host) Roem. & Schult. subsp. rupestre,Brachypodium rupestre (Host) Roem. & Schult.,p
2002,37,C,Bromus erectus Huds.,Bromopsis erecta (Huds.) Fourr.,p
2002,37,C,Bunium bulbocastanum L.,Bunium bulbocastanum L.,p
2002,37,C,Carex caryophyllea La Tourr.,Carex caryophyllea Latourr.,p
2002,37,C,Centaurea ambigua Guss. subsp. ambigua,Centaurea arrigonii Greuter,p
2002,37,C,Cerastium arvense L. subsp. suffruticosum (L.) Nym.,Cerastium arvense L. subsp. suffruticosum (L.) Ces.,p
2002,37,C,Dactylis glomerata L.,Dactylis glomerata L. subsp. glomerata,p
2002,37,C,Dianthus sylvestris Wulfen subsp. garganicus (Grande) Pignatti,Dianthus virgineus L.,p
2002,37,C,Eryngium amethystinum L.,Eryngium amethystinum L.,p
2002,37,C,Erysimum pseudorhaeticum Polatschek,Erysimum pseudorhaeticum Polatschek,p
2002,37,C,Festuca circummediterranea Patzke,Festuca circummediterranea Patzke,p
2002,37,C,Helianthemum nummularium (L.) Mill. subsp. obscurum (Čelak.) Holub,Helianthemum nummularium (L.) Mill. subsp. obscurum (Čelak.) Holub,p
2002,37,C,Hieracium cymosum L.,Pilosella cymosa (L.) F.W.Schultz & Sch.Bip. subsp. sabina (Sebast.) H.P.Fuchs,p
2002,37,C,Hieracium pilosella L.,Pilosella officinarum F.W.Schultz & Sch.Bip.,p
2002,37,C,Juniperus communis L.,Juniperus communis L.,p
2002,37,C,Koeleria macrantha (Ledeb.) Sprengel,Koeleria macrantha (Ledeb.) Schult. subsp. macrantha,p
2002,37,C,Leontodon crispus Vill.,Leontodon crispus Vill.,p
2002,37,C,Lotus corniculatus L.,Lotus corniculatus L. subsp. corniculatus,p
2002,37,C,Onobrychis viciifolia Scop.,Onobrychis viciifolia Scop.,p
2002,37,C,Phleum ambiguum Ten.,Phleum hirsutum Honck. subsp. ambiguum (Ten.) Cif. & Giacom.,p
2002,37,C,Poa molineri Balb.,Poa molinerii Balb.,p
2002,37,C,Rhinanthus alectorolophus (Scop.) Pollich,Rhinanthus alectorolophus (Scop.) Pollich subsp. alectorolophus,p
2002,37,C,Rhinanthus minor L.,Rhinanthus minor L.,p
2002,37,C,Sanguisorba minor Scop. subsp. muricata (Gremli) Briq.,Poterium sanguisorba L. subsp. balearicum (Bourg. ex Nyman) Stace,p
2002,37,C,Saxifraga bulbifera L.,Saxifraga bulbifera L.,p
2002,37,C,Sedum acre L.,Sedum acre L.,p
2002,37,C,Sedum rupestre L. subsp. rupestre,Petrosedum rupestre (L.) P.V.Heath,p
2002,37,C,Sedum sexangulare L.,Sedum sexangulare L.,p
2002,37,C,Silene italica (L.) Pers. subsp. italica,Silene italica (L.) Pers. subsp. italica,p
2002,37,C,Silene otites (L.) Wibel,Silene otites (L.) Wibel subsp. otites,p
2002,37,C,Sorbus aria (L.) Crantz,Sorbus aria (L.) Crantz,p
2002,37,C,Tanacetum corymbosum var. tenuifolium (Willd.) Briq. et Cavill.,Tanacetum corymbosum (L.) Sch.Bip. subsp. achilleae (L.) Greuter,p
2002,37,C,Teucrium chamaedrys L.,Teucrium chamaedrys L. subsp. chamaedrys,p
2002,37,C,Thymus longicaulis Presl,Thymus longicaulis C.Presl subsp. longicaulis,p
2002,37,C,Thymus sp.,Thymus sp.,p
2002,37,C,Trifolium alpestre L.,Trifolium alpestre L.,p
2002,37,C,Trifolium campestre Schreb.,Trifolium campestre Schreb.,p
2002,37,C,Trifolium ochroleucum Huds.,Trifolium ochroleucon Huds.,p
2002,37,C,Trifolium pratense L. subsp. pratense,Trifolium pratense L. subsp. pratense,p
2002,37,C,Trinia glauca (L.) Dumort. subsp. carniolica (Kerner) Wolff,Trinia glauca (L.) Dumort. subsp. carniolica (A.Kern. ex Janch.) H.Wolff,p
2003,37,C,Acer campestre L.,Acer campestre L.,p
2003,37,C,Acer monspessulanum L.,Acer monspessulanum L. subsp. monspessulanum,p
2003,37,C,Acer obtusatum Waldst. & Kit.,Acer opalus Mill. subsp. obtusatum (Waldst. & Kit. ex Willd.) Gams,p
2003,37,C,Asperula purpurea (L.) Ehrend.,Thliphthisa purpurea (L.) P.Caputo & Del Guacchio subsp. purpurea,p
2003,37,C,Brachypodium rupestre (Host) Roem. & Schult. subsp. rupestre,Brachypodium rupestre (Host) Roem. & Schult.,p
2003,37,C,Bromus erectus Huds.,Bromopsis erecta (Huds.) Fourr.,p
2003,37,C,Centaurea ambigua Guss. subsp. ambigua,Centaurea arrigonii Greuter,p
2003,37,C,Ceterach officinarum DC.,Asplenium ceterach L. subsp. ceterach,p
2003,37,C,Corylus avellana L.,Corylus avellana L.,p
2003,37,C,Cruciata laevipes Opiz,Cruciata laevipes Opiz,p
2003,37,C,Cytisus sessilifolius L.,Cytisophyllum sessilifolium (L.) O.Lang,p
2003,37,C,Dactylis glomerata L.,Dactylis glomerata L. subsp. glomerata,p
2003,37,C,Daphne laureola L.,Daphne laureola L.,p
2003,37,C,Festuca circummediterranea Patzke,Festuca circummediterranea Patzke,p
2003,37,C,Festuca heterophylla Lam.,Festuca heterophylla Lam.,p
2003,37,C,Fragaria vesca L.,Fragaria vesca L. subsp. vesca,p
2003,37,C,Fraxinus ornus L.,Fraxinus ornus L. subsp. ornus,p
2003,37,C,Geum urbanum L.,Geum urbanum L.,p
2003,37,C,Helianthemum nummularium (L.) Mill. subsp. obscurum (Čelak.) Holub,Helianthemum nummularium (L.) Mill. subsp. obscurum (Čelak.) Holub,p
2003,37,C,Hypericum perforatum L. subsp. angustifolium (DC.) Gaudin,Hypericum perforatum L. subsp. veronense (Schrank) Ces.,p
2003,37,C,Juniperus oxycedrus L. subsp. oxycedrus,Juniperus deltoides R.P.Adams ,p
2003,37,C,Knautia purpurea (Vill.) Borbás,Knautia calycina (C.Presl) Guss.,p
2003,37,C,Lonicera xylosteum L.,Lonicera xylosteum L.,p
2003,37,C,Orobanche minor Sm.,Orobanche minor Sm.,p
2003,37,C,Ostrya carpinifolia Scop.,Ostrya carpinifolia Scop.,p
2003,37,C,Polypodium interjectum Shivas,Polypodium interjectum Shivas,p
2003,37,C,Quercus cerris L.,Quercus cerris L.,p
2003,37,C,Quercus pubescens Willd.,Quercus pubescens Willd. subsp. pubescens,p
2003,37,C,Rosa canina L.,Rosa canina L.,p
2003,37,C,Sesleria nitida Ten.,Sesleria nitida Ten.,p
2003,37,C,Silene italica (L.) Pers. subsp. italica,Silene italica (L.) Pers. subsp. italica,p
2003,37,C,Sorbus aria (L.) Crantz,Sorbus aria (L.) Crantz,p
2003,37,C,Stachys recta L. subsp. recta,Stachys recta L. subsp. recta,p
2003,37,C,Tanacetum corymbosum var. tenuifolium (Willd.) Briq. et Cavill.,Tanacetum corymbosum (L.) Sch.Bip. subsp. achilleae (L.) Greuter,p
2003,37,C,Teucrium chamaedrys L.,Teucrium chamaedrys L. subsp. chamaedrys,p
2003,37,C,Thymus longicaulis Presl,Thymus longicaulis C.Presl subsp. longicaulis,p
2003,37,C,Trifolium ochroleucum Huds.,Trifolium ochroleucon Huds.,p
2003,37,C,Viburnum lantana L.,Viburnum lantana L.,p
2003,37,C,Vicia onobrychioides L.,Vicia onobrychioides L.,p
2003,37,C,Viola alba Besser subsp. dehnhardtii (Ten.) W. Becker,Viola alba Besser subsp. dehnhardtii (Ten.) W.Becker,p
2015,37,B,Acer obtusatum Waldst. & Kit.,Acer opalus Mill. subsp. obtusatum (Waldst. & Kit. ex Willd.) Gams,2
2015,37,B,Juniperus communis L.,Juniperus communis L.,1
2015,37,B,Rosa canina L.,Rosa canina L.,+
2015,37,B,Sorbus aria (L.) Crantz,Sorbus aria (L.) Crantz,1
2015,37,C,Acinos alpinus (L.) Moench,Ziziphora granatensis (Boiss. & Reut.) Melnikov subsp. alpina (L.) Bräuchler & Gutermann,+
2015,37,C,Anthemis cotula L.,Anthemis cotula L.,+
2015,37,C,Anthyllis vulneraria L. subsp. praepropera (Kerner) Bornm.,Anthyllis vulneraria L. subsp. rubriflora (DC.) Arcang.,1
2015,37,C,Anthyllis vulneraria L. subsp. pulchella (Vis.) Bornm.,Anthyllis vulneraria L. subsp. pulchella (Vis.) Bornm.,+
2015,37,C,Arabis hirsuta (L.) Scop.,Arabis hirsuta (L.) Scop.,+
2015,37,C,Asperula purpurea (L.) Ehrend.,Thliphthisa purpurea (L.) P.Caputo & Del Guacchio subsp. purpurea,+
2015,37,C,Avenula praetutiana (Parl.) Pignatti,"Helictochloa praetutiana (Parl. ex Arcang.) Bartolucci, F.Conti, Peruzzi & Banfi subsp. praetutiana",+
2015,37,C,Brachypodium rupestre (Host) Roem. & Schult.,Brachypodium rupestre (Host) Roem. & Schult.,1
2015,37,C,Bromus erectus Huds.,Bromopsis erecta (Huds.) Fourr.,1
2015,37,C,Bunium bulbocastanum L.,Bunium bulbocastanum L.,+
2015,37,C,Carex caryophyllea La Tourr.,Carex caryophyllea Latourr.,+
2015,37,C,Carex macrolepis DC.,Carex macrolepis DC.,+
2015,37,C,Centaurea ambigua Guss. subsp. ambigua,Centaurea arrigonii Greuter,+
2015,37,C,Centaurea triumfettii All.,Centaurea triumfettii All.,+
2015,37,C,Cephalanthera longifolia (Huds.) Fritsch,Cephalanthera longifolia (L.) Fritsch,+
2015,37,C,Cerastium arvense L. subsp. suffruticosum (L.) Nym.,Cerastium arvense L. subsp. suffruticosum (L.) Ces.,+
2015,37,C,Coronilla minima L.,Coronilla minima L.,+
2015,37,C,Crupina vulgaris Cass.,Crupina vulgaris Cass.,+
2015,37,C,Cuscuta epithymum (L.) L.,Cuscuta epithymum (L.) L. subsp. epithymum ,+
2015,37,C,Dactylis glomerata L.,Dactylis glomerata L. subsp. glomerata,+
2015,37,C,Dianthus sylvestris Wulfen subsp. garganicus (Grande) Pignatti,Dianthus virgineus L.,+
2015,37,C,Eryngium amethystinum L.,Eryngium amethystinum L.,+
2015,37,C,Erysimum pseudorhaeticum Polatschek,Erysimum pseudorhaeticum Polatschek,+
2015,37,C,Euphorbia myrsinites L.,Euphorbia myrsinites L. subsp. myrsinites,+
2015,37,C,Festuca arundinacea Schreber,Lolium arundinaceum (Schreb.) Darbysh. subsp. arundinaceum,+
2015,37,C,Festuca circummediterranea Patzke,Festuca circummediterranea Patzke,1
2015,37,C,Galium corrudifolium Vill.,Galium corrudifolium Vill.,+
2015,37,C,Gymnadenia conopsea (L.) R.Br.,Gymnadenia conopsea (L.) R.Br.,+
2015,37,C,Helianthemum canum (L.) Baumg. subsp. canum,Helianthemum oelandicum (L.) Dum.Cours. subsp. incanum (Willk.) G.López,+
2015,37,C,Helianthemum nummularium (L.) Mill. subsp. obscurum (Čelak.) Holub,Helianthemum nummularium (L.) Mill. subsp. obscurum (Čelak.) Holub,+
2015,37,C,Hieracium cymosum L.,Pilosella cymosa (L.) F.W.Schultz & Sch.Bip. subsp. sabina (Sebast.) H.P.Fuchs,+
2015,37,C,Hieracium pilosella L.,Pilosella officinarum F.W.Schultz & Sch.Bip.,+
2015,37,C,Hippocrepis comosa L.,Hippocrepis comosa L. subsp. comosa,+
2015,37,C,Juniperus oxycedrus L. subsp. oxycedrus,Juniperus deltoides R.P.Adams ,+
2015,37,C,Knautia purpurea (Vill.) Borbás,Knautia calycina (C.Presl) Guss.,+
2015,37,C,Koeleria macrantha (Ledeb.) Sprengel,Koeleria macrantha (Ledeb.) Schult. subsp. macrantha,1
2015,37,C,Leontodon hispidus,Leontodon hispidus L. subsp. hispidus,+
2015,37,C,Lonicera xylosteum L.,Lonicera xylosteum L.,+
2015,37,C,Lotus corniculatus L.,Lotus corniculatus L. subsp. corniculatus,+
2015,37,C,Medicago lupulina L.,Medicago lupulina L.,+
2015,37,C,Minuartia verna (L.) Hiern subsp. collina (Neilr.) Halliday,Sabulina glaucina (Dvořáková) Dillenb. & Kadereit,+
2015,37,C,Onobrychis viciifolia Scop.,Onobrychis viciifolia Scop.,1
2015,37,C,Phleum ambiguum Ten.,Phleum hirsutum Honck. subsp. ambiguum (Ten.) Cif. & Giacom.,1
2015,37,C,Poa molineri Balb.,Poa molinerii Balb.,+
2015,37,C,Polygala nicaeensis Risso subsp. mediterranea Chodat,Polygala nicaeensis Risso ex W.D.J.Koch subsp. mediterranea Chodat,+
2015,37,C,Primula veris L. subsp. columnae (Ten.) Ludi,Primula veris L. subsp. columnae (Ten.) Maire & Petitm.,+
2015,37,C,Rubus canescens DC.,Rubus canescens DC.,+
2015,37,C,Sanguisorba minor Scop. subsp. muricata (Gremli) Briq.,Poterium sanguisorba L. subsp. balearicum (Bourg. ex Nyman) Stace,+
2015,37,C,Sedum acre L.,Sedum acre L.,+
2015,37,C,Sedum rupestre L. subsp. rupestre,Petrosedum rupestre (L.) P.V.Heath,+
2015,37,C,Sedum sexangulare L.,Sedum sexangulare L.,+
2015,37,C,Senecio doronicum L. subsp. gerardii (G. et G.) Nyman,Senecio apenninus Tausch,+
2015,37,C,Sesleria nitida Ten.,Sesleria nitida Ten.,+
2015,37,C,Tanacetum corymbosum var. tenuifolium (Willd.) Briq. et Cavill.,Tanacetum corymbosum (L.) Sch.Bip. subsp. achilleae (L.) Greuter,+
2015,37,C,Teucrium chamaedrys L.,Teucrium chamaedrys L. subsp. chamaedrys,+
2015,37,C,Thymus longicaulis Presl,Thymus longicaulis C.Presl subsp. longicaulis,1
2015,37,C,Thymus sp.,Thymus sp.,1
2015,37,C,Trifolium ochroleucum Huds.,Trifolium ochroleucon Huds.,+
2015,37,C,Trifolium pratense L. subsp. pratense,Trifolium pratense L. subsp. pratense,+
2015,37,C,Viburnum lantana L.,Viburnum lantana L.,+
2015,37,C,Vicia onobrychioides L.,Vicia onobrychioides L.,+
2015,37,C,Vicia tenuifolia Roth,Vicia tenuifolia Roth subsp. tenuifolia,+
2020,37,A,Acer obtusatum Waldst. & Kit.,Acer opalus Mill. subsp. obtusatum (Waldst. & Kit. ex Willd.) Gams,1
2020,37,B,Acer obtusatum Waldst. & Kit.,Acer opalus Mill. subsp. obtusatum (Waldst. & Kit. ex Willd.) Gams,2
2020,37,B,Corylus avellana L.,Corylus avellana L.,+
2020,37,B,Juniperus communis L.,Juniperus communis L.,1
2020,37,B,Juniperus oxycedrus L. subsp. oxycedrus,Juniperus deltoides R.P.Adams ,+
2020,37,B,Lonicera xylosteum L.,Lonicera xylosteum L.,+
2020,37,B,Sorbus aria (L.) Crantz,Sorbus aria (L.) Crantz,1
2020,37,B,Viburnum lantana L.,Viburnum lantana L.,1
2020,37,C,Acer obtusatum Waldst. & Kit.,Acer opalus Mill. subsp. obtusatum (Waldst. & Kit. ex Willd.) Gams,+
2020,37,C,Anacamptis pyramidalis (L.)L.C.Rich.,Anacamptis pyramidalis (L.) Rich.,+
2020,37,C,Anthyllis vulneraria L. subsp. pulchella (Vis.) Bornm.,Anthyllis vulneraria L. subsp. pulchella (Vis.) Bornm.,+
2020,37,C,Arabis hirsuta (L.) Scop.,Arabis hirsuta (L.) Scop.,+
2020,37,C,Arenaria serpyllifolia L.,Arenaria serpyllifolia L. subsp. serpyllifolia,+
2020,37,C,Asperula purpurea (L.) Ehrend.,Thliphthisa purpurea (L.) P.Caputo & Del Guacchio subsp. purpurea,+
2020,37,C,Avenula praetutiana (Parl.) Pignatti,"Helictochloa praetutiana (Parl. ex Arcang.) Bartolucci, F.Conti, Peruzzi & Banfi subsp. praetutiana",+
2020,37,C,Brachypodium rupestre (Host) Roem. & Schult.,Brachypodium rupestre (Host) Roem. & Schult.,2
2020,37,C,Bromus erectus Huds.,Bromopsis erecta (Huds.) Fourr.,1
2020,37,C,Carex caryophyllea La Tourr.,Carex caryophyllea Latourr.,+
2020,37,C,Carex macrolepis DC.,Carex macrolepis DC.,1
2020,37,C,Centaurea ambigua Guss. subsp. ambigua,Centaurea arrigonii Greuter,+
2020,37,C,Centaurea triumfettii All.,Centaurea triumfettii All.,+
2020,37,C,Cerastium arvense L. subsp. suffruticosum (L.) Nym.,Cerastium arvense L. subsp. suffruticosum (L.) Ces.,+
2020,37,C,Ceterach officinarum DC.,Asplenium ceterach L. subsp. ceterach,+
2020,37,C,Chamaecytisus hirsutus (L.) Link,Cytisus hirsutus L.,+
2020,37,C,Crupina vulgaris Cass.,Crupina vulgaris Cass.,+
2020,37,C,Cuscuta epithymum (L.) L.,Cuscuta epithymum (L.) L. subsp. epithymum ,+
2020,37,C,Dianthus carthusianorum L. subsp. tenorei (Lacaita) Pignatti,Dianthus carthusianorum L. subsp. carthusianorum,+
2020,37,C,Dianthus sylvestris Wulfen subsp. garganicus (Grande) Pignatti,Dianthus virgineus L.,+
2020,37,C,Eryngium amethystinum L.,Eryngium amethystinum L.,1
2020,37,C,Euphorbia myrsinites L.,Euphorbia myrsinites L. subsp. myrsinites,+
2020,37,C,Festuca arundinacea Schreber,Lolium arundinaceum (Schreb.) Darbysh. subsp. arundinaceum,+
2020,37,C,Festuca circummediterranea Patzke,Festuca circummediterranea Patzke,3
2020,37,C,Festuca inops De Not.,Festuca inops De Not.,+
2020,37,C,Galium corrudifolium Vill.,Galium corrudifolium Vill.,1
2020,37,C,Globularia punctata Lapeyr.,Globularia bisnagarica L.,+
2020,37,C,Helianthemum nummularium (L.) Mill. subsp. obscurum (Čelak.) Holub,Helianthemum nummularium (L.) Mill. subsp. obscurum (Čelak.) Holub,+
2020,37,C,Hieracium cymosum L.,Pilosella cymosa (L.) F.W.Schultz & Sch.Bip. subsp. sabina (Sebast.) H.P.Fuchs,+
2020,37,C,Hieracium pilosella L.,Pilosella officinarum F.W.Schultz & Sch.Bip.,+
2020,37,C,Hieracium gruppo murorum L.,Hieracium murorum L. s.l.,+
2020,37,C,Hippocrepis comosa L.,Hippocrepis comosa L. subsp. comosa,1
2020,37,C,Knautia purpurea (Vill.) Borbás,Knautia calycina (C.Presl) Guss.,+
2020,37,C,Koeleria macrantha (Ledeb.) Sprengel,Koeleria macrantha (Ledeb.) Schult. subsp. macrantha,+
2020,37,C,Lathyrus sylvestris L.,Lathyrus sylvestris L. subsp. sylvestris,+
2020,37,C,Leontodon hispidus,Leontodon hispidus L. subsp. hispidus,+
2020,37,C,Lilium bulbiferum L. subsp. croceum (Chaix) Baker,Lilium bulbiferum L. subsp. croceum (Chaix) Jan,+
2020,37,C,Lotus corniculatus L.,Lotus corniculatus L. subsp. corniculatus,+
2020,37,C,Medicago lupulina L.,Medicago lupulina L.,+
2020,37,C,Micromeria graeca (L.) Bentham subsp. graeca,Micromeria graeca (L.) Benth. ex Rchb. subsp. graeca,+
2020,37,C,Muscari neglectum Guss.,Muscari neglectum Guss. ex Ten. & Sangiovanni,+
2020,37,C,Onobrychis viciifolia Scop.,Onobrychis viciifolia Scop.,+
2020,37,C,Orobanche gracilis Sm.,Orobanche gracilis Sm.,+
2020,37,C,Phleum ambiguum Ten.,Phleum hirsutum Honck. subsp. ambiguum (Ten.) Cif. & Giacom.,1
2020,37,C,Poa molineri Balb.,Poa molinerii Balb.,+
2020,37,C,Rhinanthus minor L.,Rhinanthus minor L.,+
2020,37,C,Rubus canescens DC.,Rubus canescens DC.,+
2020,37,C,Sanguisorba minor Scop. subsp. muricata (Gremli) Briq.,Poterium sanguisorba L. subsp. balearicum (Bourg. ex Nyman) Stace,+
2020,37,C,Sedum acre L.,Sedum acre L.,+
2020,37,C,Sedum rupestre L. subsp. rupestre,Petrosedum rupestre (L.) P.V.Heath,+
2020,37,C,Sedum sexangulare L.,Sedum sexangulare L.,+
2020,37,C,Senecio doronicum L. subsp. gerardii (G. et G.) Nyman,Senecio apenninus Tausch,+
2020,37,C,Sesleria nitida Ten.,Sesleria nitida Ten.,1
2020,37,C,Silene italica (L.) Pers. subsp. italica,Silene italica (L.) Pers. subsp. italica,+
2020,37,C,Tanacetum corymbosum var. tenuifolium (Willd.) Briq. et Cavill.,Tanacetum corymbosum (L.) Sch.Bip. subsp. achilleae (L.) Greuter,+
2020,37,C,Teucrium chamaedrys L.,Teucrium chamaedrys L. subsp. chamaedrys,+
2020,37,C,Thymus longicaulis Presl,Thymus longicaulis C.Presl subsp. longicaulis,+
2020,37,C,Thymus sp.,Thymus sp.,1
2020,37,C,Trifolium ochroleucum Huds.,Trifolium ochroleucon Huds.,1
2020,37,C,Trifolium pratense L. subsp. pratense,Trifolium pratense L. subsp. pratense,+
2020,37,C,Trinia glauca (L.) Dumort. subsp. carniolica (Kerner) Wolff,Trinia glauca (L.) Dumort. subsp. carniolica (A.Kern. ex Janch.) H.Wolff,+
2020,37,C,Vicia onobrychioides L.,Vicia onobrychioides L.,+
2020,37,C,Vicia tenuifolia Roth,Vicia tenuifolia Roth subsp. tenuifolia,+
2024,37,A,Acer obtusatum Waldst. & Kit.,Acer opalus Mill. subsp. obtusatum (Waldst. & Kit. ex Willd.) Gams,2
2024,37,A,Sorbus aria (L.) Crantz,Sorbus aria (L.) Crantz,1
2024,37,B,Acer obtusatum Waldst. & Kit.,Acer opalus Mill. subsp. obtusatum (Waldst. & Kit. ex Willd.) Gams,1
2024,37,B,Corylus avellana L.,Corylus avellana L.,+
2024,37,B,Juniperus communis L.,Juniperus communis L.,1
2024,37,B,Juniperus oxycedrus L. subsp. oxycedrus,Juniperus deltoides R.P.Adams ,+
2024,37,B,Sorbus aria (L.) Crantz,Sorbus aria (L.) Crantz,+
2024,37,B,Viburnum lantana L.,Viburnum lantana L.,1
2024,37,C,Acer obtusatum Waldst. & Kit.,Acer opalus Mill. subsp. obtusatum (Waldst. & Kit. ex Willd.) Gams,1
2024,37,C,Anacamptis pyramidalis (L.)L.C.Rich.,Anacamptis pyramidalis (L.) Rich.,+
2024,37,C,Anthyllis vulneraria L. subsp. pulchella (Vis.) Bornm.,Anthyllis vulneraria L. subsp. pulchella (Vis.) Bornm.,1
2024,37,C,Arabis hirsuta (L.) Scop.,Arabis hirsuta (L.) Scop.,+
2024,37,C,Arenaria serpyllifolia L.,Arenaria serpyllifolia L. subsp. serpyllifolia,+
2024,37,C,Avenula praetutiana (Parl.) Pignatti,"Helictochloa praetutiana (Parl. ex Arcang.) Bartolucci, F.Conti, Peruzzi & Banfi subsp. praetutiana",+
2024,37,C,Brachypodium rupestre (Host) Roem. & Schult.,Brachypodium rupestre (Host) Roem. & Schult.,2
2024,37,C,Bromus erectus Huds.,Bromopsis erecta (Huds.) Fourr.,1
2024,37,C,Carex caryophyllea La Tourr.,Carex caryophyllea Latourr.,+
2024,37,C,Carex macrolepis DC.,Carex macrolepis DC.,+
2024,37,C,Centaurea ambigua Guss. subsp. ambigua,Centaurea arrigonii Greuter,+
2024,37,C,Centaurea triumfettii All.,Centaurea triumfettii All.,+
2024,37,C,Cerastium arvense L. subsp. suffruticosum (L.) Nym.,Cerastium arvense L. subsp. suffruticosum (L.) Ces.,+
2024,37,C,Cerastium glutinosum Fr.,Cerastium glutinosum Fr.,+
2024,37,C,Chamaecytisus hirsutus (L.) Link,Cytisus hirsutus L.,+
2024,37,C,Coronilla minima L.,Coronilla minima L.,+
2024,37,C,Cuscuta epithymum (L.) L.,Cuscuta epithymum (L.) L. subsp. epithymum ,+
2024,37,C,Dianthus sylvestris Wulfen subsp. garganicus (Grande) Pignatti,Dianthus virgineus L.,+
2024,37,C,Eryngium amethystinum L.,Eryngium amethystinum L.,1
2024,37,C,Festuca circummediterranea Patzke,Festuca circummediterranea Patzke,1
2024,37,C,Festuca inops De Not.,Festuca inops De Not.,+
2024,37,C,Galium corrudifolium Vill.,Galium corrudifolium Vill.,1
2024,37,C,Helianthemum nummularium (L.) Mill. subsp. obscurum (Čelak.) Holub,Helianthemum nummularium (L.) Mill. subsp. obscurum (Čelak.) Holub,+
2024,37,C,Hippocrepis comosa L.,Hippocrepis comosa L. subsp. comosa,+
2024,37,C,Knautia purpurea (Vill.) Borbás,Knautia calycina (C.Presl) Guss.,1
2024,37,C,Koeleria macrantha (Ledeb.) Sprengel,Koeleria macrantha (Ledeb.) Schult. subsp. macrantha,+
2024,37,C,Lathyrus pratensis L.,Lathyrus pratensis L. subsp. pratensis,+
2024,37,C,Lathyrus sylvestris L.,Lathyrus sylvestris L. subsp. sylvestris,+
2024,37,C,Leontodon hispidus,Leontodon hispidus L. subsp. hispidus,+
2024,37,C,Lotus corniculatus L.,Lotus corniculatus L. subsp. corniculatus,+
2024,37,C,Medicago lupulina L.,Medicago lupulina L.,+
2024,37,C,Onobrychis viciifolia Scop.,Onobrychis viciifolia Scop.,+
2024,37,C,Orobanche gracilis Sm.,Orobanche gracilis Sm.,+
2024,37,C,Phleum ambiguum Ten.,Phleum hirsutum Honck. subsp. ambiguum (Ten.) Cif. & Giacom.,1
2024,37,C,Plantago argentea Chaix,Plantago argentea Chaix subsp. argentea,+
2024,37,C,Rubus canescens DC.,Rubus canescens DC.,+
2024,37,C,Sanguisorba minor Scop. subsp. muricata (Gremli) Briq.,Poterium sanguisorba L. subsp. balearicum (Bourg. ex Nyman) Stace,+
2024,37,C,Sedum acre L.,Sedum acre L.,+
2024,37,C,Sedum rupestre L. subsp. rupestre,Petrosedum rupestre (L.) P.V.Heath,+
2024,37,C,Sedum sexangulare L.,Sedum sexangulare L.,+
2024,37,C,Senecio doronicum L. subsp. gerardii (G. et G.) Nyman,Senecio apenninus Tausch,+
2024,37,C,Sesleria nitida Ten.,Sesleria nitida Ten.,+
2024,37,C,Tanacetum corymbosum var. tenuifolium (Willd.) Briq. et Cavill.,Tanacetum corymbosum (L.) Sch.Bip. subsp. achilleae (L.) Greuter,+
2024,37,C,Teucrium chamaedrys L.,Teucrium chamaedrys L. subsp. chamaedrys,+
2024,37,C,Thymus longicaulis Presl,Thymus longicaulis C.Presl subsp. longicaulis,+
2024,37,C,Thymus sp.,Thymus sp.,1
2024,37,C,Trifolium ochroleucum Huds.,Trifolium ochroleucon Huds.,1
2024,37,C,Trifolium pratense L. subsp. pratense,Trifolium pratense L. subsp. pratense,+
2024,37,C,Trinia glauca (L.) Dumort. subsp. carniolica (Kerner) Wolff,Trinia glauca (L.) Dumort. subsp. carniolica (A.Kern. ex Janch.) H.Wolff,+
2024,37,C,Vicia onobrychioides L.,Vicia onobrychioides L.,+
2024,37,C,Vicia tenuifolia Roth,Vicia tenuifolia Roth subsp. tenuifolia,+
2002,38,C,Acer obtusatum Waldst. & Kit.,Acer opalus Mill. subsp. obtusatum (Waldst. & Kit. ex Willd.) Gams,p
2002,38,C,Alliaria petiolata (Bieb.) Cavara & Grande,Alliaria petiolata (M.Bieb.) Cavara & Grande,p
2002,38,C,Arrhenatherum elatius (L.) Presl subsp. elatius,Arrhenatherum elatius (L.) P.Beauv. ex J.Presl & C.Presl subsp. elatius,p
2002,38,C,Asperula laevigata L.,Asperula laevigata L.,p
2002,38,C,Brachypodium rupestre (Host) Roem. & Schult. subsp. rupestre,Brachypodium rupestre (Host) Roem. & Schult.,p
2002,38,C,Bupleurum falcatum L. subsp. cernuum (Ten.) Arcang.,Bupleurum falcatum L. subsp. cernuum (Nyman) Arcang.,p
2002,38,C,Campanula trachelium L.,Campanula trachelium L. subsp. trachelium,p
2002,38,C,Centaurea ambigua Guss. subsp. ambigua,Centaurea arrigonii Greuter,p
2002,38,C,Cornus sanguinea L.,Cornus sanguinea L. subsp. hungarica (Kárpáti) Soó,p
2002,38,C,Corylus avellana L.,Corylus avellana L.,p
2002,38,C,Crataegus monogyna Jacq. subsp. monogyna,Crataegus monogyna Jacq.,p
2002,38,C,Cruciata laevipes Opiz,Cruciata laevipes Opiz,p
2002,38,C,Dactylis glomerata L.,Dactylis glomerata L. subsp. glomerata,p
2002,38,C,Daphne laureola L.,Daphne laureola L.,p
2002,38,C,Fagus sylvatica L.,Fagus sylvatica L. subsp. sylvatica,p
2002,38,C,Festuca circummediterranea Patzke,Festuca circummediterranea Patzke,p
2002,38,C,Fragaria vesca L.,Fragaria vesca L. subsp. vesca,p
2002,38,C,Galium aparine L.,Galium aparine L.,p
2002,38,C,Geum urbanum L.,Geum urbanum L.,p
2002,38,C,Helleborus bocconei Ten. subsp. bocconei,Helleborus viridis L. subsp. bocconei (Ten.) Peruzzi,p
2002,38,C,Heracleum sphondylium L. subsp. ternatum (Velen.) Brummit,Heracleum sibiricum L. subsp. ternatum (Velen.) Briq.,p
2002,38,C,Hieracium pilosella L.,Pilosella officinarum F.W.Schultz & Sch.Bip.,p
2002,38,C,Hypericum perforatum L. subsp. angustifolium (DC.) Gaudin,Hypericum perforatum L. subsp. veronense (Schrank) Ces.,p
2002,38,C,Juniperus communis L.,Juniperus communis L.,p
2002,38,C,Knautia purpurea (Vill.) Borbás,Knautia calycina (C.Presl) Guss.,p
2002,38,C,Lotus corniculatus L.,Lotus corniculatus L. subsp. corniculatus,p
2002,38,C,Mycelis muralis (L.) Dumort.,Mycelis muralis (L.) Dumort. subsp. muralis,p
2002,38,C,Phleum ambiguum Ten.,Phleum hirsutum Honck. subsp. ambiguum (Ten.) Cif. & Giacom.,p
2002,38,C,Primula veris L. subsp. columnae (Ten.) Ludi,Primula veris L. subsp. columnae (Ten.) Maire & Petitm.,p
2002,38,C,Rhinanthus alectorolophus (Scop.) Pollich,Rhinanthus alectorolophus (Scop.) Pollich subsp. alectorolophus,p
2002,38,C,Rosa canina L.,Rosa canina L.,p
2002,38,C,Rumex acetosa L.,Rumex acetosa L. subsp. acetosa,p
2002,38,C,Senecio doronicum L. subsp. doronicum,Senecio doronicum (L.) L. subsp. doronicum,p
2002,38,C,Silene italica (L.) Pers. subsp. italica,Silene italica (L.) Pers. subsp. italica,p
2002,38,C,Sorbus aria (L.) Crantz,Sorbus aria (L.) Crantz,p
2002,38,C,Tanacetum corymbosum var. tenuifolium (Willd.) Briq. et Cavill.,Tanacetum corymbosum (L.) Sch.Bip. subsp. achilleae (L.) Greuter,p
2002,38,C,Trifolium ochroleucum Huds.,Trifolium ochroleucon Huds.,p
2002,38,C,Trifolium pratense L. subsp. pratense,Trifolium pratense L. subsp. pratense,p
2002,38,C,Vicia onobrychioides L.,Vicia onobrychioides L.,p
2003,38,C,Acer campestre L.,Acer campestre L.,p
2003,38,C,Acer obtusatum Waldst. & Kit.,Acer opalus Mill. subsp. obtusatum (Waldst. & Kit. ex Willd.) Gams,p
2003,38,C,Acer pseudoplatanus L.,Acer pseudoplatanus L.,p
2003,38,C,Brachypodium rupestre (Host) Roem. & Schult. subsp. rupestre,Brachypodium rupestre (Host) Roem. & Schult.,p
2003,38,C,Centaurea ambigua Guss. subsp. ambigua,Centaurea arrigonii Greuter,p
2003,38,C,Chaerophyllum temulum L.,Chaerophyllum temulum L.,p
2003,38,C,Cirsium morisianum Rchb.,"Lophiolepis morisiana (Rchb.f.) Del Guacchio, Bureš, Iamonico & P.Caputo",p
2003,38,C,Clematis vitalba L.,Clematis vitalba L.,p
2003,38,C,Corylus avellana L.,Corylus avellana L.,p
2003,38,C,Cruciata laevipes Opiz,Cruciata laevipes Opiz,p
2003,38,C,Cytisus sessilifolius L.,Cytisophyllum sessilifolium (L.) O.Lang,p
2003,38,C,Dactylis glomerata L.,Dactylis glomerata L. subsp. glomerata,p
2003,38,C,Daphne laureola L.,Daphne laureola L.,p
2003,38,C,Eryngium amethystinum L.,Eryngium amethystinum L.,p
2003,38,C,Euonymus latifolius (L.) Mill.,Euonymus latifolius (L.) Mill. subsp. latifolius,p
2003,38,C,Euonymus verrucosus Scop.,Euonymus verrucosus Scop.,p
2003,38,C,Fagus sylvatica L.,Fagus sylvatica L. subsp. sylvatica,p
2003,38,C,Festuca circummediterranea Patzke,Festuca circummediterranea Patzke,p
2003,38,C,Fraxinus ornus L.,Fraxinus ornus L. subsp. ornus,p
2003,38,C,Galium aparine L.,Galium aparine L.,p
2003,38,C,Geum urbanum L.,Geum urbanum L.,p
2003,38,C,Juniperus oxycedrus L. subsp. oxycedrus,Juniperus deltoides R.P.Adams ,p
2003,38,C,Lonicera etrusca Santi,Lonicera etrusca Santi,p
2003,38,C,Lonicera xylosteum L.,Lonicera xylosteum L.,p
2003,38,C,Melica uniflora Retz.,Melica uniflora Retz.,p
2003,38,C,Mercurialis perennis L.,Mercurialis perennis L.,p
2003,38,C,Prunus avium L.,Prunus avium (L.) L.,p
2003,38,C,Prunus spinosa L.,Prunus spinosa L. subsp. spinosa,p
2003,38,C,Rosa canina L.,Rosa canina L.,p
2003,38,C,Rubus ulmifolius Schott,Rubus ulmifolius Schott,p
2003,38,C,Sanicula europaea L.,Sanicula europaea L.,p
2003,38,C,Scutellaria columnae All. subsp. columnae,Scutellaria columnae All. subsp. columnae,p
2003,38,C,Silene italica (L.) Pers. subsp. italica,Silene italica (L.) Pers. subsp. italica,p
2003,38,C,Sorbus aria (L.) Crantz,Sorbus aria (L.) Crantz,p
2003,38,C,Vicia onobrychioides L.,Vicia onobrychioides L.,p
2003,38,C,Viola odorata L.,Viola odorata L.,p
2015,38,A,Acer obtusatum Waldst. & Kit.,Acer opalus Mill. subsp. obtusatum (Waldst. & Kit. ex Willd.) Gams,2
2015,38,A,Corylus avellana L.,Corylus avellana L.,2
2015,38,A,Fagus sylvatica L.,Fagus sylvatica L. subsp. sylvatica,2
2015,38,A,Sorbus aria (L.) Crantz,Sorbus aria (L.) Crantz,2
2015,38,B,Corylus avellana L.,Corylus avellana L.,1
2015,38,B,Juniperus oxycedrus L. subsp. oxycedrus,Juniperus deltoides R.P.Adams ,1
2015,38,B,Lonicera xylosteum L.,Lonicera xylosteum L.,1
2015,38,B,Rosa canina L.,Rosa canina L.,+
2015,38,B,Sorbus aria (L.) Crantz,Sorbus aria (L.) Crantz,1
2015,38,C,Acer obtusatum Waldst. & Kit.,Acer opalus Mill. subsp. obtusatum (Waldst. & Kit. ex Willd.) Gams,+
2015,38,C,Arabis hirsuta (L.) Scop.,Arabis hirsuta (L.) Scop.,+
2015,38,C,Asperula taurina L.,Asperula taurina L. subsp. taurina,+
2015,38,C,Astragalus sempervirens Lam. subsp. gussonei Pignatti,Astragalus sempervirens Lam.,+
2015,38,C,Brachypodium rupestre (Host) Roem. & Schult.,Brachypodium rupestre (Host) Roem. & Schult.,2
2015,38,C,Bromus erectus Huds.,Bromopsis erecta (Huds.) Fourr.,+
2015,38,C,Bunium bulbocastanum L.,Bunium bulbocastanum L.,+
2015,38,C,Bupleurum falcatum L. subsp. cernuum (Ten.) Arcang.,Bupleurum falcatum L. subsp. cernuum (Nyman) Arcang.,+
2015,38,C,Campanula trachelium L.,Campanula trachelium L. subsp. trachelium,+
2015,38,C,Centaurea ambigua Guss. subsp. ambigua,Centaurea arrigonii Greuter,+
2015,38,C,Centaurea triumfettii All.,Centaurea triumfettii All.,+
2015,38,C,Cirsium vulgare (Savi) Ten. subsp. vulgare,Cirsium vulgare (Savi) Ten.,+
2015,38,C,Colchicum lusitanum Brot.,Colchicum lusitanum Brot.,+
2015,38,C,Crataegus monogyna Jacq. subsp. monogyna,Crataegus monogyna Jacq.,+
2015,38,C,Cruciata pedemontana (All.) Ehrend.,Cruciata pedemontana (Bellardi) Ehrend.,+
2015,38,C,Dactylis glomerata L.,Dactylis glomerata L. subsp. glomerata,1
2015,38,C,Daphne laureola L.,Daphne laureola L.,+
2015,38,C,Digitalis micrantha Roth,Digitalis micrantha Roth ex Schweigg.,+
2015,38,C,Doronicum columnae Ten.,Doronicum columnae Ten.,+
2015,38,C,Fagus sylvatica L.,Fagus sylvatica L. subsp. sylvatica,1
2015,38,C,Festuca arundinacea Schreber,Lolium arundinaceum (Schreb.) Darbysh. subsp. arundinaceum,+
2015,38,C,Fragaria vesca L.,Fragaria vesca L. subsp. vesca,+
2015,38,C,Galium verum L. subsp. verum,Galium verum L. subsp. verum,+
2015,38,C,Geum urbanum L.,Geum urbanum L.,+
2015,38,C,Hedera helix L. subsp. helix,Hedera helix L. subsp. helix,+
2015,38,C,Heracleum sphondylium L. subsp. ternatum (Velen.) Brummit,Heracleum sibiricum L. subsp. ternatum (Velen.) Briq.,+
2015,38,C,Hypericum perforatum L. subsp. angustifolium (DC.) Gaudin,Hypericum perforatum L. subsp. veronense (Schrank) Ces.,+
2015,38,C,Knautia purpurea (Vill.) Borbás,Knautia calycina (C.Presl) Guss.,+
2015,38,C,Lathyrus venetus (Mill.) Wohlf.,Lathyrus venetus (Mill.) Wohlf.,+
2015,38,C,Leontodon cichoraceus (Ten.) Sanguin.,Scorzoneroides cichoriacea (Ten.) Greuter,+
2015,38,C,Melica uniflora Retz.,Melica uniflora Retz.,1
2015,38,C,Myosotis sylvatica Hoffm. subsp. sylvatica,Myosotis sylvatica Hoffm. subsp. sylvatica,+
2015,38,C,Phleum ambiguum Ten.,Phleum hirsutum Honck. subsp. ambiguum (Ten.) Cif. & Giacom.,+
2015,38,C,Plantago lanceolata L. var. lanceolata,Plantago lanceolata L.,+
2015,38,C,Primula veris L. subsp. columnae (Ten.) Ludi,Primula veris L. subsp. columnae (Ten.) Maire & Petitm.,+
2015,38,C,Silene italica (L.) Pers. subsp. italica,Silene italica (L.) Pers. subsp. italica,+
2015,38,C,Tanacetum corymbosum var. tenuifolium (Willd.) Briq. et Cavill.,Tanacetum corymbosum (L.) Sch.Bip. subsp. achilleae (L.) Greuter,+
2015,38,C,Teucrium chamaedrys L.,Teucrium chamaedrys L. subsp. chamaedrys,+
2015,38,C,Trifolium pratense L. subsp. pratense,Trifolium pratense L. subsp. pratense,+
2015,38,C,Viburnum lantana L.,Viburnum lantana L.,+
2015,38,C,Viola alba Besser subsp. dehnhardtii (Ten.) W. Becker,Viola alba Besser subsp. dehnhardtii (Ten.) W.Becker,+
2020,38,A,Acer obtusatum Waldst. & Kit.,Acer opalus Mill. subsp. obtusatum (Waldst. & Kit. ex Willd.) Gams,3
2020,38,A,Corylus avellana L.,Corylus avellana L.,2
2020,38,A,Fagus sylvatica L.,Fagus sylvatica L. subsp. sylvatica,3
2020,38,B,Acer obtusatum Waldst. & Kit.,Acer opalus Mill. subsp. obtusatum (Waldst. & Kit. ex Willd.) Gams,+
2020,38,B,Corylus avellana L.,Corylus avellana L.,3
2020,38,B,Cytisus sessilifolius L.,Cytisophyllum sessilifolium (L.) O.Lang,+
2020,38,B,Fagus sylvatica L.,Fagus sylvatica L. subsp. sylvatica,2
2020,38,B,Juniperus oxycedrus L. subsp. oxycedrus,Juniperus deltoides R.P.Adams ,1
2020,38,B,Lonicera xylosteum L.,Lonicera xylosteum L.,1
2020,38,B,Rosa canina L.,Rosa canina L.,+
2020,38,B,Sorbus aria (L.) Crantz,Sorbus aria (L.) Crantz,+
2020,38,B,Viburnum lantana L.,Viburnum lantana L.,1
2020,38,C,Acer obtusatum Waldst. & Kit.,Acer opalus Mill. subsp. obtusatum (Waldst. & Kit. ex Willd.) Gams,+
2020,38,C,Brachypodium rupestre (Host) Roem. & Schult.,Brachypodium rupestre (Host) Roem. & Schult.,2
2020,38,C,Bunium bulbocastanum L.,Bunium bulbocastanum L.,+
2020,38,C,Bupleurum falcatum L. subsp. cernuum (Ten.) Arcang.,Bupleurum falcatum L. subsp. cernuum (Nyman) Arcang.,+
2020,38,C,Campanula trachelium L.,Campanula trachelium L. subsp. trachelium,+
2020,38,C,Carex macrolepis DC.,Carex macrolepis DC.,+
2020,38,C,Centaurea ambigua Guss. subsp. ambigua,Centaurea arrigonii Greuter,+
2020,38,C,Colchicum lusitanum Brot.,Colchicum lusitanum Brot.,+
2020,38,C,Crataegus monogyna Jacq. subsp. monogyna,Crataegus monogyna Jacq.,+
2020,38,C,Cuscuta epithymum (L.) L.,Cuscuta epithymum (L.) L. subsp. epithymum ,+
2020,38,C,Dactylis glomerata L.,Dactylis glomerata L. subsp. glomerata,1
2020,38,C,Daphne laureola L.,Daphne laureola L.,1
2020,38,C,Digitalis micrantha Roth,Digitalis micrantha Roth ex Schweigg.,+
2020,38,C,Fagus sylvatica L.,Fagus sylvatica L. subsp. sylvatica,+
2020,38,C,Festuca heterophylla Lam.,Festuca heterophylla Lam.,2
2020,38,C,Fragaria vesca L.,Fragaria vesca L. subsp. vesca,1
2020,38,C,Galium aparine L.,Galium aparine L.,+
2020,38,C,Galium verum L. subsp. verum,Galium verum L. subsp. verum,+
2020,38,C,Geum urbanum L.,Geum urbanum L.,+
2020,38,C,Hedera helix L. subsp. helix,Hedera helix L. subsp. helix,+
2020,38,C,Helianthemum nummularium (L.) Mill. subsp. obscurum (Čelak.) Holub,Helianthemum nummularium (L.) Mill. subsp. obscurum (Čelak.) Holub,+
2020,38,C,Helleborus bocconei Ten. subsp. bocconei,Helleborus viridis L. subsp. bocconei (Ten.) Peruzzi,+
2020,38,C,Heracleum sphondylium L. subsp. ternatum (Velen.) Brummit,Heracleum sibiricum L. subsp. ternatum (Velen.) Briq.,+
2020,38,C,Hypericum perforatum L. subsp. angustifolium (DC.) Gaudin,Hypericum perforatum L. subsp. veronense (Schrank) Ces.,+
2020,38,C,Knautia purpurea (Vill.) Borbás,Knautia calycina (C.Presl) Guss.,+
2020,38,C,Lonicera xylosteum L.,Lonicera xylosteum L.,+
2020,38,C,Mycelis muralis (L.) Dumort.,Mycelis muralis (L.) Dumort. subsp. muralis,+
2020,38,C,Opopanax chironium (L.) Koch,Opopanax chironium (L.) W.D.J.Koch,+
2020,38,C,Phleum ambiguum Ten.,Phleum hirsutum Honck. subsp. ambiguum (Ten.) Cif. & Giacom.,+
2020,38,C,Primula veris L. subsp. columnae (Ten.) Ludi,Primula veris L. subsp. columnae (Ten.) Maire & Petitm.,+
2020,38,C,Rubus hirtus W. et K.,Rubus hirtus Waldst. & Kit. group,+
2020,38,C,Senecio doronicum L. subsp. doronicum,Senecio doronicum (L.) L. subsp. doronicum,+
2020,38,C,Silene italica (L.) Pers. subsp. italica,Silene italica (L.) Pers. subsp. italica,+
2020,38,C,Tanacetum corymbosum var. tenuifolium (Willd.) Briq. et Cavill.,Tanacetum corymbosum (L.) Sch.Bip. subsp. achilleae (L.) Greuter,+
2020,38,C,Teucrium chamaedrys L.,Teucrium chamaedrys L. subsp. chamaedrys,+
2020,38,C,Trifolium ochroleucum Huds.,Trifolium ochroleucon Huds.,+
2020,38,C,Viburnum lantana L.,Viburnum lantana L.,1
2020,38,C,Vicia onobrychioides L.,Vicia onobrychioides L.,+
2020,38,C,Viola alba Besser subsp. dehnhardtii (Ten.) W. Becker,Viola alba Besser subsp. dehnhardtii (Ten.) W.Becker,1
2024,38,A,Acer obtusatum Waldst. & Kit.,Acer opalus Mill. subsp. obtusatum (Waldst. & Kit. ex Willd.) Gams,1
2024,38,A,Corylus avellana L.,Corylus avellana L.,2
2024,38,A,Fagus sylvatica L.,Fagus sylvatica L. subsp. sylvatica,3
2024,38,A,Sorbus aria (L.) Crantz,Sorbus aria (L.) Crantz,1
2024,38,B,Acer obtusatum Waldst. & Kit.,Acer opalus Mill. subsp. obtusatum (Waldst. & Kit. ex Willd.) Gams,1
2024,38,B,Corylus avellana L.,Corylus avellana L.,3
2024,38,B,Crataegus monogyna Jacq. subsp. monogyna,Crataegus monogyna Jacq.,1
2024,38,B,Cytisus sessilifolius L.,Cytisophyllum sessilifolium (L.) O.Lang,+
2024,38,B,Fagus sylvatica L.,Fagus sylvatica L. subsp. sylvatica,2
2024,38,B,Juniperus oxycedrus L. subsp. oxycedrus,Juniperus deltoides R.P.Adams ,1
2024,38,B,Lonicera xylosteum L.,Lonicera xylosteum L.,2
2024,38,B,Rosa canina L.,Rosa canina L.,+
2024,38,B,Sorbus aria (L.) Crantz,Sorbus aria (L.) Crantz,1
2024,38,B,Viburnum lantana L.,Viburnum lantana L.,1
2024,38,C,Brachypodium rupestre (Host) Roem. & Schult.,Brachypodium rupestre (Host) Roem. & Schult.,2
2024,38,C,Bunium bulbocastanum L.,Bunium bulbocastanum L.,+
2024,38,C,Bupleurum falcatum L. subsp. cernuum (Ten.) Arcang.,Bupleurum falcatum L. subsp. cernuum (Nyman) Arcang.,+
2024,38,C,Campanula trachelium L.,Campanula trachelium L. subsp. trachelium,+
2024,38,C,Centaurea ambigua Guss. subsp. ambigua,Centaurea arrigonii Greuter,+
2024,38,C,Colchicum lusitanum Brot.,Colchicum lusitanum Brot.,+
2024,38,C,Dactylis glomerata L.,Dactylis glomerata L. subsp. glomerata,1
2024,38,C,Daphne laureola L.,Daphne laureola L.,1
2024,38,C,Fagus sylvatica L.,Fagus sylvatica L. subsp. sylvatica,+
2024,38,C,Festuca heterophylla Lam.,Festuca heterophylla Lam.,2
2024,38,C,Fragaria vesca L.,Fragaria vesca L. subsp. vesca,+
2024,38,C,Galium corrudifolium Vill.,Galium corrudifolium Vill.,+
2024,38,C,Hedera helix L. subsp. helix,Hedera helix L. subsp. helix,+
2024,38,C,Helleborus bocconei Ten. subsp. bocconei,Helleborus viridis L. subsp. bocconei (Ten.) Peruzzi,+
2024,38,C,Heracleum sphondylium L. subsp. ternatum (Velen.) Brummit,Heracleum sibiricum L. subsp. ternatum (Velen.) Briq.,+
2024,38,C,Lathyrus pratensis L.,Lathyrus pratensis L. subsp. pratensis,+
2024,38,C,Lonicera xylosteum L.,Lonicera xylosteum L.,+
2024,38,C,Mycelis muralis (L.) Dumort.,Mycelis muralis (L.) Dumort. subsp. muralis,+
2024,38,C,Opopanax chironium (L.) Koch,Opopanax chironium (L.) W.D.J.Koch,+
2024,38,C,Salvia pratensis L. subsp. pratensis,Salvia pratensis L.,+
2024,38,C,Senecio doronicum L. subsp. doronicum,Senecio doronicum (L.) L. subsp. doronicum,+
2024,38,C,Silene italica (L.) Pers. subsp. italica,Silene italica (L.) Pers. subsp. italica,+
2024,38,C,Tanacetum corymbosum var. tenuifolium (Willd.) Briq. et Cavill.,Tanacetum corymbosum (L.) Sch.Bip. subsp. achilleae (L.) Greuter,+
2024,38,C,Trifolium ochroleucum Huds.,Trifolium ochroleucon Huds.,+
2024,38,C,Viburnum lantana L.,Viburnum lantana L.,1
2024,38,C,Vicia onobrychioides L.,Vicia onobrychioides L.,1
2024,38,C,Viola alba Besser subsp. dehnhardtii (Ten.) W. Becker,Viola alba Besser subsp. dehnhardtii (Ten.) W.Becker,+
2024,38,C,Viola reichenbachiana Jord. ex Boreau,Viola reichenbachiana Jord. ex Boreau,+
2002,39,C,Acer obtusatum Waldst. & Kit.,Acer opalus Mill. subsp. obtusatum (Waldst. & Kit. ex Willd.) Gams,p
2002,39,C,Achillea millefolium L.,Achillea millefolium L. subsp. millefolium,p
2002,39,C,Allium sphaerocephalon L.,Allium sphaerocephalon L. subsp. sphaerocephalon,p
2002,39,C,Arrhenatherum elatius (L.) Presl subsp. elatius,Arrhenatherum elatius (L.) P.Beauv. ex J.Presl & C.Presl subsp. elatius,p
2002,39,C,Asperula cynanchica L.,Cynanchica pyrenaica (L.) P.Caputo & Del Guacchio subsp. cynanchica (L.) P.Caputo & Del Guacchio,p
2002,39,C,Asperula purpurea (L.) Ehrend.,Thliphthisa purpurea (L.) P.Caputo & Del Guacchio subsp. purpurea,p
2002,39,C,Avenula praetutiana (Parl.) Pignatti,"Helictochloa praetutiana (Parl. ex Arcang.) Bartolucci, F.Conti, Peruzzi & Banfi subsp. praetutiana",p
2002,39,C,Brachypodium rupestre (Host) Roem. & Schult. subsp. rupestre,Brachypodium rupestre (Host) Roem. & Schult.,p
2002,39,C,Bromus erectus Huds.,Bromopsis erecta (Huds.) Fourr.,p
2002,39,C,Bunium bulbocastanum L.,Bunium bulbocastanum L.,p
2002,39,C,Bupleurum falcatum L. subsp. cernuum (Ten.) Arcang.,Bupleurum falcatum L. subsp. cernuum (Nyman) Arcang.,p
2002,39,C,Campanula rapunculus L.,Campanula rapunculus L.,p
2002,39,C,Campanula trachelium L.,Campanula trachelium L. subsp. trachelium,p
2002,39,C,Carex caryophyllea La Tourr.,Carex caryophyllea Latourr.,p
2002,39,C,Carlina utzka Hacq.,Carlina acanthifolia All. subsp. acanthifolia,p
2002,39,C,Centaurea ambigua Guss. subsp. ambigua,Centaurea arrigonii Greuter,p
2002,39,C,Centaurea triumfettii All.,Centaurea triumfettii All.,p
2002,39,C,Cornus sanguinea L.,Cornus sanguinea L. subsp. hungarica (Kárpáti) Soó,p
2002,39,C,Corylus avellana L.,Corylus avellana L.,p
2002,39,C,Crataegus monogyna Jacq. subsp. monogyna,Crataegus monogyna Jacq.,p
2002,39,C,Cruciata glabra (L.) Ehrend.,Cruciata glabra (L.) C.Bauhin ex Opiz,p
2002,39,C,Cuscuta epithymum (L.) L.,Cuscuta epithymum (L.) L. subsp. epithymum ,p
2002,39,C,Cytisus sessilifolius L.,Cytisophyllum sessilifolium (L.) O.Lang,p
2002,39,C,Dactylis glomerata L.,Dactylis glomerata L. subsp. glomerata,p
2002,39,C,Daphne laureola L.,Daphne laureola L.,p
2002,39,C,Dianthus carthusianorum L. subsp. tenorei (Lacaita) Pignatti,Dianthus carthusianorum L. subsp. carthusianorum,p
2002,39,C,Eryngium amethystinum L.,Eryngium amethystinum L.,p
2002,39,C,Festuca circummediterranea Patzke,Festuca circummediterranea Patzke,p
2002,39,C,Fragaria vesca L.,Fragaria vesca L. subsp. vesca,p
2002,39,C,Galium aparine L.,Galium aparine L.,p
2002,39,C,Helianthemum canum (L.) Baumg. subsp. canum,Helianthemum oelandicum (L.) Dum.Cours. subsp. incanum (Willk.) G.López,p
2002,39,C,Helianthemum nummularium (L.) Mill. subsp. obscurum (Čelak.) Holub,Helianthemum nummularium (L.) Mill. subsp. obscurum (Čelak.) Holub,p
2002,39,C,Helleborus bocconei Ten. subsp. bocconei,Helleborus viridis L. subsp. bocconei (Ten.) Peruzzi,p
2002,39,C,Heracleum sphondylium L. subsp. ternatum (Velen.) Brummit,Heracleum sibiricum L. subsp. ternatum (Velen.) Briq.,p
2002,39,C,Hieracium pilosella L.,Pilosella officinarum F.W.Schultz & Sch.Bip.,p
2002,39,C,Hippocrepis comosa L.,Hippocrepis comosa L. subsp. comosa,p
2002,39,C,Hypericum perforatum L. subsp. angustifolium (DC.) Gaudin,Hypericum perforatum L. subsp. veronense (Schrank) Ces.,p
2002,39,C,Ilex aquifolium L.,Ilex aquifolium L.,p
2002,39,C,Juniperus communis L.,Juniperus communis L.,p
2002,39,C,Knautia purpurea (Vill.) Borbás,Knautia calycina (C.Presl) Guss.,p
2002,39,C,Koeleria splendens Presl,Koeleria splendens C.Presl,p
2002,39,C,Lotus corniculatus L.,Lotus corniculatus L. subsp. corniculatus,p
2002,39,C,Mycelis muralis (L.) Dumort.,Mycelis muralis (L.) Dumort. subsp. muralis,p
2002,39,C,Onobrychis viciifolia Scop.,Onobrychis viciifolia Scop.,p
2002,39,C,Petrorhagia saxifraga (L.) Link subsp. saxifraga,Petrorhagia saxifraga (L.) Link subsp. saxifraga,p
2002,39,C,Phleum ambiguum Ten.,Phleum hirsutum Honck. subsp. ambiguum (Ten.) Cif. & Giacom.,p
2002,39,C,Plantago lanceolata L. var. sphaerostachya Mert. et Koch,Plantago lanceolata L.,p
2002,39,C,Potentilla tabernaemontani Asch.,Potentilla rigoana Th.Wolf,p
2002,39,C,Primula veris L. subsp. columnae (Ten.) Ludi,Primula veris L. subsp. columnae (Ten.) Maire & Petitm.,p
2002,39,C,Rhinanthus alectorolophus (Scop.) Pollich,Rhinanthus alectorolophus (Scop.) Pollich subsp. alectorolophus,p
2002,39,C,Rosa canina L.,Rosa canina L.,p
2002,39,C,Sedum rupestre L. subsp. rupestre,Petrosedum rupestre (L.) P.V.Heath,p
2002,39,C,Senecio doronicum L. subsp. doronicum,Senecio doronicum (L.) L. subsp. doronicum,p
2002,39,C,Silene italica (L.) Pers. subsp. italica,Silene italica (L.) Pers. subsp. italica,p
2002,39,C,Silene vulgaris (Moench) Garcke subsp. vulgaris,Silene vulgaris (Moench) Garcke subsp. vulgaris,p
2002,39,C,Sorbus aria (L.) Crantz,Sorbus aria (L.) Crantz,p
2002,39,C,Tanacetum corymbosum var. tenuifolium (Willd.) Briq. et Cavill.,Tanacetum corymbosum (L.) Sch.Bip. subsp. achilleae (L.) Greuter,p
2002,39,C,Teucrium chamaedrys L.,Teucrium chamaedrys L. subsp. chamaedrys,p
2002,39,C,Thymus sp.,Thymus sp.,p
2002,39,C,Trifolium campestre Schreb.,Trifolium campestre Schreb.,p
2002,39,C,Trifolium ochroleucum Huds.,Trifolium ochroleucon Huds.,p
2002,39,C,Trifolium pratense L. subsp. pratense,Trifolium pratense L. subsp. pratense,p
2002,39,C,Vicia onobrychioides L.,Vicia onobrychioides L.,p
2003,39,C,Acer obtusatum Waldst. & Kit.,Acer opalus Mill. subsp. obtusatum (Waldst. & Kit. ex Willd.) Gams,p
2003,39,C,Achillea collina Becker,Achillea collina (Becker ex Wirtg.) Heimerl,p
2003,39,C,Anthyllis vulneraria L. subsp. weldeniana (Rchb.) Cullen,Anthyllis vulneraria L. subsp. weldeniana (Rchb.) Cullen,p
2003,39,C,Asperula purpurea (L.) Ehrend.,Thliphthisa purpurea (L.) P.Caputo & Del Guacchio subsp. purpurea,p
2003,39,C,Bromus erectus Huds.,Bromopsis erecta (Huds.) Fourr.,p
2003,39,C,Carduus nutans L. subsp. nutans,Carduus nutans L. subsp. nutans,p
2003,39,C,Chamaecytisus hirsutus (L.) Link,Cytisus hirsutus L.,p
2003,39,C,Cytisus sessilifolius L.,Cytisophyllum sessilifolium (L.) O.Lang,p
2003,39,C,Dactylis glomerata L.,Dactylis glomerata L. subsp. glomerata,p
2003,39,C,Eryngium amethystinum L.,Eryngium amethystinum L.,p
2003,39,C,Festuca circummediterranea Patzke,Festuca circummediterranea Patzke,p
2003,39,C,Fraxinus ornus L.,Fraxinus ornus L. subsp. ornus,p
2003,39,C,Helianthemum nummularium (L.) Mill. subsp. obscurum (Čelak.) Holub,Helianthemum nummularium (L.) Mill. subsp. obscurum (Čelak.) Holub,p
2003,39,C,Helleborus bocconei Ten. subsp. bocconei,Helleborus viridis L. subsp. bocconei (Ten.) Peruzzi,p
2003,39,C,Hieracium cymosum L.,Pilosella cymosa (L.) F.W.Schultz & Sch.Bip. subsp. sabina (Sebast.) H.P.Fuchs,p
2003,39,C,Hypericum montanum L.,Hypericum montanum L.,p
2003,39,C,Hypericum perforatum L. subsp. angustifolium (DC.) Gaudin,Hypericum perforatum L. subsp. veronense (Schrank) Ces.,p
2003,39,C,Juniperus oxycedrus L. subsp. oxycedrus,Juniperus deltoides R.P.Adams ,p
2003,39,C,Knautia purpurea (Vill.) Borbás,Knautia calycina (C.Presl) Guss.,p
2003,39,C,Laburnum anagyroides Medicus,Laburnum anagyroides Medik. subsp. anagyroides,p
2003,39,C,Lonicera xylosteum L.,Lonicera xylosteum L.,p
2003,39,C,Melica uniflora Retz.,Melica uniflora Retz.,p
2003,39,C,Ostrya carpinifolia Scop.,Ostrya carpinifolia Scop.,p
2003,39,C,Phleum ambiguum Ten.,Phleum hirsutum Honck. subsp. ambiguum (Ten.) Cif. & Giacom.,p
2003,39,C,Polypodium vulgare L.,Polypodium vulgare L.,p
2003,39,C,Quercus pubescens Willd.,Quercus pubescens Willd. subsp. pubescens,p
2003,39,C,Rosa canina L.,Rosa canina L.,p
2003,39,C,Sedum acre L.,Sedum acre L.,p
2003,39,C,Sedum rupestre L. subsp. rupestre,Petrosedum rupestre (L.) P.V.Heath,p
2003,39,C,Sesleria nitida Ten.,Sesleria nitida Ten.,p
2003,39,C,Silene italica (L.) Pers. subsp. italica,Silene italica (L.) Pers. subsp. italica,p
2003,39,C,Sorbus aria (L.) Crantz,Sorbus aria (L.) Crantz,p
2003,39,C,Stachys recta L. subsp. recta,Stachys recta L. subsp. recta,p
2003,39,C,Tanacetum corymbosum var. tenuifolium (Willd.) Briq. et Cavill.,Tanacetum corymbosum (L.) Sch.Bip. subsp. achilleae (L.) Greuter,p
2003,39,C,Teucrium chamaedrys L.,Teucrium chamaedrys L. subsp. chamaedrys,p
2003,39,C,Thymus longicaulis Presl,Thymus longicaulis C.Presl subsp. longicaulis,p
2015,39,A,Acer obtusatum Waldst. & Kit.,Acer opalus Mill. subsp. obtusatum (Waldst. & Kit. ex Willd.) Gams,2
2015,39,B,Cytisus sessilifolius L.,Cytisophyllum sessilifolium (L.) O.Lang,1
2015,39,B,Ilex aquifolium L.,Ilex aquifolium L.,2
2015,39,B,Ribes alpinum L.,Ribes alpinum L.,+
2015,39,B,Rosa canina L.,Rosa canina L.,1
2015,39,B,Sorbus aria (L.) Crantz,Sorbus aria (L.) Crantz,1
2015,39,C,Achillea millefolium L.,Achillea millefolium L. subsp. millefolium,+
2015,39,C,Anchusa barrelieri (All.) Vitman,Cynoglottis barrelieri (All.) Vural & Kit Tan subsp. barrelieri,+
2015,39,C,Arabis collina Ten.,Arabis collina Ten.,+
2015,39,C,Arrhenatherum elatius (L.) Presl subsp. elatius,Arrhenatherum elatius (L.) P.Beauv. ex J.Presl & C.Presl subsp. elatius,+
2015,39,C,Avenula praetutiana (Parl.) Pignatti,"Helictochloa praetutiana (Parl. ex Arcang.) Bartolucci, F.Conti, Peruzzi & Banfi subsp. praetutiana",1
2015,39,C,Brachypodium rupestre (Host) Roem. & Schult.,Brachypodium rupestre (Host) Roem. & Schult.,2
2015,39,C,Brachypodium sylvaticum (Huds.) Beauv.,Brachypodium sylvaticum (Huds.) P.Beauv. subsp. sylvaticum,1
2015,39,C,Bromus erectus Huds.,Bromopsis erecta (Huds.) Fourr.,2
2015,39,C,Bunium bulbocastanum L.,Bunium bulbocastanum L.,+
2015,39,C,Bupleurum falcatum L. subsp. cernuum (Ten.) Arcang.,Bupleurum falcatum L. subsp. cernuum (Nyman) Arcang.,+
2015,39,C,Centaurea ambigua Guss. subsp. ambigua,Centaurea arrigonii Greuter,+
2015,39,C,Cirsium morisianum Rchb.,"Lophiolepis morisiana (Rchb.f.) Del Guacchio, Bureš, Iamonico & P.Caputo",+
2015,39,C,Coronilla minima L.,Coronilla minima L.,+
2015,39,C,Crataegus oxyacantha L.,Crataegus laevigata (Poir.) DC.,+
2015,39,C,Cruciata laevipes Opiz,Cruciata laevipes Opiz,+
2015,39,C,Dactylis glomerata L.,Dactylis glomerata L. subsp. glomerata,1
2015,39,C,Daphne laureola L.,Daphne laureola L.,+
2015,39,C,Dianthus carthusianorum L. subsp. tenorei (Lacaita) Pignatti,Dianthus carthusianorum L. subsp. carthusianorum,+
2015,39,C,Eryngium amethystinum L.,Eryngium amethystinum L.,+
2015,39,C,Festuca arundinacea Schreber,Lolium arundinaceum (Schreb.) Darbysh. subsp. arundinaceum,+
2015,39,C,Festuca circummediterranea Patzke,Festuca circummediterranea Patzke,+
2015,39,C,Festuca heterophylla Lam.,Festuca heterophylla Lam.,+
2015,39,C,Galium corrudifolium Vill.,Galium corrudifolium Vill.,+
2015,39,C,Galium verum L. subsp. verum,Galium verum L. subsp. verum,+
2015,39,C,Gymnadenia conopsea (L.) R.Br.,Gymnadenia conopsea (L.) R.Br.,+
2015,39,C,Helianthemum canum (L.) Baumg. subsp. canum,Helianthemum oelandicum (L.) Dum.Cours. subsp. incanum (Willk.) G.López,+
2015,39,C,Helianthemum nummularium (L.) Mill. subsp. obscurum (Čelak.) Holub,Helianthemum nummularium (L.) Mill. subsp. obscurum (Čelak.) Holub,+
2015,39,C,Helleborus bocconei Ten. subsp. bocconei,Helleborus viridis L. subsp. bocconei (Ten.) Peruzzi,+
2015,39,C,Heracleum sphondylium L. subsp. ternatum (Velen.) Brummit,Heracleum sibiricum L. subsp. ternatum (Velen.) Briq.,+
2015,39,C,Hippocrepis comosa L.,Hippocrepis comosa L. subsp. comosa,+
2015,39,C,Hypericum montanum,Hypericum montanum L.,+
2015,39,C,Hypericum perforatum L. subsp. angustifolium (DC.) Gaudin,Hypericum perforatum L. subsp. veronense (Schrank) Ces.,1
2015,39,C,Knautia purpurea (Vill.) Borbás,Knautia calycina (C.Presl) Guss.,+
2015,39,C,Lathyrus pratensis L.,Lathyrus pratensis L. subsp. pratensis,+
2015,39,C,Lathyrus sylvestris L.,Lathyrus sylvestris L. subsp. sylvestris,+
2015,39,C,Lathyrus venetus (Mill.) Wohlf.,Lathyrus venetus (Mill.) Wohlf.,+
2015,39,C,Medicago lupulina L.,Medicago lupulina L.,+
2015,39,C,Mycelis muralis (L.) Dumort.,Mycelis muralis (L.) Dumort. subsp. muralis,+
2015,39,C,Onobrychis viciifolia Scop.,Onobrychis viciifolia Scop.,+
2015,39,C,Petrorhagia saxifraga (L.) Link subsp. saxifraga,Petrorhagia saxifraga (L.) Link subsp. saxifraga,+
2015,39,C,Phleum ambiguum Ten.,Phleum hirsutum Honck. subsp. ambiguum (Ten.) Cif. & Giacom.,+
2015,39,C,Plantago lanceolata L. var. lanceolata,Plantago lanceolata L.,+
2015,39,C,Potentilla tabernaemontani Asch.,Potentilla rigoana Th.Wolf,+
2015,39,C,Rhinanthus alectorolophus (Scop.) Pollich,Rhinanthus alectorolophus (Scop.) Pollich subsp. alectorolophus,+
2015,39,C,Sanguisorba minor Scop. subsp. muricata (Gremli) Briq.,Poterium sanguisorba L. subsp. balearicum (Bourg. ex Nyman) Stace,+
2015,39,C,Sedum rupestre L. subsp. rupestre,Petrosedum rupestre (L.) P.V.Heath,+
2015,39,C,Senecio doronicum L. subsp. doronicum,Senecio doronicum (L.) L. subsp. doronicum,+
2015,39,C,Silene italica (L.) Pers. subsp. italica,Silene italica (L.) Pers. subsp. italica,+
2015,39,C,Tanacetum corymbosum var. tenuifolium (Willd.) Briq. et Cavill.,Tanacetum corymbosum (L.) Sch.Bip. subsp. achilleae (L.) Greuter,+
2015,39,C,Teucrium chamaedrys L.,Teucrium chamaedrys L. subsp. chamaedrys,+
2015,39,C,Thymus sp.,Thymus sp.,+
2015,39,C,Trifolium campestre Schreb.,Trifolium campestre Schreb.,+
2015,39,C,Trifolium montanum L. subsp. rupestre (Ten.) Pignatti,Trifolium montanum L. subsp. rupestre (Ten.) Nyman,+
2015,39,C,Trifolium ochroleucum Huds.,Trifolium ochroleucon Huds.,+
2015,39,C,Trifolium pratense L. subsp. pratense,Trifolium pratense L. subsp. pratense,+
2020,39,A,Acer obtusatum Waldst. & Kit.,Acer opalus Mill. subsp. obtusatum (Waldst. & Kit. ex Willd.) Gams,1
2020,39,A,Ilex aquifolium L.,Ilex aquifolium L.,1
2020,39,A,Rosa canina L.,Rosa canina L.,+
2020,39,A,Sorbus aria (L.) Crantz,Sorbus aria (L.) Crantz,+
2020,39,B,Acer obtusatum Waldst. & Kit.,Acer opalus Mill. subsp. obtusatum (Waldst. & Kit. ex Willd.) Gams,1
2020,39,B,Crataegus oxyacantha L.,Crataegus laevigata (Poir.) DC.,1
2020,39,B,Cytisus sessilifolius L.,Cytisophyllum sessilifolium (L.) O.Lang,+
2020,39,B,Ribes alpinum L.,Ribes alpinum L.,1
2020,39,B,Rosa canina L.,Rosa canina L.,1
2020,39,B,Sorbus aria (L.) Crantz,Sorbus aria (L.) Crantz,1
2020,39,C,Acer obtusatum Waldst. & Kit.,Acer opalus Mill. subsp. obtusatum (Waldst. & Kit. ex Willd.) Gams,+
2020,39,C,Achillea millefolium L.,Achillea millefolium L. subsp. millefolium,+
2020,39,C,Anacamptis pyramidalis (L.)L.C.Rich.,Anacamptis pyramidalis (L.) Rich.,+
2020,39,C,Anchusa barrelieri (All.) Vitman,Cynoglottis barrelieri (All.) Vural & Kit Tan subsp. barrelieri,+
2020,39,C,Brachypodium rupestre (Host) Roem. & Schult.,Brachypodium rupestre (Host) Roem. & Schult.,3
2020,39,C,Bromus erectus Huds.,Bromopsis erecta (Huds.) Fourr.,2
2020,39,C,Bunium bulbocastanum L.,Bunium bulbocastanum L.,+
2020,39,C,Bupleurum falcatum L. subsp. cernuum (Ten.) Arcang.,Bupleurum falcatum L. subsp. cernuum (Nyman) Arcang.,+
2020,39,C,Campanula glomerata L.,Campanula glomerata L.,+
2020,39,C,Campanula rapunculus L.,Campanula rapunculus L.,+
2020,39,C,Carduus nutans L. subsp. nutans,Carduus nutans L. subsp. nutans,+
2020,39,C,Carex caryophyllea La Tourr.,Carex caryophyllea Latourr.,+
2020,39,C,Carex humilis Leyser,Carex humilis Leyss.,+
2020,39,C,Carex macrolepis DC.,Carex macrolepis DC.,+
2020,39,C,Centaurea ambigua Guss. subsp. ambigua,Centaurea arrigonii Greuter,1
2020,39,C,Cuscuta epithymum (L.) L.,Cuscuta epithymum (L.) L. subsp. epithymum ,+
2020,39,C,Dactylis glomerata L.,Dactylis glomerata L. subsp. glomerata,+
2020,39,C,Daphne laureola L.,Daphne laureola L.,+
2020,39,C,Dianthus carthusianorum L. subsp. tenorei (Lacaita) Pignatti,Dianthus carthusianorum L. subsp. carthusianorum,+
2020,39,C,Eryngium amethystinum L.,Eryngium amethystinum L.,1
2020,39,C,Festuca arundinacea Schreber,Lolium arundinaceum (Schreb.) Darbysh. subsp. arundinaceum,+
2020,39,C,Festuca circummediterranea Patzke,Festuca circummediterranea Patzke,1
2020,39,C,Festuca heterophylla Lam.,Festuca heterophylla Lam.,3
2020,39,C,Festuca inops De Not.,Festuca inops De Not.,+
2020,39,C,Festuca trachyphylla (Hackel) Krajina,Festuca trachyphylla (Hack.) R.P.Murray,+
2020,39,C,Galium corrudifolium Vill.,Galium corrudifolium Vill.,+
2020,39,C,Galium verum L. subsp. verum,Galium verum L. subsp. verum,+
2020,39,C,Helianthemum nummularium (L.) Mill. subsp. obscurum (Čelak.) Holub,Helianthemum nummularium (L.) Mill. subsp. obscurum (Čelak.) Holub,+
2020,39,C,Helleborus bocconei Ten. subsp. bocconei,Helleborus viridis L. subsp. bocconei (Ten.) Peruzzi,+
2020,39,C,Hypericum perforatum L. subsp. angustifolium (DC.) Gaudin,Hypericum perforatum L. subsp. veronense (Schrank) Ces.,1
2020,39,C,Knautia purpurea (Vill.) Borbás,Knautia calycina (C.Presl) Guss.,1
2020,39,C,Lathyrus pratensis L.,Lathyrus pratensis L. subsp. pratensis,+
2020,39,C,Lathyrus sylvestris L.,Lathyrus sylvestris L. subsp. sylvestris,1
2020,39,C,Lotus corniculatus L.,Lotus corniculatus L. subsp. corniculatus,+
2020,39,C,Medicago lupulina L.,Medicago lupulina L.,+
2020,39,C,Mycelis muralis (L.) Dumort.,Mycelis muralis (L.) Dumort. subsp. muralis,+
2020,39,C,Opopanax chironium (L.) Koch,Opopanax chironium (L.) W.D.J.Koch,+
2020,39,C,Paeonia officinalis L. subsp. villosa (Huth) Cullen et Heyw,Paeonia officinalis L. subsp. italica N.G.Passal. & Bernardo,+
2020,39,C,Phleum ambiguum Ten.,Phleum hirsutum Honck. subsp. ambiguum (Ten.) Cif. & Giacom.,+
2020,39,C,Sanguisorba minor Scop. subsp. muricata (Gremli) Briq.,Poterium sanguisorba L. subsp. balearicum (Bourg. ex Nyman) Stace,+
2020,39,C,Sedum rupestre L. subsp. rupestre,Petrosedum rupestre (L.) P.V.Heath,+
2020,39,C,Senecio doronicum L. subsp. doronicum,Senecio doronicum (L.) L. subsp. doronicum,1
2020,39,C,Silene italica (L.) Pers. subsp. italica,Silene italica (L.) Pers. subsp. italica,+
2020,39,C,Silene vulgaris (Moench) Garcke subsp. vulgaris,Silene vulgaris (Moench) Garcke subsp. vulgaris,+
2020,39,C,Tanacetum corymbosum var. tenuifolium (Willd.) Briq. et Cavill.,Tanacetum corymbosum (L.) Sch.Bip. subsp. achilleae (L.) Greuter,+
2020,39,C,Teucrium chamaedrys L.,Teucrium chamaedrys L. subsp. chamaedrys,+
2020,39,C,Thymus longicaulis Presl,Thymus longicaulis C.Presl subsp. longicaulis,+
2020,39,C,Trifolium montanum L. subsp. rupestre (Ten.) Pignatti,Trifolium montanum L. subsp. rupestre (Ten.) Nyman,+
2020,39,C,Trifolium ochroleucum Huds.,Trifolium ochroleucon Huds.,2
2020,39,C,Verbascum thapsus L. subsp. thapsus,Verbascum thapsus L. subsp. thapsus,+
2024,39,A,Acer obtusatum Waldst. & Kit.,Acer opalus Mill. subsp. obtusatum (Waldst. & Kit. ex Willd.) Gams,2
2024,39,A,Ilex aquifolium L.,Ilex aquifolium L.,1
2024,39,A,Sorbus aria (L.) Crantz,Sorbus aria (L.) Crantz,1
2024,39,B,Acer obtusatum Waldst. & Kit.,Acer opalus Mill. subsp. obtusatum (Waldst. & Kit. ex Willd.) Gams,1
2024,39,B,Crataegus oxyacantha L.,Crataegus laevigata (Poir.) DC.,1
2024,39,B,Cytisus sessilifolius L.,Cytisophyllum sessilifolium (L.) O.Lang,2
2024,39,B,Ribes alpinum L.,Ribes alpinum L.,+
2024,39,B,Rosa canina L.,Rosa canina L.,1
2024,39,B,Sorbus aria (L.) Crantz,Sorbus aria (L.) Crantz,+
2024,39,C,Acer obtusatum Waldst. & Kit.,Acer opalus Mill. subsp. obtusatum (Waldst. & Kit. ex Willd.) Gams,+
2024,39,C,Achillea millefolium L.,Achillea millefolium L. subsp. millefolium,+
2024,39,C,Allium vineale L.,Allium vineale L.,+
2024,39,C,Arrhenatherum elatius (L.) Presl subsp. elatius,Arrhenatherum elatius (L.) P.Beauv. ex J.Presl & C.Presl subsp. elatius,+
2024,39,C,Avenula praetutiana (Parl.) Pignatti,"Helictochloa praetutiana (Parl. ex Arcang.) Bartolucci, F.Conti, Peruzzi & Banfi subsp. praetutiana",+
2024,39,C,Brachypodium rupestre (Host) Roem. & Schult.,Brachypodium rupestre (Host) Roem. & Schult.,3
2024,39,C,Bromus erectus Huds.,Bromopsis erecta (Huds.) Fourr.,2
2024,39,C,Bunium bulbocastanum L.,Bunium bulbocastanum L.,+
2024,39,C,Bupleurum falcatum L. subsp. cernuum (Ten.) Arcang.,Bupleurum falcatum L. subsp. cernuum (Nyman) Arcang.,+
2024,39,C,Campanula rapunculus L.,Campanula rapunculus L.,+
2024,39,C,Carduus nutans L. subsp. nutans,Carduus nutans L. subsp. nutans,+
2024,39,C,Carex caryophyllea La Tourr.,Carex caryophyllea Latourr.,+
2024,39,C,Centaurea ambigua Guss. subsp. ambigua,Centaurea arrigonii Greuter,+
2024,39,C,Cirsium morisianum Rchb.,"Lophiolepis morisiana (Rchb.f.) Del Guacchio, Bureš, Iamonico & P.Caputo",+
2024,39,C,Cuscuta epithymum (L.) L.,Cuscuta epithymum (L.) L. subsp. epithymum ,1
2024,39,C,Dactylis glomerata L.,Dactylis glomerata L. subsp. glomerata,+
2024,39,C,Daphne laureola L.,Daphne laureola L.,+
2024,39,C,Dianthus carthusianorum L. subsp. tenorei (Lacaita) Pignatti,Dianthus carthusianorum L. subsp. carthusianorum,+
2024,39,C,Eryngium amethystinum L.,Eryngium amethystinum L.,2
2024,39,C,Festuca circummediterranea Patzke,Festuca circummediterranea Patzke,2
2024,39,C,Festuca heterophylla Lam.,Festuca heterophylla Lam.,+
2024,39,C,Festuca trachyphylla (Hackel) Krajina,Festuca trachyphylla (Hack.) R.P.Murray,+
2024,39,C,Galium aparine L.,Galium aparine L.,+
2024,39,C,Galium corrudifolium Vill.,Galium corrudifolium Vill.,+
2024,39,C,Galium verum L. subsp. verum,Galium verum L. subsp. verum,+
2024,39,C,Gymnadenia conopsea (L.) R.Br.,Gymnadenia conopsea (L.) R.Br.,+
2024,39,C,Helianthemum canum (L.) Baumg. subsp. canum,Helianthemum oelandicum (L.) Dum.Cours. subsp. incanum (Willk.) G.López,+
2024,39,C,Helianthemum nummularium (L.) Mill. subsp. obscurum (Čelak.) Holub,Helianthemum nummularium (L.) Mill. subsp. obscurum (Čelak.) Holub,+
2024,39,C,Helleborus bocconei Ten. subsp. bocconei,Helleborus viridis L. subsp. bocconei (Ten.) Peruzzi,+
2024,39,C,Hypericum perforatum L. subsp. angustifolium (DC.) Gaudin,Hypericum perforatum L. subsp. veronense (Schrank) Ces.,+
2024,39,C,Knautia purpurea (Vill.) Borbás,Knautia calycina (C.Presl) Guss.,1
2024,39,C,Laserpitium garganicum (Ten.) Bertol. subsp. garganicum,Siler montanum Crantz subsp. stabianum (Lacaita) F.Conti & Bartolucci,+
2024,39,C,Lathyrus pratensis L.,Lathyrus pratensis L. subsp. pratensis,1
2024,39,C,Lathyrus sylvestris L.,Lathyrus sylvestris L. subsp. sylvestris,+
2024,39,C,Lotus corniculatus L.,Lotus corniculatus L. subsp. corniculatus,+
2024,39,C,Opopanax chironium (L.) Koch,Opopanax chironium (L.) W.D.J.Koch,+
2024,39,C,Phleum ambiguum Ten.,Phleum hirsutum Honck. subsp. ambiguum (Ten.) Cif. & Giacom.,+
2024,39,C,Potentilla tabernaemontani Asch.,Potentilla rigoana Th.Wolf,+
2024,39,C,Rhinanthus alectorolophus (Scop.) Pollich,Rhinanthus alectorolophus (Scop.) Pollich subsp. alectorolophus,+
2024,39,C,Rumex acetosella L.,Rumex acetosella L. subsp. pyrenaicus (Pourr. ex Lapeyr.) Akeroyd,+
2024,39,C,Sanguisorba minor Scop. subsp. muricata (Gremli) Briq.,Poterium sanguisorba L. subsp. balearicum (Bourg. ex Nyman) Stace,+
2024,39,C,Senecio doronicum L. subsp. doronicum,Senecio doronicum (L.) L. subsp. doronicum,+
2024,39,C,Silene italica (L.) Pers. subsp. italica,Silene italica (L.) Pers. subsp. italica,+
2024,39,C,Tanacetum corymbosum var. tenuifolium (Willd.) Briq. et Cavill.,Tanacetum corymbosum (L.) Sch.Bip. subsp. achilleae (L.) Greuter,+
2024,39,C,Teucrium chamaedrys L.,Teucrium chamaedrys L. subsp. chamaedrys,+
2024,39,C,Tragopogon pratensis L. subsp. orientalis (L.) Čelak.,Tragopogon orientalis L.,+
2024,39,C,Trifolium ochroleucum Huds.,Trifolium ochroleucon Huds.,2
2024,39,C,Verbascum thapsus L. subsp. thapsus,Verbascum thapsus L. subsp. thapsus,+
2002,40,C,Allium sphaerocephalon L.,Allium sphaerocephalon L. subsp. sphaerocephalon,p
2002,40,C,Anthyllis vulneraria L. subsp. praepropera (Kerner) Bornm.,Anthyllis vulneraria L. subsp. rubriflora (DC.) Arcang.,p
2002,40,C,Arenaria serpyllifolia L.,Arenaria serpyllifolia L. subsp. serpyllifolia,p
2002,40,C,Asperula purpurea (L.) Ehrend.,Thliphthisa purpurea (L.) P.Caputo & Del Guacchio subsp. purpurea,p
2002,40,C,Avenula praetutiana (Parl.) Pignatti,"Helictochloa praetutiana (Parl. ex Arcang.) Bartolucci, F.Conti, Peruzzi & Banfi subsp. praetutiana",p
2002,40,C,Brachypodium rupestre (Host) Roem. & Schult. subsp. rupestre,Brachypodium rupestre (Host) Roem. & Schult.,p
2002,40,C,Bromus erectus Huds.,Bromopsis erecta (Huds.) Fourr.,p
2002,40,C,Carex caryophyllea La Tourr.,Carex caryophyllea Latourr.,p
2002,40,C,Centaurea ambigua Guss. subsp. ambigua,Centaurea arrigonii Greuter,p
2002,40,C,Centaurea triumfettii All.,Centaurea triumfettii All.,p
2002,40,C,Cerastium arvense L. subsp. suffruticosum (L.) Nym.,Cerastium arvense L. subsp. suffruticosum (L.) Ces.,p
2002,40,C,Dianthus sylvestris Wulfen subsp. garganicus (Grande) Pignatti,Dianthus virgineus L.,p
2002,40,C,Eryngium amethystinum L.,Eryngium amethystinum L.,p
2002,40,C,Festuca circummediterranea Patzke,Festuca circummediterranea Patzke,p
2002,40,C,Helianthemum apenninum (L.) Mill.,Helianthemum apenninum (L.) Mill. subsp. apenninum,p
2002,40,C,Helianthemum canum (L.) Baumg. subsp. canum,Helianthemum oelandicum (L.) Dum.Cours. subsp. incanum (Willk.) G.López,p
2002,40,C,Helianthemum nummularium (L.) Mill. subsp. obscurum (Čelak.) Holub,Helianthemum nummularium (L.) Mill. subsp. obscurum (Čelak.) Holub,p
2002,40,C,Hieracium pilosella L.,Pilosella officinarum F.W.Schultz & Sch.Bip.,p
2002,40,C,Juniperus communis L.,Juniperus communis L.,p
2002,40,C,Knautia purpurea (Vill.) Borbás,Knautia calycina (C.Presl) Guss.,p
2002,40,C,Koeleria macrantha (Ledeb.) Sprengel,Koeleria macrantha (Ledeb.) Schult. subsp. macrantha,p
2002,40,C,Lathyrus sylvestris L.,Lathyrus sylvestris L. subsp. sylvestris,p
2002,40,C,Lotus corniculatus L.,Lotus corniculatus L. subsp. corniculatus,p
2002,40,C,Onobrychis viciifolia Scop.,Onobrychis viciifolia Scop.,p
2002,40,C,Phleum ambiguum Ten.,Phleum hirsutum Honck. subsp. ambiguum (Ten.) Cif. & Giacom.,p
2002,40,C,Rhinanthus minor L.,Rhinanthus minor L.,p
2002,40,C,Sanguisorba minor Scop. subsp. muricata (Gremli) Briq.,Poterium sanguisorba L. subsp. balearicum (Bourg. ex Nyman) Stace,p
2002,40,C,Saxifraga bulbifera L.,Saxifraga bulbifera L.,p
2002,40,C,Sedum acre L.,Sedum acre L.,p
2002,40,C,Sedum rupestre L. subsp. rupestre,Petrosedum rupestre (L.) P.V.Heath,p
2002,40,C,Senecio doronicum L. subsp. doronicum,Senecio doronicum (L.) L. subsp. doronicum,p
2002,40,C,Tanacetum corymbosum var. tenuifolium (Willd.) Briq. et Cavill.,Tanacetum corymbosum (L.) Sch.Bip. subsp. achilleae (L.) Greuter,p
2002,40,C,Teucrium chamaedrys L.,Teucrium chamaedrys L. subsp. chamaedrys,p
2002,40,C,Thymus longicaulis Presl,Thymus longicaulis C.Presl subsp. longicaulis,p
2002,40,C,Thymus sp.,Thymus sp.,p
2002,40,C,Trifolium montanum L. subsp. rupestre (Ten.) Pignatti,Trifolium montanum L. subsp. rupestre (Ten.) Nyman,p
2002,40,C,Trifolium ochroleucum Huds.,Trifolium ochroleucon Huds.,p
2002,40,C,Trifolium striatum L. subsp. striatum,Trifolium striatum L. subsp. striatum,p
2002,40,C,Trinia glauca (L.) Dumort. subsp. carniolica (Kerner) Wolff,Trinia glauca (L.) Dumort. subsp. carniolica (A.Kern. ex Janch.) H.Wolff,p
2003,40,C,Acer campestre L.,Acer campestre L.,p
2003,40,C,Acer obtusatum Waldst. & Kit.,Acer opalus Mill. subsp. obtusatum (Waldst. & Kit. ex Willd.) Gams,p
2003,40,C,Asplenium trichomanes L. subsp. quadrivalens D.E.Mey.,Asplenium trichomanes L. subsp. quadrivalens D.E.Mey.,p
2003,40,C,Brachypodium sylvaticum (Huds.) Beauv.,Brachypodium sylvaticum (Huds.) P.Beauv. subsp. sylvaticum,p
2003,40,C,Campanula trachelium L.,Campanula trachelium L. subsp. trachelium,p
2003,40,C,Ceterach officinarum DC.,Asplenium ceterach L. subsp. ceterach,p
2003,40,C,Chaerophyllum temulum L.,Chaerophyllum temulum L.,p
2003,40,C,Clematis vitalba L.,Clematis vitalba L.,p
2003,40,C,Corylus avellana L.,Corylus avellana L.,p
2003,40,C,Cruciata laevipes Opiz,Cruciata laevipes Opiz,p
2003,40,C,Daphne laureola L.,Daphne laureola L.,p
2003,40,C,Digitalis micrantha Roth,Digitalis micrantha Roth ex Schweigg.,p
2003,40,C,Euonymus latifolius (L.) Mill.,Euonymus latifolius (L.) Mill. subsp. latifolius,p
2003,40,C,Fagus sylvatica L.,Fagus sylvatica L. subsp. sylvatica,p
2003,40,C,Festuca heterophylla Lam.,Festuca heterophylla Lam.,p
2003,40,C,Fraxinus ornus L.,Fraxinus ornus L. subsp. ornus,p
2003,40,C,Geum urbanum L.,Geum urbanum L.,p
2003,40,C,Inula conyza DC.,"Pentanema squarrosum (L.) D.Gut.Larr., Santos-Vicente, Anderb., E.Rico & M.M.Mart.Ort.",p
2003,40,C,Laburnum anagyroides Medicus,Laburnum anagyroides Medik. subsp. anagyroides,p
2003,40,C,Lamium maculatum L.,Lamium maculatum L.,p
2003,40,C,Lonicera etrusca Santi,Lonicera etrusca Santi,p
2003,40,C,Melica uniflora Retz.,Melica uniflora Retz.,p
2003,40,C,Mycelis muralis (L.) Dumort.,Mycelis muralis (L.) Dumort. subsp. muralis,p
2003,40,C,Polypodium interjectum Shivas,Polypodium interjectum Shivas,p
2003,40,C,Polypodium vulgare L.,Polypodium vulgare L.,p
2003,40,C,Polystichum setiferum (Forsskal) Woynar,Polystichum setiferum (Forssk.) T.Moore ex Woyn.,p
2003,40,C,Prunus spinosa L.,Prunus spinosa L. subsp. spinosa,p
2003,40,C,Quercus pubescens Willd.,Quercus pubescens Willd. subsp. pubescens,p
2003,40,C,Rosa canina L.,Rosa canina L.,p
2003,40,C,Scutellaria columnae All. subsp. columnae,Scutellaria columnae All. subsp. columnae,p
2003,40,C,Silene italica (L.) Pers. subsp. italica,Silene italica (L.) Pers. subsp. italica,p
2015,40,B,Juniperus communis L.,Juniperus communis L.,+
2015,40,C,Allium sphaerocephalon L.,Allium sphaerocephalon L. subsp. sphaerocephalon,+
2015,40,C,Anthyllis vulneraria L. subsp. polyphylla (DC.) Nyman,Anthyllis vulneraria L. subsp. polyphylla (DC.) Nyman,+
2015,40,C,Anthyllis vulneraria L. subsp. praepropera (Kerner) Bornm.,Anthyllis vulneraria L. subsp. rubriflora (DC.) Arcang.,+
2015,40,C,Arabis hirsuta (L.) Scop.,Arabis hirsuta (L.) Scop.,+
2015,40,C,Asperula cynanchica L.,Cynanchica pyrenaica (L.) P.Caputo & Del Guacchio subsp. cynanchica (L.) P.Caputo & Del Guacchio,+
2015,40,C,Asperula purpurea (L.) Ehrend.,Thliphthisa purpurea (L.) P.Caputo & Del Guacchio subsp. purpurea,+
2015,40,C,Avenula praetutiana (Parl.) Pignatti,"Helictochloa praetutiana (Parl. ex Arcang.) Bartolucci, F.Conti, Peruzzi & Banfi subsp. praetutiana",+
2015,40,C,Brachypodium rupestre (Host) Roem. & Schult.,Brachypodium rupestre (Host) Roem. & Schult.,1
2015,40,C,Bromus erectus Huds.,Bromopsis erecta (Huds.) Fourr.,3
2015,40,C,Carex caryophyllea La Tourr.,Carex caryophyllea Latourr.,+
2015,40,C,Carex macrolepis DC.,Carex macrolepis DC.,+
2015,40,C,Centaurea ambigua Guss. subsp. ambigua,Centaurea arrigonii Greuter,+
2015,40,C,Centaurea triumfettii All.,Centaurea triumfettii All.,+
2015,40,C,Cerastium arvense L. subsp. suffruticosum (L.) Nym.,Cerastium arvense L. subsp. suffruticosum (L.) Ces.,+
2015,40,C,Chamaecytisus hirsutus (L.) Link,Cytisus hirsutus L.,+
2015,40,C,Cirsium vulgare (Savi) Ten. subsp. vulgare,Cirsium vulgare (Savi) Ten.,+
2015,40,C,Coronilla minima L.,Coronilla minima L.,+
2015,40,C,Cuscuta epithymum (L.) L.,Cuscuta epithymum (L.) L. subsp. epithymum ,+
2015,40,C,Dactylis glomerata L.,Dactylis glomerata L. subsp. glomerata,+
2015,40,C,Dianthus sylvestris Wulfen subsp. garganicus (Grande) Pignatti,Dianthus virgineus L.,+
2015,40,C,Eryngium amethystinum L.,Eryngium amethystinum L.,1
2015,40,C,Festuca circummediterranea Patzke,Festuca circummediterranea Patzke,1
2015,40,C,Galium corrudifolium Vill.,Galium corrudifolium Vill.,+
2015,40,C,Helianthemum apenninum (L.) Mill.,Helianthemum apenninum (L.) Mill. subsp. apenninum,+
2015,40,C,Helianthemum canum (L.) Baumg. subsp. canum,Helianthemum oelandicum (L.) Dum.Cours. subsp. incanum (Willk.) G.López,+
2015,40,C,Helianthemum nummularium (L.) Mill. subsp. obscurum (Čelak.) Holub,Helianthemum nummularium (L.) Mill. subsp. obscurum (Čelak.) Holub,+
2015,40,C,Heracleum sphondylium L. subsp. ternatum (Velen.) Brummit,Heracleum sibiricum L. subsp. ternatum (Velen.) Briq.,+
2015,40,C,Hieracium cymosum L.,Pilosella cymosa (L.) F.W.Schultz & Sch.Bip. subsp. sabina (Sebast.) H.P.Fuchs,+
2015,40,C,Inula montana L.,"Pentanema montanum (L.) D.Gut.Larr., Santos-Vicente, Anderb., E.Rico & M.M.Mart.Ort.",+
2015,40,C,Knautia purpurea (Vill.) Borbás,Knautia calycina (C.Presl) Guss.,+
2015,40,C,Koeleria macrantha (Ledeb.) Sprengel,Koeleria macrantha (Ledeb.) Schult. subsp. macrantha,+
2015,40,C,Lathyrus sylvestris L.,Lathyrus sylvestris L. subsp. sylvestris,+
2015,40,C,Lotus corniculatus L.,Lotus corniculatus L. subsp. corniculatus,+
2015,40,C,Medicago lupulina L.,Medicago lupulina L.,+
2015,40,C,Minuartia verna (L.) Hiern subsp. collina (Neilr.) Halliday,Sabulina glaucina (Dvořáková) Dillenb. & Kadereit,+
2015,40,C,Onobrychis viciifolia Scop.,Onobrychis viciifolia Scop.,1
2015,40,C,Ononis pusilla L.,Ononis pusilla L. subsp. pusilla,+
2015,40,C,Phleum ambiguum Ten.,Phleum hirsutum Honck. subsp. ambiguum (Ten.) Cif. & Giacom.,1
2015,40,C,Polygala nicaeensis Risso subsp. mediterranea Chodat,Polygala nicaeensis Risso ex W.D.J.Koch subsp. mediterranea Chodat,+
2015,40,C,Potentilla tabernaemontani Asch.,Potentilla rigoana Th.Wolf,+
2015,40,C,Sanguisorba minor Scop. subsp. muricata (Gremli) Briq.,Poterium sanguisorba L. subsp. balearicum (Bourg. ex Nyman) Stace,+
2015,40,C,Sedum acre L.,Sedum acre L.,+
2015,40,C,Sedum rupestre L. subsp. rupestre,Petrosedum rupestre (L.) P.V.Heath,1
2015,40,C,Senecio doronicum L. subsp. doronicum,Senecio doronicum (L.) L. subsp. doronicum,+
2015,40,C,Silene italica (L.) Pers. subsp. italica,Silene italica (L.) Pers. subsp. italica,+
2015,40,C,Tanacetum corymbosum var. tenuifolium (Willd.) Briq. et Cavill.,Tanacetum corymbosum (L.) Sch.Bip. subsp. achilleae (L.) Greuter,+
2015,40,C,Teucrium chamaedrys L.,Teucrium chamaedrys L. subsp. chamaedrys,+
2015,40,C,Thymus longicaulis Presl,Thymus longicaulis C.Presl subsp. longicaulis,1
2015,40,C,Thymus sp.,Thymus sp.,+
2015,40,C,Trifolium montanum L. subsp. rupestre (Ten.) Pignatti,Trifolium montanum L. subsp. rupestre (Ten.) Nyman,+
2015,40,C,Trifolium ochroleucum Huds.,Trifolium ochroleucon Huds.,1
2015,40,C,Trinia glauca (L.) Dumort. subsp. carniolica (Kerner) Wolff,Trinia glauca (L.) Dumort. subsp. carniolica (A.Kern. ex Janch.) H.Wolff,+
2020,40,B,Juniperus communis L.,Juniperus communis L.,1
2020,40,C,Achillea collina Becker,Achillea collina (Becker ex Wirtg.) Heimerl,+
2020,40,C,Allium sphaerocephalon L.,Allium sphaerocephalon L. subsp. sphaerocephalon,+
2020,40,C,Anthyllis vulneraria L. subsp. polyphylla (DC.) Nyman,Anthyllis vulneraria L. subsp. polyphylla (DC.) Nyman,+
2020,40,C,Arabis hirsuta (L.) Scop.,Arabis hirsuta (L.) Scop.,+
2020,40,C,Arenaria serpyllifolia L.,Arenaria serpyllifolia L. subsp. serpyllifolia,+
2020,40,C,Asperula cynanchica L.,Cynanchica pyrenaica (L.) P.Caputo & Del Guacchio subsp. cynanchica (L.) P.Caputo & Del Guacchio,+
2020,40,C,Avenula praetutiana (Parl.) Pignatti,"Helictochloa praetutiana (Parl. ex Arcang.) Bartolucci, F.Conti, Peruzzi & Banfi subsp. praetutiana",1
2020,40,C,Brachypodium rupestre (Host) Roem. & Schult.,Brachypodium rupestre (Host) Roem. & Schult.,1
2020,40,C,Bromus erectus Huds.,Bromopsis erecta (Huds.) Fourr.,3
2020,40,C,Bunium bulbocastanum L.,Bunium bulbocastanum L.,+
2020,40,C,Carex caryophyllea La Tourr.,Carex caryophyllea Latourr.,+
2020,40,C,Carex macrolepis DC.,Carex macrolepis DC.,1
2020,40,C,Centaurea ambigua Guss. subsp. ambigua,Centaurea arrigonii Greuter,+
2020,40,C,Centaurea triumfettii All.,Centaurea triumfettii All.,1
2020,40,C,Cerastium arvense L. subsp. suffruticosum (L.) Nym.,Cerastium arvense L. subsp. suffruticosum (L.) Ces.,+
2020,40,C,Chamaecytisus hirsutus (L.) Link,Cytisus hirsutus L.,+
2020,40,C,Cirsium vulgare (Savi) Ten. subsp. vulgare,Cirsium vulgare (Savi) Ten.,+
2020,40,C,Coronilla minima L.,Coronilla minima L.,+
2020,40,C,Cuscuta epithymum (L.) L.,Cuscuta epithymum (L.) L. subsp. epithymum ,+
2020,40,C,Dianthus sylvestris Wulfen subsp. garganicus (Grande) Pignatti,Dianthus virgineus L.,+
2020,40,C,Eryngium amethystinum L.,Eryngium amethystinum L.,2
2020,40,C,Festuca circummediterranea Patzke,Festuca circummediterranea Patzke,2
2020,40,C,Festuca inops De Not.,Festuca inops De Not.,+
2020,40,C,Festuca trachyphylla (Hackel) Krajina,Festuca trachyphylla (Hack.) R.P.Murray,+
2020,40,C,Galium corrudifolium Vill.,Galium corrudifolium Vill.,1
2020,40,C,Galium verum L. subsp. verum,Galium verum L. subsp. verum,+
2020,40,C,Helianthemum apenninum (L.) Mill.,Helianthemum apenninum (L.) Mill. subsp. apenninum,+
2020,40,C,Helianthemum canum (L.) Baumg. subsp. canum,Helianthemum oelandicum (L.) Dum.Cours. subsp. incanum (Willk.) G.López,+
2020,40,C,Helianthemum nummularium (L.) Mill. subsp. obscurum (Čelak.) Holub,Helianthemum nummularium (L.) Mill. subsp. obscurum (Čelak.) Holub,1
2020,40,C,Hieracium pilosella L.,Pilosella officinarum F.W.Schultz & Sch.Bip.,+
2020,40,C,Hippocrepis comosa L.,Hippocrepis comosa L. subsp. comosa,+
2020,40,C,Juniperus communis L.,Juniperus communis L.,+
2020,40,C,Knautia purpurea (Vill.) Borbás,Knautia calycina (C.Presl) Guss.,+
2020,40,C,Koeleria macrantha (Ledeb.) Sprengel,Koeleria macrantha (Ledeb.) Schult. subsp. macrantha,1
2020,40,C,Lathyrus sylvestris L.,Lathyrus sylvestris L. subsp. sylvestris,1
2020,40,C,Lotus corniculatus L.,Lotus corniculatus L. subsp. corniculatus,+
2020,40,C,Medicago lupulina L.,Medicago lupulina L.,+
2020,40,C,Minuartia verna (L.) Hiern subsp. collina (Neilr.) Halliday,Sabulina glaucina (Dvořáková) Dillenb. & Kadereit,+
2020,40,C,Muscari neglectum Guss.,Muscari neglectum Guss. ex Ten. & Sangiovanni,+
2020,40,C,Onobrychis viciifolia Scop.,Onobrychis viciifolia Scop.,+
2020,40,C,Opopanax chironium (L.) Koch,Opopanax chironium (L.) W.D.J.Koch,+
2020,40,C,Phleum ambiguum Ten.,Phleum hirsutum Honck. subsp. ambiguum (Ten.) Cif. & Giacom.,1
2020,40,C,Plantago media L.,Plantago media L. subsp. media,+
2020,40,C,Polygala nicaeensis Risso subsp. mediterranea Chodat,Polygala nicaeensis Risso ex W.D.J.Koch subsp. mediterranea Chodat,+
2020,40,C,Potentilla tabernaemontani Asch.,Potentilla rigoana Th.Wolf,+
2020,40,C,Rhinanthus minor L.,Rhinanthus minor L.,+
2020,40,C,Sanguisorba minor Scop. subsp. muricata (Gremli) Briq.,Poterium sanguisorba L. subsp. balearicum (Bourg. ex Nyman) Stace,+
2020,40,C,Sedum rupestre L. subsp. rupestre,Petrosedum rupestre (L.) P.V.Heath,+
2020,40,C,Senecio doronicum L. subsp. doronicum,Senecio doronicum (L.) L. subsp. doronicum,+
2020,40,C,Sesleria nitida Ten.,Sesleria nitida Ten.,+
2020,40,C,Silene italica (L.) Pers. subsp. italica,Silene italica (L.) Pers. subsp. italica,+
2020,40,C,Tanacetum corymbosum var. tenuifolium (Willd.) Briq. et Cavill.,Tanacetum corymbosum (L.) Sch.Bip. subsp. achilleae (L.) Greuter,+
2020,40,C,Teucrium chamaedrys L.,Teucrium chamaedrys L. subsp. chamaedrys,+
2020,40,C,Thymus sp.,Thymus sp.,1
2020,40,C,Tragopogon pratensis L. subsp. orientalis (L.) Čelak.,Tragopogon orientalis L.,+
2020,40,C,Trifolium montanum L. subsp. rupestre (Ten.) Pignatti,Trifolium montanum L. subsp. rupestre (Ten.) Nyman,+
2020,40,C,Trifolium ochroleucum Huds.,Trifolium ochroleucon Huds.,2
2020,40,C,Trinia glauca (L.) Dumort. subsp. carniolica (Kerner) Wolff,Trinia glauca (L.) Dumort. subsp. carniolica (A.Kern. ex Janch.) H.Wolff,1
2024,40,B,Juniperus communis L.,Juniperus communis L.,1
2024,40,C,Achillea collina Becker,Achillea collina (Becker ex Wirtg.) Heimerl,+
2024,40,C,Anthyllis vulneraria L. subsp. polyphylla (DC.) Nyman,Anthyllis vulneraria L. subsp. polyphylla (DC.) Nyman,1
2024,40,C,Arabis hirsuta (L.) Scop.,Arabis hirsuta (L.) Scop.,+
2024,40,C,Avenula praetutiana (Parl.) Pignatti,"Helictochloa praetutiana (Parl. ex Arcang.) Bartolucci, F.Conti, Peruzzi & Banfi subsp. praetutiana",+
2024,40,C,Brachypodium rupestre (Host) Roem. & Schult.,Brachypodium rupestre (Host) Roem. & Schult.,2
2024,40,C,Bromus erectus Huds.,Bromopsis erecta (Huds.) Fourr.,3
2024,40,C,Carex caryophyllea La Tourr.,Carex caryophyllea Latourr.,+
2024,40,C,Carex macrolepis DC.,Carex macrolepis DC.,1
2024,40,C,Centaurea ambigua Guss. subsp. ambigua,Centaurea arrigonii Greuter,+
2024,40,C,Centaurea triumfettii All.,Centaurea triumfettii All.,+
2024,40,C,Cerastium arvense L. subsp. suffruticosum (L.) Nym.,Cerastium arvense L. subsp. suffruticosum (L.) Ces.,+
2024,40,C,Cerastium glutinosum Fr.,Cerastium glutinosum Fr.,+
2024,40,C,Coronilla minima L.,Coronilla minima L.,+
2024,40,C,Cuscuta epithymum (L.) L.,Cuscuta epithymum (L.) L. subsp. epithymum ,+
2024,40,C,Dianthus sylvestris Wulfen subsp. garganicus (Grande) Pignatti,Dianthus virgineus L.,+
2024,40,C,Eryngium amethystinum L.,Eryngium amethystinum L.,2
2024,40,C,Festuca circummediterranea Patzke,Festuca circummediterranea Patzke,2
2024,40,C,Festuca inops De Not.,Festuca inops De Not.,+
2024,40,C,Festuca trachyphylla (Hackel) Krajina,Festuca trachyphylla (Hack.) R.P.Murray,+
2024,40,C,Galium corrudifolium Vill.,Galium corrudifolium Vill.,1
2024,40,C,Gymnadenia conopsea (L.) R.Br.,Gymnadenia conopsea (L.) R.Br.,+
2024,40,C,Helianthemum apenninum (L.) Mill.,Helianthemum apenninum (L.) Mill. subsp. apenninum,+
2024,40,C,Helianthemum canum (L.) Baumg. subsp. canum,Helianthemum oelandicum (L.) Dum.Cours. subsp. incanum (Willk.) G.López,+
2024,40,C,Helianthemum nummularium (L.) Mill. subsp. obscurum (Čelak.) Holub,Helianthemum nummularium (L.) Mill. subsp. obscurum (Čelak.) Holub,+
2024,40,C,Hippocrepis comosa L.,Hippocrepis comosa L. subsp. comosa,+
2024,40,C,Hypericum perforatum L. subsp. angustifolium (DC.) Gaudin,Hypericum perforatum L. subsp. veronense (Schrank) Ces.,+
2024,40,C,Juniperus communis L.,Juniperus communis L.,+
2024,40,C,Knautia purpurea (Vill.) Borbás,Knautia calycina (C.Presl) Guss.,1
2024,40,C,Koeleria macrantha (Ledeb.) Sprengel,Koeleria macrantha (Ledeb.) Schult. subsp. macrantha,+
2024,40,C,Laserpitium garganicum (Ten.) Bertol. subsp. garganicum,Siler montanum Crantz subsp. stabianum (Lacaita) F.Conti & Bartolucci,+
2024,40,C,Lathyrus sylvestris L.,Lathyrus sylvestris L. subsp. sylvestris,1
2024,40,C,Muscari neglectum Guss.,Muscari neglectum Guss. ex Ten. & Sangiovanni,+
2024,40,C,Onobrychis viciifolia Scop.,Onobrychis viciifolia Scop.,2
2024,40,C,Opopanax chironium (L.) Koch,Opopanax chironium (L.) W.D.J.Koch,+
2024,40,C,Phleum ambiguum Ten.,Phleum hirsutum Honck. subsp. ambiguum (Ten.) Cif. & Giacom.,1
2024,40,C,Potentilla tabernaemontani Asch.,Potentilla rigoana Th.Wolf,+
2024,40,C,Rhinanthus minor L.,Rhinanthus minor L.,+
2024,40,C,Sanguisorba minor Scop. subsp. muricata (Gremli) Briq.,Poterium sanguisorba L. subsp. balearicum (Bourg. ex Nyman) Stace,+
2024,40,C,Sedum acre L.,Sedum acre L.,+
2024,40,C,Sedum rupestre L. subsp. rupestre,Petrosedum rupestre (L.) P.V.Heath,+
2024,40,C,Senecio doronicum L. subsp. doronicum,Senecio doronicum (L.) L. subsp. doronicum,1
2024,40,C,Tanacetum corymbosum var. tenuifolium (Willd.) Briq. et Cavill.,Tanacetum corymbosum (L.) Sch.Bip. subsp. achilleae (L.) Greuter,1
2024,40,C,Thymus sp.,Thymus sp.,+
2024,40,C,Trifolium ochroleucum Huds.,Trifolium ochroleucon Huds.,1
2024,40,C,Trinia glauca (L.) Dumort. subsp. carniolica (Kerner) Wolff,Trinia glauca (L.) Dumort. subsp. carniolica (A.Kern. ex Janch.) H.Wolff,+
2002,41,C,Acer obtusatum Waldst. & Kit.,Acer opalus Mill. subsp. obtusatum (Waldst. & Kit. ex Willd.) Gams,p
2002,41,C,Brachypodium sylvaticum (Huds.) Beauv.,Brachypodium sylvaticum (Huds.) P.Beauv. subsp. sylvaticum,p
2002,41,C,Cephalanthera damasonium (Mill.) Druce,Cephalanthera damasonium (Mill.) Druce,p
2002,41,C,Daphne laureola L.,Daphne laureola L.,p
2002,41,C,Doronicum columnae Ten.,Doronicum columnae Ten.,p
2002,41,C,Epipactis muelleri Godfr.,Epipactis muelleri Godfery,p
2002,41,C,Fagus sylvatica L.,Fagus sylvatica L. subsp. sylvatica,p
2002,41,C,Festuca heterophylla Lam.,Festuca heterophylla Lam.,p
2002,41,C,Hedera helix L. subsp. helix,Hedera helix L. subsp. helix,p
2002,41,C,Helleborus bocconei Ten. subsp. bocconei,Helleborus viridis L. subsp. bocconei (Ten.) Peruzzi,p
2002,41,C,Melica uniflora Retz.,Melica uniflora Retz.,p
2002,41,C,Primula veris L. subsp. columnae (Ten.) Ludi,Primula veris L. subsp. columnae (Ten.) Maire & Petitm.,p
2002,41,C,Rubus hirtus W. et K.,Rubus hirtus Waldst. & Kit. group,p
2002,41,C,Sanicula europaea L.,Sanicula europaea L.,p
2002,41,C,Viola odorata L.,Viola odorata L.,p
2003,41,C,Acer obtusatum Waldst. & Kit.,Acer opalus Mill. subsp. obtusatum (Waldst. & Kit. ex Willd.) Gams,p
2003,41,C,Asperula purpurea (L.) Ehrend.,Thliphthisa purpurea (L.) P.Caputo & Del Guacchio subsp. purpurea,p
2003,41,C,Brachypodium rupestre (Host) Roem. & Schult. subsp. rupestre,Brachypodium rupestre (Host) Roem. & Schult.,p
2003,41,C,Bromus erectus Huds.,Bromopsis erecta (Huds.) Fourr.,p
2003,41,C,Bupleurum falcatum L. subsp. cernuum (Ten.) Arcang.,Bupleurum falcatum L. subsp. cernuum (Nyman) Arcang.,p
2003,41,C,Campanula apennina Podlech,Campanula micrantha Bertol.,p
2003,41,C,Campanula trachelium L.,Campanula trachelium L. subsp. trachelium,p
2003,41,C,Carlina acaulis L.,Carlina acaulis L. subsp. caulescens (Lam.) Schübl. & G.Martens,p
2003,41,C,Chamaecytisus hirsutus (L.) Link,Cytisus hirsutus L.,p
2003,41,C,Daphne laureola L.,Daphne laureola L.,p
2003,41,C,Fagus sylvatica L.,Fagus sylvatica L. subsp. sylvatica,p
2003,41,C,Festuca circummediterranea Patzke,Festuca circummediterranea Patzke,p
2003,41,C,Festuca heterophylla Lam.,Festuca heterophylla Lam.,p
2003,41,C,Galium corrudifolium Vill.,Galium corrudifolium Vill.,p
2003,41,C,Helleborus bocconei Ten. subsp. bocconei,Helleborus viridis L. subsp. bocconei (Ten.) Peruzzi,p
2003,41,C,Hieracium cymosum L.,Pilosella cymosa (L.) F.W.Schultz & Sch.Bip. subsp. sabina (Sebast.) H.P.Fuchs,p
2003,41,C,Hieracium gruppo murorum L.,Hieracium murorum L. s.l.,p
2003,41,C,Juniperus communis L.,Juniperus communis L.,p
2003,41,C,Lathyrus pratensis L.,Lathyrus pratensis L. subsp. pratensis,p
2003,41,C,Lotus corniculatus L.,Lotus corniculatus L. subsp. corniculatus,p
2003,41,C,Mycelis muralis (L.) Dumort.,Mycelis muralis (L.) Dumort. subsp. muralis,p
2003,41,C,Phleum ambiguum Ten.,Phleum hirsutum Honck. subsp. ambiguum (Ten.) Cif. & Giacom.,p
2003,41,C,Primula veris L. subsp. columnae (Ten.) Ludi,Primula veris L. subsp. columnae (Ten.) Maire & Petitm.,p
2003,41,C,Sanicula europaea L.,Sanicula europaea L.,p
2003,41,C,Sesleria nitida Ten.,Sesleria nitida Ten.,p
2003,41,C,Silene italica (L.) Pers. subsp. italica,Silene italica (L.) Pers. subsp. italica,p
2003,41,C,Thymus longicaulis Presl,Thymus longicaulis C.Presl subsp. longicaulis,p
2003,41,C,Trifolium ochroleucum Huds.,Trifolium ochroleucon Huds.,p
2003,41,C,Trifolium pratense L. subsp. pratense,Trifolium pratense L. subsp. pratense,p
2015,41,A,Fagus sylvatica L.,Fagus sylvatica L. subsp. sylvatica,5
2015,41,A,Sorbus aria (L.) Crantz,Sorbus aria (L.) Crantz,1
2015,41,B,Fagus sylvatica L.,Fagus sylvatica L. subsp. sylvatica,1
2015,41,C,Acer obtusatum Waldst. & Kit.,Acer opalus Mill. subsp. obtusatum (Waldst. & Kit. ex Willd.) Gams,+
2015,41,C,Cephalanthera damasonium (Mill.) Druce,Cephalanthera damasonium (Mill.) Druce,+
2015,41,C,Cephalanthera longifolia (Huds.) Fritsch,Cephalanthera longifolia (L.) Fritsch,+
2015,41,C,Daphne laureola L.,Daphne laureola L.,+
2015,41,C,Hedera helix L. subsp. helix,Hedera helix L. subsp. helix,+
2015,41,C,Melica uniflora Retz.,Melica uniflora Retz.,+
2015,41,C,Neottia nidus-avis (L.) L.C.Rich.,Neottia nidus-avis (L.) Rich.,+
2015,41,C,Sanicula europaea L.,Sanicula europaea L.,+
2020,41,A,Fagus sylvatica L.,Fagus sylvatica L. subsp. sylvatica,5
2020,41,B,Fagus sylvatica L.,Fagus sylvatica L. subsp. sylvatica,2
2020,41,C,Cephalanthera damasonium (Mill.) Druce,Cephalanthera damasonium (Mill.) Druce,+
2020,41,C,Daphne laureola L.,Daphne laureola L.,+
2020,41,C,Fagus sylvatica L.,Fagus sylvatica L. subsp. sylvatica,+
2020,41,C,Galium odoratum (L.) Scop.,Galium odoratum (L.) Scop.,+
2020,41,C,Hedera helix L. subsp. helix,Hedera helix L. subsp. helix,+
2020,41,C,Melica uniflora Retz.,Melica uniflora Retz.,+
2020,41,C,Sanicula europaea L.,Sanicula europaea L.,+
2020,41,C,Sorbus aria (L.) Crantz,Sorbus aria (L.) Crantz,+
2024,41,A,Fagus sylvatica L.,Fagus sylvatica L. subsp. sylvatica,5
2024,41,B,Fagus sylvatica L.,Fagus sylvatica L. subsp. sylvatica,2
2024,41,C,Acer obtusatum Waldst. & Kit.,Acer opalus Mill. subsp. obtusatum (Waldst. & Kit. ex Willd.) Gams,+
2024,41,C,Cephalanthera damasonium (Mill.) Druce,Cephalanthera damasonium (Mill.) Druce,+
2024,41,C,Daphne laureola L.,Daphne laureola L.,+
2024,41,C,Fagus sylvatica L.,Fagus sylvatica L. subsp. sylvatica,+
2024,41,C,Hedera helix L. subsp. helix,Hedera helix L. subsp. helix,+
2024,41,C,Melica uniflora Retz.,Melica uniflora Retz.,+
2024,41,C,Sanicula europaea L.,Sanicula europaea L.,+
2024,41,C,Sorbus aria (L.) Crantz,Sorbus aria (L.) Crantz,1
2002,42,C,Acer obtusatum Waldst. & Kit.,Acer opalus Mill. subsp. obtusatum (Waldst. & Kit. ex Willd.) Gams,p
2002,42,C,Anthoxanthum odoratum L.,Anthoxanthum odoratum L.,p
2002,42,C,Arenaria serpyllifolia L.,Arenaria serpyllifolia L. subsp. serpyllifolia,p
2002,42,C,Armeria canescens (Host) Boiss. subsp. canescens,Armeria gracilis Ten. subsp. gracilis,p
2002,42,C,Asperula cynanchica L.,Cynanchica pyrenaica (L.) P.Caputo & Del Guacchio subsp. cynanchica (L.) P.Caputo & Del Guacchio,p
2002,42,C,Asperula purpurea (L.) Ehrend.,Thliphthisa purpurea (L.) P.Caputo & Del Guacchio subsp. purpurea,p
2002,42,C,Brachypodium rupestre (Host) Roem. & Schult. subsp. rupestre,Brachypodium rupestre (Host) Roem. & Schult.,p
2002,42,C,Bromus erectus Huds.,Bromopsis erecta (Huds.) Fourr.,p
2002,42,C,Bupleurum falcatum L. subsp. cernuum (Ten.) Arcang.,Bupleurum falcatum L. subsp. cernuum (Nyman) Arcang.,p
2002,42,C,Campanula apennina Podlech,Campanula micrantha Bertol.,p
2002,42,C,Carduus nutans L. subsp. nutans,Carduus nutans L. subsp. nutans,p
2002,42,C,Carex macrolepis DC.,Carex macrolepis DC.,p
2002,42,C,Centaurea triumfettii All.,Centaurea triumfettii All.,p
2002,42,C,Coronilla minima L.,Coronilla minima L.,p
2002,42,C,Cytisus sessilifolius L.,Cytisophyllum sessilifolium (L.) O.Lang,p
2002,42,C,Daphne laureola L.,Daphne laureola L.,p
2002,42,C,Dianthus sylvestris Wulfen subsp. garganicus (Grande) Pignatti,Dianthus virgineus L.,p
2002,42,C,Eryngium amethystinum L.,Eryngium amethystinum L.,p
2002,42,C,Fagus sylvatica L.,Fagus sylvatica L. subsp. sylvatica,p
2002,42,C,Festuca circummediterranea Patzke,Festuca circummediterranea Patzke,p
2002,42,C,Galium corrudifolium Vill.,Galium corrudifolium Vill.,p
2002,42,C,Gymnadenia conopsea (L.) R.Br.,Gymnadenia conopsea (L.) R.Br.,p
2002,42,C,Helianthemum nummularium (L.) Mill. subsp. obscurum (Čelak.) Holub,Helianthemum nummularium (L.) Mill. subsp. obscurum (Čelak.) Holub,p
2002,42,C,Hieracium cymosum L.,Pilosella cymosa (L.) F.W.Schultz & Sch.Bip. subsp. sabina (Sebast.) H.P.Fuchs,p
2002,42,C,Hieracium murorum L. s.l.,Hieracium murorum L. s.l.,p
2002,42,C,Hieracium pilosella L.,Pilosella officinarum F.W.Schultz & Sch.Bip.,p
2002,42,C,Hippocrepis comosa L.,Hippocrepis comosa L. subsp. comosa,p
2002,42,C,Juniperus communis L.,Juniperus communis L.,p
2002,42,C,Knautia purpurea (Vill.) Borbás,Knautia calycina (C.Presl) Guss.,p
2002,42,C,Lathyrus pratensis L.,Lathyrus pratensis L. subsp. pratensis,p
2002,42,C,Leontodon hispidus,Leontodon hispidus L. subsp. hispidus,p
2002,42,C,Lotus corniculatus L.,Lotus corniculatus L. subsp. corniculatus,p
2002,42,C,Phleum ambiguum Ten.,Phleum hirsutum Honck. subsp. ambiguum (Ten.) Cif. & Giacom.,p
2002,42,C,Polygala nicaeensis Risso subsp. mediterranea Chodat,Polygala nicaeensis Risso ex W.D.J.Koch subsp. mediterranea Chodat,p
2002,42,C,Quercus pubescens Willd.,Quercus pubescens Willd. subsp. pubescens,p
2002,42,C,Ranunculus oreophilus Bieb.,Ranunculus breyninus Crantz,p
2002,42,C,Sesleria nitida Ten.,Sesleria nitida Ten.,p
2002,42,C,Silene italica (L.) Pers. subsp. italica,Silene italica (L.) Pers. subsp. italica,p
2002,42,C,Teucrium chamaedrys L.,Teucrium chamaedrys L. subsp. chamaedrys,p
2002,42,C,Thymus longicaulis Presl,Thymus longicaulis C.Presl subsp. longicaulis,p
2002,42,C,Trifolium montanum L. subsp. rupestre (Ten.) Pignatti,Trifolium montanum L. subsp. rupestre (Ten.) Nyman,p
2002,42,C,Trifolium ochroleucum Huds.,Trifolium ochroleucon Huds.,p
2002,42,C,Trifolium pratense L. subsp. pratense,Trifolium pratense L. subsp. pratense,p
2002,42,C,Trifolium striatum L. subsp. striatum,Trifolium striatum L. subsp. striatum,p
2003,42,C,Acer obtusatum Waldst. & Kit.,Acer opalus Mill. subsp. obtusatum (Waldst. & Kit. ex Willd.) Gams,p
2003,42,C,Arabis alpina L. subsp. caucasica (Willd.) Briq.,Arabis alpina L. subsp. caucasica (Willd.) Briq.,p
2003,42,C,Brachypodium rupestre (Host) Roem. & Schult. subsp. rupestre,Brachypodium rupestre (Host) Roem. & Schult.,p
2003,42,C,Daphne laureola L.,Daphne laureola L.,p
2003,42,C,Epipactis helleborine (L.) Crantz,Epipactis helleborine (L.) Crantz,p
2003,42,C,Fagus sylvatica L.,Fagus sylvatica L. subsp. sylvatica,p
2003,42,C,Geranium robertianum L.,Geranium robertianum L.,p
2003,42,C,Ilex aquifolium L.,Ilex aquifolium L.,p
2003,42,C,Lamium maculatum L.,Lamium maculatum L.,p
2003,42,C,Melica uniflora Retz.,Melica uniflora Retz.,p
2003,42,C,Mycelis muralis (L.) Dumort.,Mycelis muralis (L.) Dumort. subsp. muralis,p
2003,42,C,Rubus hirtus W. et K.,Rubus hirtus Waldst. & Kit. group,p
2003,42,C,Sesleria nitida Ten.,Sesleria nitida Ten.,p
2003,42,C,Sorbus aria (L.) Crantz,Sorbus aria (L.) Crantz,p
2015,42,A,Acer obtusatum Waldst. & Kit.,Acer opalus Mill. subsp. obtusatum (Waldst. & Kit. ex Willd.) Gams,1
2015,42,B,Cytisus sessilifolius L.,Cytisophyllum sessilifolium (L.) O.Lang,1
2015,42,B,Juniperus communis L.,Juniperus communis L.,1
2015,42,B,Juniperus oxycedrus L. subsp. oxycedrus,Juniperus deltoides R.P.Adams ,+
2015,42,C,Acer obtusatum Waldst. & Kit.,Acer opalus Mill. subsp. obtusatum (Waldst. & Kit. ex Willd.) Gams,+
2015,42,C,Allium sphaerocephalon L.,Allium sphaerocephalon L. subsp. sphaerocephalon,+
2015,42,C,Anthyllis vulneraria L. subsp. praepropera (Kerner) Bornm.,Anthyllis vulneraria L. subsp. rubriflora (DC.) Arcang.,+
2015,42,C,Arabis collina Ten.,Arabis collina Ten.,+
2015,42,C,Arenaria serpyllifolia L.,Arenaria serpyllifolia L. subsp. serpyllifolia,+
2015,42,C,Armeria canescens (Host) Boiss. subsp. canescens,Armeria gracilis Ten. subsp. gracilis,+
2015,42,C,Asperula cynanchica L.,Cynanchica pyrenaica (L.) P.Caputo & Del Guacchio subsp. cynanchica (L.) P.Caputo & Del Guacchio,1
2015,42,C,Astragalus sempervirens Lam. subsp. gussonei Pignatti,Astragalus sempervirens Lam.,+
2015,42,C,Brachypodium rupestre (Host) Roem. & Schult.,Brachypodium rupestre (Host) Roem. & Schult.,1
2015,42,C,Bromus erectus Huds.,Bromopsis erecta (Huds.) Fourr.,3
2015,42,C,Bunium bulbocastanum L.,Bunium bulbocastanum L.,+
2015,42,C,Bupleurum falcatum L. subsp. cernuum (Ten.) Arcang.,Bupleurum falcatum L. subsp. cernuum (Nyman) Arcang.,+
2015,42,C,Campanula apennina Podlech,Campanula micrantha Bertol.,+
2015,42,C,Carduus nutans L. subsp. nutans,Carduus nutans L. subsp. nutans,+
2015,42,C,Carex macrolepis DC.,Carex macrolepis DC.,+
2015,42,C,Cerastium arvense L. subsp. suffruticosum (L.) Nym.,Cerastium arvense L. subsp. suffruticosum (L.) Ces.,+
2015,42,C,Coronilla minima L.,Coronilla minima L.,+
2015,42,C,Dianthus sylvestris Wulfen subsp. garganicus (Grande) Pignatti,Dianthus virgineus L.,+
2015,42,C,Festuca circummediterranea Patzke,Festuca circummediterranea Patzke,1
2015,42,C,Festuca inops De Not.,Festuca inops De Not.,+
2015,42,C,Galium corrudifolium Vill.,Galium corrudifolium Vill.,+
2015,42,C,Gymnadenia conopsea (L.) R.Br.,Gymnadenia conopsea (L.) R.Br.,+
2015,42,C,Helianthemum nummularium (L.) Mill. subsp. obscurum (Čelak.) Holub,Helianthemum nummularium (L.) Mill. subsp. obscurum (Čelak.) Holub,+
2015,42,C,Hieracium cymosum L.,Pilosella cymosa (L.) F.W.Schultz & Sch.Bip. subsp. sabina (Sebast.) H.P.Fuchs,+
2015,42,C,Hieracium pilosella L.,Pilosella officinarum F.W.Schultz & Sch.Bip.,+
2015,42,C,Hieracium gruppo murorum L.,Hieracium murorum L. s.l.,+
2015,42,C,Hippocrepis comosa L.,Hippocrepis comosa L. subsp. comosa,+
2015,42,C,Knautia purpurea (Vill.) Borbás,Knautia calycina (C.Presl) Guss.,+
2015,42,C,Koeleria splendens Presl,Koeleria splendens C.Presl,+
2015,42,C,Leontodon crispus Vill.,Leontodon crispus Vill.,+
2015,42,C,Leontodon hispidus,Leontodon hispidus L. subsp. hispidus,+
2015,42,C,Leucanthemum vulgare Lam. var. vulgare,Leucanthemum vulgare (Vaill.) Lam. subsp. vulgare,+
2015,42,C,Lilium bulbiferum L. subsp. croceum (Chaix) Baker,Lilium bulbiferum L. subsp. croceum (Chaix) Jan,+
2015,42,C,Lotus corniculatus L.,Lotus corniculatus L. subsp. corniculatus,+
2015,42,C,Minuartia verna (L.) Hiern subsp. collina (Neilr.) Halliday,Sabulina glaucina (Dvořáková) Dillenb. & Kadereit,+
2015,42,C,Ononis pusilla L.,Ononis pusilla L. subsp. pusilla,+
2015,42,C,Phleum ambiguum Ten.,Phleum hirsutum Honck. subsp. ambiguum (Ten.) Cif. & Giacom.,1
2015,42,C,Plantago argentea Chaix,Plantago argentea Chaix subsp. argentea,+
2015,42,C,Polygala nicaeensis Risso subsp. mediterranea Chodat,Polygala nicaeensis Risso ex W.D.J.Koch subsp. mediterranea Chodat,+
2015,42,C,Primula veris L. subsp. columnae (Ten.) Ludi,Primula veris L. subsp. columnae (Ten.) Maire & Petitm.,+
2015,42,C,Saxifraga rotundifolia L.,Saxifraga rotundifolia L. subsp. rotundifolia,+
2015,42,C,Sedum rupestre L. subsp. rupestre,Petrosedum rupestre (L.) P.V.Heath,+
2015,42,C,Senecio doronicum L. subsp. gerardii (G. et G.) Nyman,Senecio apenninus Tausch,+
2015,42,C,Sesleria nitida Ten.,Sesleria nitida Ten.,2
2015,42,C,Silene italica (L.) Pers. subsp. italica,Silene italica (L.) Pers. subsp. italica,+
2015,42,C,Thymus longicaulis Presl,Thymus longicaulis C.Presl subsp. longicaulis,+
2015,42,C,Thymus sp.,Thymus sp.,+
2015,42,C,Trifolium campestre Schreb.,Trifolium campestre Schreb.,+
2015,42,C,Trifolium montanum L. subsp. rupestre (Ten.) Pignatti,Trifolium montanum L. subsp. rupestre (Ten.) Nyman,1
2015,42,C,Trifolium ochroleucum Huds.,Trifolium ochroleucon Huds.,+
2015,42,C,Trinia glauca (L.) Dumort. subsp. carniolica (Kerner) Wolff,Trinia glauca (L.) Dumort. subsp. carniolica (A.Kern. ex Janch.) H.Wolff,+
2020,42,B,Juniperus communis L.,Juniperus communis L.,+
2020,42,B,Juniperus oxycedrus L. subsp. oxycedrus,Juniperus deltoides R.P.Adams ,1
2020,42,C,Anthyllis vulneraria L. subsp. praepropera (Kerner) Bornm.,Anthyllis vulneraria L. subsp. rubriflora (DC.) Arcang.,+
2020,42,C,Arabis collina Ten.,Arabis collina Ten.,+
2020,42,C,Armeria canescens (Host) Boiss. subsp. canescens,Armeria gracilis Ten. subsp. gracilis,+
2020,42,C,Asperula cynanchica L.,Cynanchica pyrenaica (L.) P.Caputo & Del Guacchio subsp. cynanchica (L.) P.Caputo & Del Guacchio,1
2020,42,C,Astragalus sempervirens Lam. subsp. gussonei Pignatti,Astragalus sempervirens Lam.,+
2020,42,C,Avenula praetutiana (Parl.) Pignatti,"Helictochloa praetutiana (Parl. ex Arcang.) Bartolucci, F.Conti, Peruzzi & Banfi subsp. praetutiana",+
2020,42,C,Brachypodium rupestre (Host) Roem. & Schult.,Brachypodium rupestre (Host) Roem. & Schult.,2
2020,42,C,Bromus erectus Huds.,Bromopsis erecta (Huds.) Fourr.,1
2020,42,C,Bupleurum falcatum L. subsp. cernuum (Ten.) Arcang.,Bupleurum falcatum L. subsp. cernuum (Nyman) Arcang.,+
2020,42,C,Campanula apennina Podlech,Campanula micrantha Bertol.,+
2020,42,C,Carduus nutans L. subsp. nutans,Carduus nutans L. subsp. nutans,1
2020,42,C,Carex caryophyllea La Tourr.,Carex caryophyllea Latourr.,+
2020,42,C,Carex macrolepis DC.,Carex macrolepis DC.,+
2020,42,C,Centaurea triumfettii All.,Centaurea triumfettii All.,+
2020,42,C,Cerastium arvense L. subsp. suffruticosum (L.) Nym.,Cerastium arvense L. subsp. suffruticosum (L.) Ces.,+
2020,42,C,Coronilla minima L.,Coronilla minima L.,1
2020,42,C,Cytisus sessilifolius L.,Cytisophyllum sessilifolium (L.) O.Lang,1
2020,42,C,Dianthus sylvestris Wulfen subsp. garganicus (Grande) Pignatti,Dianthus virgineus L.,+
2020,42,C,Festuca circummediterranea Patzke,Festuca circummediterranea Patzke,1
2020,42,C,Festuca inops De Not.,Festuca inops De Not.,+
2020,42,C,Festuca trachyphylla (Hackel) Krajina,Festuca trachyphylla (Hack.) R.P.Murray,+
2020,42,C,Galium corrudifolium Vill.,Galium corrudifolium Vill.,1
2020,42,C,Gymnadenia conopsea (L.) R.Br.,Gymnadenia conopsea (L.) R.Br.,+
2020,42,C,Helianthemum nummularium (L.) Mill. subsp. obscurum (Čelak.) Holub,Helianthemum nummularium (L.) Mill. subsp. obscurum (Čelak.) Holub,+
2020,42,C,Hieracium cymosum L.,Pilosella cymosa (L.) F.W.Schultz & Sch.Bip. subsp. sabina (Sebast.) H.P.Fuchs,1
2020,42,C,Hieracium pilosella L.,Pilosella officinarum F.W.Schultz & Sch.Bip.,+
2020,42,C,Hieracium gruppo murorum L.,Hieracium murorum L. s.l.,+
2020,42,C,Knautia purpurea (Vill.) Borbás,Knautia calycina (C.Presl) Guss.,+
2020,42,C,Koeleria splendens Presl,Koeleria splendens C.Presl,1
2020,42,C,Leontodon hispidus,Leontodon hispidus L. subsp. hispidus,1
2020,42,C,Leucanthemum vulgare Lam. var. vulgare,Leucanthemum vulgare (Vaill.) Lam. subsp. vulgare,+
2020,42,C,Linum catharticum L. subsp. catharticum,Linum catharticum L. subsp. catharticum,+
2020,42,C,Lotus corniculatus L.,Lotus corniculatus L. subsp. corniculatus,1
2020,42,C,Onobrychis viciifolia Scop.,Onobrychis viciifolia Scop.,+
2020,42,C,Plantago argentea Chaix,Plantago argentea Chaix subsp. argentea,+
2020,42,C,Polygala nicaeensis Risso subsp. mediterranea Chodat,Polygala nicaeensis Risso ex W.D.J.Koch subsp. mediterranea Chodat,+
2020,42,C,Primula veris L. subsp. columnae (Ten.) Ludi,Primula veris L. subsp. columnae (Ten.) Maire & Petitm.,1
2020,42,C,Rumex scutatus L.,Rumex scutatus L. subsp. scutatus,+
2020,42,C,Sedum rupestre L. subsp. rupestre,Petrosedum rupestre (L.) P.V.Heath,+
2020,42,C,Senecio doronicum L. subsp. gerardii (G. et G.) Nyman,Senecio apenninus Tausch,+
2020,42,C,Sesleria nitida Ten.,Sesleria nitida Ten.,4
2020,42,C,Silene italica (L.) Pers. subsp. italica,Silene italica (L.) Pers. subsp. italica,+
2020,42,C,Teucrium chamaedrys L.,Teucrium chamaedrys L. subsp. chamaedrys,+
2020,42,C,Thymus longicaulis Presl,Thymus longicaulis C.Presl subsp. longicaulis,1
2020,42,C,Trifolium ochroleucum Huds.,Trifolium ochroleucon Huds.,1
2020,42,C,Trifolium pratense L. subsp. pratense,Trifolium pratense L. subsp. pratense,+
2020,42,C,Trinia glauca (L.) Dumort. subsp. carniolica (Kerner) Wolff,Trinia glauca (L.) Dumort. subsp. carniolica (A.Kern. ex Janch.) H.Wolff,+
2024,42,B,Juniperus communis L.,Juniperus communis L.,+
2024,42,B,Juniperus oxycedrus L. subsp. oxycedrus,Juniperus deltoides R.P.Adams ,+
2024,42,C,Anthyllis vulneraria L. subsp. praepropera (Kerner) Bornm.,Anthyllis vulneraria L. subsp. rubriflora (DC.) Arcang.,+
2024,42,C,Armeria canescens (Host) Boiss. subsp. canescens,Armeria gracilis Ten. subsp. gracilis,+
2024,42,C,Asperula cynanchica L.,Cynanchica pyrenaica (L.) P.Caputo & Del Guacchio subsp. cynanchica (L.) P.Caputo & Del Guacchio,+
2024,42,C,Astragalus sempervirens Lam. subsp. gussonei Pignatti,Astragalus sempervirens Lam.,+
2024,42,C,Avenula praetutiana (Parl.) Pignatti,"Helictochloa praetutiana (Parl. ex Arcang.) Bartolucci, F.Conti, Peruzzi & Banfi subsp. praetutiana",+
2024,42,C,Brachypodium rupestre (Host) Roem. & Schult.,Brachypodium rupestre (Host) Roem. & Schult.,2
2024,42,C,Bromus erectus Huds.,Bromopsis erecta (Huds.) Fourr.,1
2024,42,C,Campanula apennina Podlech,Campanula micrantha Bertol.,+
2024,42,C,Carduus nutans L. subsp. nutans,Carduus nutans L. subsp. nutans,1
2024,42,C,Carex caryophyllea La Tourr.,Carex caryophyllea Latourr.,+
2024,42,C,Carex macrolepis DC.,Carex macrolepis DC.,+
2024,42,C,Cerastium arvense L. subsp. suffruticosum (L.) Nym.,Cerastium arvense L. subsp. suffruticosum (L.) Ces.,+
2024,42,C,Coronilla minima L.,Coronilla minima L.,+
2024,42,C,Cytisus sessilifolius L.,Cytisophyllum sessilifolium (L.) O.Lang,1
2024,42,C,Dianthus sylvestris Wulfen subsp. garganicus (Grande) Pignatti,Dianthus virgineus L.,+
2024,42,C,Erysimum pseudorhaeticum Polatschek,Erysimum pseudorhaeticum Polatschek,+
2024,42,C,Festuca circummediterranea Patzke,Festuca circummediterranea Patzke,+
2024,42,C,Festuca inops De Not.,Festuca inops De Not.,+
2024,42,C,Galium corrudifolium Vill.,Galium corrudifolium Vill.,+
2024,42,C,Gymnadenia conopsea (L.) R.Br.,Gymnadenia conopsea (L.) R.Br.,+
2024,42,C,Helianthemum nummularium (L.) Mill. subsp. obscurum (Čelak.) Holub,Helianthemum nummularium (L.) Mill. subsp. obscurum (Čelak.) Holub,+
2024,42,C,Hieracium cymosum L.,Pilosella cymosa (L.) F.W.Schultz & Sch.Bip. subsp. sabina (Sebast.) H.P.Fuchs,+
2024,42,C,Hieracium pilosella L.,Pilosella officinarum F.W.Schultz & Sch.Bip.,+
2024,42,C,Hieracium gruppo murorum L.,Hieracium murorum L. s.l.,+
2024,42,C,Knautia purpurea (Vill.) Borbás,Knautia calycina (C.Presl) Guss.,+
2024,42,C,Koeleria splendens Presl,Koeleria splendens C.Presl,+
2024,42,C,Lathyrus sylvestris L.,Lathyrus sylvestris L. subsp. sylvestris,+
2024,42,C,Leontodon hispidus,Leontodon hispidus L. subsp. hispidus,+
2024,42,C,Leucanthemum vulgare Lam. var. vulgare,Leucanthemum vulgare (Vaill.) Lam. subsp. vulgare,1
2024,42,C,Lotus corniculatus L.,Lotus corniculatus L. subsp. corniculatus,1
2024,42,C,Onobrychis viciifolia Scop.,Onobrychis viciifolia Scop.,+
2024,42,C,Phleum ambiguum Ten.,Phleum hirsutum Honck. subsp. ambiguum (Ten.) Cif. & Giacom.,+
2024,42,C,Polygala nicaeensis Risso subsp. mediterranea Chodat,Polygala nicaeensis Risso ex W.D.J.Koch subsp. mediterranea Chodat,+
2024,42,C,Primula veris L. subsp. columnae (Ten.) Ludi,Primula veris L. subsp. columnae (Ten.) Maire & Petitm.,1
2024,42,C,Rumex scutatus L.,Rumex scutatus L. subsp. scutatus,+
2024,42,C,Sedum rupestre L. subsp. rupestre,Petrosedum rupestre (L.) P.V.Heath,+
2024,42,C,Senecio doronicum L. subsp. gerardii (G. et G.) Nyman,Senecio apenninus Tausch,1
2024,42,C,Sesleria nitida Ten.,Sesleria nitida Ten.,4
2024,42,C,Silene italica (L.) Pers. subsp. italica,Silene italica (L.) Pers. subsp. italica,+
2024,42,C,Sorbus aria (L.) Crantz,Sorbus aria (L.) Crantz,+
2024,42,C,Teucrium chamaedrys L.,Teucrium chamaedrys L. subsp. chamaedrys,+
2024,42,C,Thymus longicaulis Presl,Thymus longicaulis C.Presl subsp. longicaulis,+
2024,42,C,Trifolium ochroleucum Huds.,Trifolium ochroleucon Huds.,1
2024,42,C,Trinia glauca (L.) Dumort. subsp. carniolica (Kerner) Wolff,Trinia glauca (L.) Dumort. subsp. carniolica (A.Kern. ex Janch.) H.Wolff,+
2002,43,C,Acer obtusatum Waldst. & Kit.,Acer opalus Mill. subsp. obtusatum (Waldst. & Kit. ex Willd.) Gams,p
2002,43,C,Acer pseudoplatanus L.,Acer pseudoplatanus L.,p
2002,43,C,Brachypodium sylvaticum (Huds.) Beauv.,Brachypodium sylvaticum (Huds.) P.Beauv. subsp. sylvaticum,p
2002,43,C,Cephalanthera damasonium (Mill.) Druce,Cephalanthera damasonium (Mill.) Druce,p
2002,43,C,Chaerophyllum temulum L.,Chaerophyllum temulum L.,p
2002,43,C,Corylus avellana L.,Corylus avellana L.,p
2002,43,C,Daphne laureola L.,Daphne laureola L.,p
2002,43,C,Epipactis helleborine (L.) Crantz,Epipactis helleborine (L.) Crantz,p
2002,43,C,Fagus sylvatica L.,Fagus sylvatica L. subsp. sylvatica,p
2002,43,C,Festuca heterophylla Lam.,Festuca heterophylla Lam.,p
2002,43,C,Galium aparine L.,Galium aparine L.,p
2002,43,C,Hedera helix L. subsp. helix,Hedera helix L. subsp. helix,p
2002,43,C,Mycelis muralis (L.) Dumort.,Mycelis muralis (L.) Dumort. subsp. muralis,p
2002,43,C,Rosa canina L.,Rosa canina L.,p
2002,43,C,Rubus hirtus W. et K.,Rubus hirtus Waldst. & Kit. group,p
2002,43,C,Sanicula europaea L.,Sanicula europaea L.,p
2002,43,C,Viola odorata L.,Viola odorata L.,p
2003,43,C,Acer campestre L.,Acer campestre L.,p
2003,43,C,Acer obtusatum Waldst. & Kit.,Acer opalus Mill. subsp. obtusatum (Waldst. & Kit. ex Willd.) Gams,p
2003,43,C,Brachypodium sylvaticum (Huds.) Beauv.,Brachypodium sylvaticum (Huds.) P.Beauv. subsp. sylvaticum,p
2003,43,C,Chaerophyllum aureum L.,Chaerophyllum aureum L.,p
2003,43,C,Corylus avellana L.,Corylus avellana L.,p
2003,43,C,Daphne laureola L.,Daphne laureola L.,p
2003,43,C,Fagus sylvatica L.,Fagus sylvatica L. subsp. sylvatica,p
2003,43,C,Galium odoratum (L.) Scop.,Galium odoratum (L.) Scop.,p
2003,43,C,Hedera helix L. subsp. helix,Hedera helix L. subsp. helix,p
2003,43,C,Melica uniflora Retz.,Melica uniflora Retz.,p
2003,43,C,Melittis melissophyllum L.,Melittis melissophyllum L. subsp. melissophyllum,p
2003,43,C,Mycelis muralis (L.) Dumort.,Mycelis muralis (L.) Dumort. subsp. muralis,p
2003,43,C,Rubus hirtus W. et K.,Rubus hirtus Waldst. & Kit. group,p
2003,43,C,Sambucus ebulus L.,Sambucus ebulus L.,p
2003,43,C,Sanicula europaea L.,Sanicula europaea L.,p
2003,43,C,Sorbus aria (L.) Crantz,Sorbus aria (L.) Crantz,p
2003,43,C,Urtica dioica L.,Urtica dioica L.,p
2003,43,C,Viola odorata L.,Viola odorata L.,p
2015,43,A,Acer obtusatum Waldst. & Kit.,Acer opalus Mill. subsp. obtusatum (Waldst. & Kit. ex Willd.) Gams,2
2015,43,A,Fagus sylvatica L.,Fagus sylvatica L. subsp. sylvatica,4
2015,43,B,Acer pseudoplatanus L.,Acer pseudoplatanus L.,+
2015,43,B,Crataegus oxyacantha L.,Crataegus laevigata (Poir.) DC.,1
2015,43,B,Ilex aquifolium L.,Ilex aquifolium L.,1
2015,43,B,Rosa obtusifolia Desv.,Rosa balsamica Besser,+
2015,43,C,Acer campestre L.,Acer campestre L.,+
2015,43,C,Acer obtusatum Waldst. & Kit.,Acer opalus Mill. subsp. obtusatum (Waldst. & Kit. ex Willd.) Gams,+
2015,43,C,Acer platanoides L.,Acer platanoides L.,+
2015,43,C,Brachypodium sylvaticum (Huds.) Beauv.,Brachypodium sylvaticum (Huds.) P.Beauv. subsp. sylvaticum,+
2015,43,C,Campanula apennina Podlech,Campanula micrantha Bertol.,+
2015,43,C,Campanula trachelium L.,Campanula trachelium L. subsp. trachelium,+
2015,43,C,Cardamine bulbifera (L.) Crantz,Cardamine bulbifera (L.) Crantz,+
2015,43,C,Cephalanthera damasonium (Mill.) Druce,Cephalanthera damasonium (Mill.) Druce,+
2015,43,C,Chaerophyllum temulum L.,Chaerophyllum temulum L.,+
2015,43,C,Corylus avellana L.,Corylus avellana L.,+
2015,43,C,Daphne laureola L.,Daphne laureola L.,+
2015,43,C,Digitalis micrantha Roth,Digitalis micrantha Roth ex Schweigg.,+
2015,43,C,Epipactis helleborine (L.) Crantz,Epipactis helleborine (L.) Crantz,+
2015,43,C,Fagus sylvatica L.,Fagus sylvatica L. subsp. sylvatica,+
2015,43,C,Fragaria vesca L.,Fragaria vesca L. subsp. vesca,+
2015,43,C,Galium aparine L.,Galium aparine L.,+
2015,43,C,Galium odoratum (L.) Scop.,Galium odoratum (L.) Scop.,+
2015,43,C,Geum urbanum L.,Geum urbanum L.,+
2015,43,C,Hedera helix L. subsp. helix,Hedera helix L. subsp. helix,1
2015,43,C,Helleborus bocconei Ten. subsp. bocconei,Helleborus viridis L. subsp. bocconei (Ten.) Peruzzi,+
2015,43,C,Helleborus foetidus L.,Helleborus foetidus L. subsp. foetidus,+
2015,43,C,Lamium maculatum L.,Lamium maculatum L.,+
2015,43,C,Melica uniflora Retz.,Melica uniflora Retz.,1
2015,43,C,Mycelis muralis (L.) Dumort.,Mycelis muralis (L.) Dumort. subsp. muralis,+
2015,43,C,Ranunculus lanuginosus L.,Ranunculus lanuginosus L.,+
2015,43,C,Rubus hirtus W. et K.,Rubus hirtus Waldst. & Kit. group,1
2015,43,C,Ruscus hypoglossum L.,Ruscus hypoglossum L.,+
2015,43,C,Sanicula europaea L.,Sanicula europaea L.,+
2015,43,C,Viola reichenbachiana Jord. ex Boreau,Viola reichenbachiana Jord. ex Boreau,+
2020,43,A,Acer obtusatum Waldst. & Kit.,Acer opalus Mill. subsp. obtusatum (Waldst. & Kit. ex Willd.) Gams,3
2020,43,A,Fagus sylvatica L.,Fagus sylvatica L. subsp. sylvatica,5
2020,43,A,Ilex aquifolium L.,Ilex aquifolium L.,1
2020,43,B,Crataegus oxyacantha L.,Crataegus laevigata (Poir.) DC.,1
2020,43,B,Daphne laureola L.,Daphne laureola L.,+
2020,43,B,Fagus sylvatica L.,Fagus sylvatica L. subsp. sylvatica,+
2020,43,B,Hedera helix L. subsp. helix,Hedera helix L. subsp. helix,+
2020,43,C,Acer obtusatum Waldst. & Kit.,Acer opalus Mill. subsp. obtusatum (Waldst. & Kit. ex Willd.) Gams,1
2020,43,C,Acer pseudoplatanus L.,Acer pseudoplatanus L.,+
2020,43,C,Brachypodium sylvaticum (Huds.) Beauv.,Brachypodium sylvaticum (Huds.) P.Beauv. subsp. sylvaticum,2
2020,43,C,Campanula apennina Podlech,Campanula micrantha Bertol.,+
2020,43,C,Cardamine bulbifera (L.) Crantz,Cardamine bulbifera (L.) Crantz,+
2020,43,C,Cephalanthera damasonium (Mill.) Druce,Cephalanthera damasonium (Mill.) Druce,+
2020,43,C,Corylus avellana L.,Corylus avellana L.,+
2020,43,C,Epipactis helleborine (L.) Crantz,Epipactis helleborine (L.) Crantz,+
2020,43,C,Fagus sylvatica L.,Fagus sylvatica L. subsp. sylvatica,+
2020,43,C,Galium aparine L.,Galium aparine L.,+
2020,43,C,Galium odoratum (L.) Scop.,Galium odoratum (L.) Scop.,+
2020,43,C,Geranium robertianum L.,Geranium robertianum L.,+
2020,43,C,Hedera helix L. subsp. helix,Hedera helix L. subsp. helix,+
2020,43,C,Helleborus bocconei Ten. subsp. bocconei,Helleborus viridis L. subsp. bocconei (Ten.) Peruzzi,+
2020,43,C,Helleborus foetidus L.,Helleborus foetidus L. subsp. foetidus,+
2020,43,C,Lamium maculatum L.,Lamium maculatum L.,+
2020,43,C,Lathyrus pratensis L.,Lathyrus pratensis L. subsp. pratensis,+
2020,43,C,Luzula sylvatica (Huds.) Gaudin,Luzula sylvatica (Huds.) Gaudin subsp. sylvatica,+
2020,43,C,Mycelis muralis (L.) Dumort.,Mycelis muralis (L.) Dumort. subsp. muralis,+
2020,43,C,Rosa obtusifolia Desv.,Rosa balsamica Besser,+
2020,43,C,Rubus hirtus W. et K.,Rubus hirtus Waldst. & Kit. group,1
2020,43,C,Sanicula europaea L.,Sanicula europaea L.,+
2020,43,C,Sesleria nitida Ten.,Sesleria nitida Ten.,1
2020,43,C,Viola reichenbachiana Jord. ex Boreau,Viola reichenbachiana Jord. ex Boreau,+
2024,43,A,Acer obtusatum Waldst. & Kit.,Acer opalus Mill. subsp. obtusatum (Waldst. & Kit. ex Willd.) Gams,2
2024,43,A,Fagus sylvatica L.,Fagus sylvatica L. subsp. sylvatica,5
2024,43,A,Ilex aquifolium L.,Ilex aquifolium L.,2
2024,43,B,Crataegus oxyacantha L.,Crataegus laevigata (Poir.) DC.,1
2024,43,B,Daphne laureola L.,Daphne laureola L.,+
2024,43,B,Fagus sylvatica L.,Fagus sylvatica L. subsp. sylvatica,1
2024,43,C,Acer obtusatum Waldst. & Kit.,Acer opalus Mill. subsp. obtusatum (Waldst. & Kit. ex Willd.) Gams,+
2024,43,C,Acer pseudoplatanus L.,Acer pseudoplatanus L.,+
2024,43,C,Alliaria petiolata (Bieb.) Cavara & Grande,Alliaria petiolata (M.Bieb.) Cavara & Grande,+
2024,43,C,Brachypodium sylvaticum (Huds.) Beauv.,Brachypodium sylvaticum (Huds.) P.Beauv. subsp. sylvaticum,+
2024,43,C,Cardamine bulbifera (L.) Crantz,Cardamine bulbifera (L.) Crantz,1
2024,43,C,Cephalanthera damasonium (Mill.) Druce,Cephalanthera damasonium (Mill.) Druce,+
2024,43,C,Chaerophyllum temulum L.,Chaerophyllum temulum L.,+
2024,43,C,Clematis vitalba L.,Clematis vitalba L.,+
2024,43,C,Fagus sylvatica L.,Fagus sylvatica L. subsp. sylvatica,+
2024,43,C,Galium odoratum (L.) Scop.,Galium odoratum (L.) Scop.,+
2024,43,C,Hedera helix L. subsp. helix,Hedera helix L. subsp. helix,1
2024,43,C,Helleborus bocconei Ten. subsp. bocconei,Helleborus viridis L. subsp. bocconei (Ten.) Peruzzi,+
2024,43,C,Lapsana communis L.,Lapsana communis L.,+
2024,43,C,Mycelis muralis (L.) Dumort.,Mycelis muralis (L.) Dumort. subsp. muralis,1
2024,43,C,Ranunculus lanuginosus L.,Ranunculus lanuginosus L.,+
2024,43,C,Sesleria nitida Ten.,Sesleria nitida Ten.,1
2024,43,C,Smyrnium perfoliatum L.,Smyrnium perfoliatum L. subsp. perfoliatum,+
2002,44,C,Acer obtusatum Waldst. & Kit.,Acer opalus Mill. subsp. obtusatum (Waldst. & Kit. ex Willd.) Gams,p
2002,44,C,Acer platanoides L.,Acer platanoides L.,p
2002,44,C,Arenaria serpyllifolia L.,Arenaria serpyllifolia L. subsp. serpyllifolia,p
2002,44,C,Brachypodium rupestre (Host) Roem. & Schult. subsp. rupestre,Brachypodium rupestre (Host) Roem. & Schult.,p
2002,44,C,Brachypodium sylvaticum (Huds.) Beauv.,Brachypodium sylvaticum (Huds.) P.Beauv. subsp. sylvaticum,p
2002,44,C,Campanula glomerata L.,Campanula glomerata L.,p
2002,44,C,Cardamine bulbifera (L.) Crantz,Cardamine bulbifera (L.) Crantz,p
2002,44,C,Chaerophyllum temulum L.,Chaerophyllum temulum L.,p
2002,44,C,Daphne laureola L.,Daphne laureola L.,p
2002,44,C,Doronicum columnae Ten.,Doronicum columnae Ten.,p
2002,44,C,Epipactis helleborine (L.) Crantz,Epipactis helleborine (L.) Crantz,p
2002,44,C,Fagus sylvatica L.,Fagus sylvatica L. subsp. sylvatica,p
2002,44,C,Festuca heterophylla Lam.,Festuca heterophylla Lam.,p
2002,44,C,Galium aparine L.,Galium aparine L.,p
2002,44,C,Galium odoratum (L.) Scop.,Galium odoratum (L.) Scop.,p
2002,44,C,Geum urbanum L.,Geum urbanum L.,p
2002,44,C,Helleborus bocconei Ten. subsp. bocconei,Helleborus viridis L. subsp. bocconei (Ten.) Peruzzi,p
2002,44,C,Luzula sylvatica (Huds.) Gaudin,Luzula sylvatica (Huds.) Gaudin subsp. sylvatica,p
2002,44,C,Mycelis muralis (L.) Dumort.,Mycelis muralis (L.) Dumort. subsp. muralis,p
2002,44,C,Myosotis sylvatica Hoffm. subsp. sylvatica,Myosotis sylvatica Hoffm. subsp. sylvatica,p
2002,44,C,Primula veris L. subsp. columnae (Ten.) Ludi,Primula veris L. subsp. columnae (Ten.) Maire & Petitm.,p
2002,44,C,Sanicula europaea L.,Sanicula europaea L.,p
2002,44,C,Senecio doronicum L. subsp. doronicum,Senecio doronicum (L.) L. subsp. doronicum,p
2002,44,C,Sesleria nitida Ten.,Sesleria nitida Ten.,p
2002,44,C,Stellaria media (L.) Vill. subsp. media,Stellaria media (L.) Vill.,p
2002,44,C,Viola alba Besser subsp. dehnhardtii (Ten.) W. Becker,Viola alba Besser subsp. dehnhardtii (Ten.) W.Becker,p
2002,44,C,Viola reichenbachiana Jord. ex Boreau,Viola reichenbachiana Jord. ex Boreau,p
2003,44,C,Acer obtusatum Waldst. & Kit.,Acer opalus Mill. subsp. obtusatum (Waldst. & Kit. ex Willd.) Gams,p
2003,44,C,Brachypodium rupestre (Host) Roem. & Schult. subsp. rupestre,Brachypodium rupestre (Host) Roem. & Schult.,p
2003,44,C,Bromus erectus Huds.,Bromopsis erecta (Huds.) Fourr.,p
2003,44,C,Cephalanthera damasonium (Mill.) Druce,Cephalanthera damasonium (Mill.) Druce,p
2003,44,C,Chaerophyllum temulum L.,Chaerophyllum temulum L.,p
2003,44,C,Crataegus monogyna Jacq. subsp. monogyna,Crataegus monogyna Jacq.,p
2003,44,C,Cytisus sessilifolius L.,Cytisophyllum sessilifolium (L.) O.Lang,p
2003,44,C,Daphne laureola L.,Daphne laureola L.,p
2003,44,C,Fagus sylvatica L.,Fagus sylvatica L. subsp. sylvatica,p
2003,44,C,Festuca circummediterranea Patzke,Festuca circummediterranea Patzke,p
2003,44,C,Geum urbanum L.,Geum urbanum L.,p
2003,44,C,Hedera helix L. subsp. helix,Hedera helix L. subsp. helix,p
2003,44,C,Helleborus bocconei Ten. subsp. bocconei,Helleborus viridis L. subsp. bocconei (Ten.) Peruzzi,p
2003,44,C,Ilex aquifolium L.,Ilex aquifolium L.,p
2003,44,C,Lamium maculatum L.,Lamium maculatum L.,p
2003,44,C,Melica uniflora Retz.,Melica uniflora Retz.,p
2003,44,C,Rosa canina L.,Rosa canina L.,p
2003,44,C,Rubus hirtus W. et K.,Rubus hirtus Waldst. & Kit. group,p
2003,44,C,Rubus canescens DC.,Rubus canescens DC.,p
2003,44,C,Sesleria nitida Ten.,Sesleria nitida Ten.,p
2003,44,C,Sorbus aria (L.) Crantz,Sorbus aria (L.) Crantz,p
2003,44,C,Viola alba Besser subsp. dehnhardtii (Ten.) W. Becker,Viola alba Besser subsp. dehnhardtii (Ten.) W.Becker,p
2003,44,C,Viola reichenbachiana Jord. ex Boreau,Viola reichenbachiana Jord. ex Boreau,p
2015,44,A,Fagus sylvatica L.,Fagus sylvatica L. subsp. sylvatica,5
2015,44,B,Fagus sylvatica L.,Fagus sylvatica L. subsp. sylvatica,1
2015,44,B,Sorbus aria (L.) Crantz,Sorbus aria (L.) Crantz,1
2015,44,C,Acer obtusatum Waldst. & Kit.,Acer opalus Mill. subsp. obtusatum (Waldst. & Kit. ex Willd.) Gams,+
2015,44,C,Brachypodium sylvaticum (Huds.) Beauv.,Brachypodium sylvaticum (Huds.) P.Beauv. subsp. sylvaticum,+
2015,44,C,Campanula trachelium L.,Campanula trachelium L. subsp. trachelium,1
2015,44,C,Cephalanthera damasonium (Mill.) Druce,Cephalanthera damasonium (Mill.) Druce,+
2015,44,C,Chaerophyllum temulum L.,Chaerophyllum temulum L.,+
2015,44,C,Clematis vitalba L.,Clematis vitalba L.,+
2015,44,C,Daphne laureola L.,Daphne laureola L.,+
2015,44,C,Digitalis micrantha Roth,Digitalis micrantha Roth ex Schweigg.,+
2015,44,C,Fragaria vesca L.,Fragaria vesca L. subsp. vesca,+
2015,44,C,Galium odoratum (L.) Scop.,Galium odoratum (L.) Scop.,1
2015,44,C,Geranium robertianum L.,Geranium robertianum L.,+
2015,44,C,Hedera helix L. subsp. helix,Hedera helix L. subsp. helix,+
2015,44,C,Helleborus bocconei Ten. subsp. bocconei,Helleborus viridis L. subsp. bocconei (Ten.) Peruzzi,+
2015,44,C,Hesperis laciniata All.,Hesperis laciniata All. subsp. laciniata,+
2015,44,C,Hypericum montanum,Hypericum montanum L.,+
2015,44,C,Hypericum perforatum L. subsp. angustifolium (DC.) Gaudin,Hypericum perforatum L. subsp. veronense (Schrank) Ces.,+
2015,44,C,Lamium maculatum L.,Lamium maculatum L.,+
2015,44,C,Melica uniflora Retz.,Melica uniflora Retz.,+
2015,44,C,Mercurialis perennis L.,Mercurialis perennis L.,+
2015,44,C,Mycelis muralis (L.) Dumort.,Mycelis muralis (L.) Dumort. subsp. muralis,1
2015,44,C,Ranunculus lanuginosus L.,Ranunculus lanuginosus L.,+
2015,44,C,Rubus hirtus W. et K.,Rubus hirtus Waldst. & Kit. group,1
2015,44,C,Ruscus hypoglossum L.,Ruscus hypoglossum L.,+
2015,44,C,Sanicula europaea L.,Sanicula europaea L.,+
2015,44,C,Saxifraga rotundifolia L.,Saxifraga rotundifolia L. subsp. rotundifolia,+
2015,44,C,Sorbus aria (L.) Crantz,Sorbus aria (L.) Crantz,+
2015,44,C,Tamus communis L.,Dioscorea communis (L.) Caddick & Wilkin,+
2015,44,C,Viola alba Besser subsp. dehnhardtii (Ten.) W. Becker,Viola alba Besser subsp. dehnhardtii (Ten.) W.Becker,1
2015,44,C,Viola reichenbachiana Jord. ex Boreau,Viola reichenbachiana Jord. ex Boreau,+
2020,44,A,Fagus sylvatica L.,Fagus sylvatica L. subsp. sylvatica,4
2020,44,A,Hedera helix L. subsp. helix,Hedera helix L. subsp. helix,1
2020,44,A,Sorbus aria (L.) Crantz,Sorbus aria (L.) Crantz,2
2020,44,B,Daphne laureola L.,Daphne laureola L.,+
2020,44,B,Fagus sylvatica L.,Fagus sylvatica L. subsp. sylvatica,1
2020,44,B,Hedera helix L. subsp. helix,Hedera helix L. subsp. helix,+
2020,44,B,Sorbus aria (L.) Crantz,Sorbus aria (L.) Crantz,+
2020,44,C,Acer obtusatum Waldst. & Kit.,Acer opalus Mill. subsp. obtusatum (Waldst. & Kit. ex Willd.) Gams,1
2020,44,C,Arabis turrita L.,Pseudoturritis turrita (L.) Al-Shehbaz,+
2020,44,C,Arctium nemorosum Lej. et Court.,Arctium nemorosum Lej.,+
2020,44,C,Brachypodium sylvaticum (Huds.) Beauv.,Brachypodium sylvaticum (Huds.) P.Beauv. subsp. sylvaticum,+
2020,44,C,Campanula trachelium L.,Campanula trachelium L. subsp. trachelium,+
2020,44,C,Cardamine hirsuta L.,Cardamine hirsuta L.,+
2020,44,C,Cephalanthera damasonium (Mill.) Druce,Cephalanthera damasonium (Mill.) Druce,+
2020,44,C,Chaerophyllum temulum L.,Chaerophyllum temulum L.,+
2020,44,C,Daphne laureola L.,Daphne laureola L.,1
2020,44,C,Digitalis micrantha Roth,Digitalis micrantha Roth ex Schweigg.,1
2020,44,C,Epilobium montanum L.,Epilobium montanum L.,+
2020,44,C,Fagus sylvatica L.,Fagus sylvatica L. subsp. sylvatica,+
2020,44,C,Festuca heterophylla Lam.,Festuca heterophylla Lam.,+
2020,44,C,Fragaria vesca L.,Fragaria vesca L. subsp. vesca,2
2020,44,C,Fraxinus ornus L.,Fraxinus ornus L. subsp. ornus,+
2020,44,C,Galium odoratum (L.) Scop.,Galium odoratum (L.) Scop.,+
2020,44,C,Hedera helix L. subsp. helix,Hedera helix L. subsp. helix,1
2020,44,C,Helleborus bocconei Ten. subsp. bocconei,Helleborus viridis L. subsp. bocconei (Ten.) Peruzzi,+
2020,44,C,Hypericum montanum,Hypericum montanum L.,+
2020,44,C,Ilex aquifolium L.,Ilex aquifolium L.,+
2020,44,C,Lamium maculatum L.,Lamium maculatum L.,+
2020,44,C,Luzula forsteri (Sm.) DC.,Luzula forsteri (Sm.) DC.,+
2020,44,C,Luzula sylvatica (Huds.) Gaudin,Luzula sylvatica (Huds.) Gaudin subsp. sylvatica,+
2020,44,C,Mercurialis perennis L.,Mercurialis perennis L.,+
2020,44,C,Milium vernale Bieb.,Milium vernale M.Bieb.,+
2020,44,C,Mycelis muralis (L.) Dumort.,Mycelis muralis (L.) Dumort. subsp. muralis,+
2020,44,C,Primula veris L. subsp. columnae (Ten.) Ludi,Primula veris L. subsp. columnae (Ten.) Maire & Petitm.,+
2020,44,C,Rosa canina L.,Rosa canina L.,+
2020,44,C,Rubus hirtus W. et K.,Rubus hirtus Waldst. & Kit. group,+
2020,44,C,Sanicula europaea L.,Sanicula europaea L.,2
2020,44,C,Saxifraga rotundifolia L.,Saxifraga rotundifolia L. subsp. rotundifolia,+
2020,44,C,Silene italica (L.) Pers. subsp. italica,Silene italica (L.) Pers. subsp. italica,+
2020,44,C,Stellaria media (L.) Vill. subsp. media,Stellaria media (L.) Vill.,+
2020,44,C,Trifolium pratense L. subsp. pratense,Trifolium pratense L. subsp. pratense,+
2020,44,C,Vicia tenuifolia Roth,Vicia tenuifolia Roth subsp. tenuifolia,+
2020,44,C,Viola alba Besser subsp. dehnhardtii (Ten.) W. Becker,Viola alba Besser subsp. dehnhardtii (Ten.) W.Becker,+
2020,44,C,Viola reichenbachiana Jord. ex Boreau,Viola reichenbachiana Jord. ex Boreau,+
2024,44,A,Fagus sylvatica L.,Fagus sylvatica L. subsp. sylvatica,4
2024,44,A,Hedera helix L. subsp. helix,Hedera helix L. subsp. helix,1
2024,44,A,Sorbus aria (L.) Crantz,Sorbus aria (L.) Crantz,1
2024,44,B,Daphne laureola L.,Daphne laureola L.,+
2024,44,B,Fagus sylvatica L.,Fagus sylvatica L. subsp. sylvatica,1
2024,44,B,Hedera helix L. subsp. helix,Hedera helix L. subsp. helix,+
2024,44,B,Sorbus aria (L.) Crantz,Sorbus aria (L.) Crantz,+
2024,44,C,Acer obtusatum Waldst. & Kit.,Acer opalus Mill. subsp. obtusatum (Waldst. & Kit. ex Willd.) Gams,2
2024,44,C,Arctium nemorosum Lej. et Court.,Arctium nemorosum Lej.,+
2024,44,C,Brachypodium sylvaticum (Huds.) Beauv.,Brachypodium sylvaticum (Huds.) P.Beauv. subsp. sylvaticum,+
2024,44,C,Campanula trachelium L.,Campanula trachelium L. subsp. trachelium,+
2024,44,C,Cardamine bulbifera (L.) Crantz,Cardamine bulbifera (L.) Crantz,+
2024,44,C,Cephalanthera damasonium (Mill.) Druce,Cephalanthera damasonium (Mill.) Druce,+
2024,44,C,Chaerophyllum temulum L.,Chaerophyllum temulum L.,+
2024,44,C,Daphne laureola L.,Daphne laureola L.,1
2024,44,C,Digitalis micrantha Roth,Digitalis micrantha Roth ex Schweigg.,1
2024,44,C,Epipactis helleborine (L.) Crantz,Epipactis helleborine (L.) Crantz,+
2024,44,C,Fagus sylvatica L.,Fagus sylvatica L. subsp. sylvatica,+
2024,44,C,Festuca heterophylla Lam.,Festuca heterophylla Lam.,+
2024,44,C,Fragaria vesca L.,Fragaria vesca L. subsp. vesca,1
2024,44,C,Fraxinus ornus L.,Fraxinus ornus L. subsp. ornus,+
2024,44,C,Galium odoratum (L.) Scop.,Galium odoratum (L.) Scop.,+
2024,44,C,Hedera helix L. subsp. helix,Hedera helix L. subsp. helix,1
2024,44,C,Helleborus bocconei Ten. subsp. bocconei,Helleborus viridis L. subsp. bocconei (Ten.) Peruzzi,+
2024,44,C,Hypericum montanum,Hypericum montanum L.,+
2024,44,C,Ilex aquifolium L.,Ilex aquifolium L.,+
2024,44,C,Lamium maculatum L.,Lamium maculatum L.,+
2024,44,C,Lapsana communis L.,Lapsana communis L.,+
2024,44,C,Luzula sylvatica (Huds.) Gaudin,Luzula sylvatica (Huds.) Gaudin subsp. sylvatica,+
2024,44,C,Mercurialis perennis L.,Mercurialis perennis L.,2
2024,44,C,Milium vernale Bieb.,Milium vernale M.Bieb.,+
2024,44,C,Mycelis muralis (L.) Dumort.,Mycelis muralis (L.) Dumort. subsp. muralis,1
2024,44,C,Neottia nidus-avis (L.) L.C.Rich.,Neottia nidus-avis (L.) Rich.,+
2024,44,C,Rubus hirtus W. et K.,Rubus hirtus Waldst. & Kit. group,+
2024,44,C,Sanicula europaea L.,Sanicula europaea L.,1
2024,44,C,Saxifraga rotundifolia L.,Saxifraga rotundifolia L. subsp. rotundifolia,1
2024,44,C,Stellaria media (L.) Vill. subsp. media,Stellaria media (L.) Vill.,+
2024,44,C,Vicia tenuifolia Roth,Vicia tenuifolia Roth subsp. tenuifolia,+
2024,44,C,Viola reichenbachiana Jord. ex Boreau,Viola reichenbachiana Jord. ex Boreau,+
2002,49,C,Acer obtusatum Waldst. & Kit.,Acer opalus Mill. subsp. obtusatum (Waldst. & Kit. ex Willd.) Gams,p
2002,49,C,Cephalanthera damasonium (Mill.) Druce,Cephalanthera damasonium (Mill.) Druce,p
2002,49,C,Daphne laureola L.,Daphne laureola L.,p
2002,49,C,Euonymus latifolius (L.) Mill.,Euonymus latifolius (L.) Mill. subsp. latifolius,p
2002,49,C,Fagus sylvatica L.,Fagus sylvatica L. subsp. sylvatica,p
2002,49,C,Hedera helix L. subsp. helix,Hedera helix L. subsp. helix,p
2002,49,C,Hepatica nobilis Mill.,Hepatica nobilis Schreb.,p
2002,49,C,Lilium martagon L.,Lilium martagon L.,p
2002,49,C,Luzula sylvatica (Huds.) Gaudin,Luzula sylvatica (Huds.) Gaudin subsp. sylvatica,p
2002,49,C,Melica uniflora Retz.,Melica uniflora Retz.,p
2002,49,C,Rubus hirtus W. et K.,Rubus hirtus Waldst. & Kit. group,p
2002,49,C,Saxifraga rotundifolia L.,Saxifraga rotundifolia L. subsp. rotundifolia,p
2002,49,C,Sorbus aria (L.) Crantz,Sorbus aria (L.) Crantz,p
2002,49,C,Sorbus aucuparia L. subsp. aucuparia,Sorbus aucuparia L. subsp. aucuparia,p
2003,49,C,Fagus sylvatica L.,Fagus sylvatica L. subsp. sylvatica,p
2003,49,C,Ilex aquifolium L.,Ilex aquifolium L.,p
2003,49,C,Rubus hirtus W. et K.,Rubus hirtus Waldst. & Kit. group,p
2003,49,C,Hedera helix L. subsp. helix,Hedera helix L. subsp. helix,p
2003,49,C,Galium odoratum (L.) Scop.,Galium odoratum (L.) Scop.,p
2003,49,C,Daphne laureola L.,Daphne laureola L.,p
2003,49,C,Mercurialis perennis L.,Mercurialis perennis L.,p
2003,49,C,Acer platanoides L.,Acer platanoides L.,p
2015,49,A,Acer obtusatum Waldst. & Kit.,Acer opalus Mill. subsp. obtusatum (Waldst. & Kit. ex Willd.) Gams,1
2015,49,A,Fagus sylvatica L.,Fagus sylvatica L. subsp. sylvatica,5
2015,49,B,Fagus sylvatica L.,Fagus sylvatica L. subsp. sylvatica,1
2015,49,C,Acer obtusatum Waldst. & Kit.,Acer opalus Mill. subsp. obtusatum (Waldst. & Kit. ex Willd.) Gams,+
2015,49,C,Acer platanoides L.,Acer platanoides L.,1
2015,49,C,Acer pseudoplatanus L.,Acer pseudoplatanus L.,+
2015,49,C,Cardamine bulbifera (L.) Crantz,Cardamine bulbifera (L.) Crantz,+
2015,49,C,Cephalanthera damasonium (Mill.) Druce,Cephalanthera damasonium (Mill.) Druce,+
2015,49,C,Cephalanthera longifolia (Huds.) Fritsch,Cephalanthera longifolia (L.) Fritsch,+
2015,49,C,Daphne laureola L.,Daphne laureola L.,+
2015,49,C,Epipactis helleborine (L.) Crantz,Epipactis helleborine (L.) Crantz,+
2015,49,C,Euonymus latifolius (L.) Mill.,Euonymus latifolius (L.) Mill. subsp. latifolius,+
2015,49,C,Fagus sylvatica L.,Fagus sylvatica L. subsp. sylvatica,+
2015,49,C,Fraxinus ornus L.,Fraxinus ornus L. subsp. ornus,+
2015,49,C,Galium odoratum (L.) Scop.,Galium odoratum (L.) Scop.,+
2015,49,C,Hedera helix L. subsp. helix,Hedera helix L. subsp. helix,1
2015,49,C,Hepatica nobilis Mill.,Hepatica nobilis Schreb.,+
2015,49,C,Laburnum anagyroides Medicus,Laburnum anagyroides Medik. subsp. anagyroides,+
2015,49,C,Luzula sylvatica (Huds.) Gaudin,Luzula sylvatica (Huds.) Gaudin subsp. sylvatica,+
2015,49,C,Rubus hirtus W. et K.,Rubus hirtus Waldst. & Kit. group,+
2015,49,C,Viola reichenbachiana Jord. ex Boreau,Viola reichenbachiana Jord. ex Boreau,+
2020,49,A,Acer pseudoplatanus L.,Acer pseudoplatanus L.,2
2020,49,A,Fagus sylvatica L.,Fagus sylvatica L. subsp. sylvatica,5
2020,49,A,Hedera helix L. subsp. helix,Hedera helix L. subsp. helix,1
2020,49,B,Fagus sylvatica L.,Fagus sylvatica L. subsp. sylvatica,2
2020,49,B,Hedera helix L. subsp. helix,Hedera helix L. subsp. helix,+
2020,49,C,Acer obtusatum Waldst. & Kit.,Acer opalus Mill. subsp. obtusatum (Waldst. & Kit. ex Willd.) Gams,+
2020,49,C,Acer platanoides L.,Acer platanoides L.,1
2020,49,C,Campanula trachelium L.,Campanula trachelium L. subsp. trachelium,+
2020,49,C,Cardamine bulbifera (L.) Crantz,Cardamine bulbifera (L.) Crantz,+
2020,49,C,Epipactis helleborine (L.) Crantz,Epipactis helleborine (L.) Crantz,+
2020,49,C,Euonymus latifolius (L.) Mill.,Euonymus latifolius (L.) Mill. subsp. latifolius,1
2020,49,C,Fagus sylvatica L.,Fagus sylvatica L. subsp. sylvatica,+
2020,49,C,Fraxinus ornus L.,Fraxinus ornus L. subsp. ornus,+
2020,49,C,Galium odoratum (L.) Scop.,Galium odoratum (L.) Scop.,+
2020,49,C,Hedera helix L. subsp. helix,Hedera helix L. subsp. helix,1
2020,49,C,Hepatica nobilis Mill.,Hepatica nobilis Schreb.,+
2020,49,C,Melica uniflora Retz.,Melica uniflora Retz.,+
2020,49,C,Primula vulgaris Huds.,Primula vulgaris Huds.,+
2020,49,C,Rubus hirtus W. et K.,Rubus hirtus Waldst. & Kit. group,+
2020,49,C,Sanicula europaea L.,Sanicula europaea L.,+
2020,49,C,Viola reichenbachiana Jord. ex Boreau,Viola reichenbachiana Jord. ex Boreau,+
2024,49,A,Acer pseudoplatanus L.,Acer pseudoplatanus L.,2
2024,49,A,Fagus sylvatica L.,Fagus sylvatica L. subsp. sylvatica,5
2024,49,A,Hedera helix L. subsp. helix,Hedera helix L. subsp. helix,+
2024,49,B,Acer pseudoplatanus L.,Acer pseudoplatanus L.,+
2024,49,B,Fagus sylvatica L.,Fagus sylvatica L. subsp. sylvatica,2
2024,49,B,Hedera helix L. subsp. helix,Hedera helix L. subsp. helix,+
2024,49,C,Acer platanoides L.,Acer platanoides L.,1
2024,49,C,Cardamine bulbifera (L.) Crantz,Cardamine bulbifera (L.) Crantz,+
2024,49,C,Cephalanthera rubra (L.) L.C. Rich.,Cephalanthera rubra (L.) Rich.,+
2024,49,C,Daphne laureola L.,Daphne laureola L.,+
2024,49,C,Euonymus latifolius (L.) Mill.,Euonymus latifolius (L.) Mill. subsp. latifolius,+
2024,49,C,Fagus sylvatica L.,Fagus sylvatica L. subsp. sylvatica,+
2024,49,C,Fraxinus ornus L.,Fraxinus ornus L. subsp. ornus,+
2024,49,C,Galium odoratum (L.) Scop.,Galium odoratum (L.) Scop.,+
2024,49,C,Hedera helix L. subsp. helix,Hedera helix L. subsp. helix,1
2024,49,C,Luzula sylvatica (Huds.) Gaudin,Luzula sylvatica (Huds.) Gaudin subsp. sylvatica,+
2024,49,C,Viola reichenbachiana Jord. ex Boreau,Viola reichenbachiana Jord. ex Boreau,+
2002,50,C,Acer obtusatum Waldst. & Kit.,Acer opalus Mill. subsp. obtusatum (Waldst. & Kit. ex Willd.) Gams,p
2002,50,C,Cardamine bulbifera (L.) Crantz,Cardamine bulbifera (L.) Crantz,p
2002,50,C,Euonymus latifolius (L.) Mill.,Euonymus latifolius (L.) Mill. subsp. latifolius,p
2002,50,C,Fagus sylvatica L.,Fagus sylvatica L. subsp. sylvatica,p
2002,50,C,Galium odoratum (L.) Scop.,Galium odoratum (L.) Scop.,p
2002,50,C,Hedera helix L. subsp. helix,Hedera helix L. subsp. helix,p
2002,50,C,Hepatica nobilis Mill.,Hepatica nobilis Schreb.,p
2002,50,C,Ilex aquifolium L.,Ilex aquifolium L.,p
2002,50,C,Lilium martagon L.,Lilium martagon L.,p
2002,50,C,Luzula sylvatica (Huds.) Gaudin,Luzula sylvatica (Huds.) Gaudin subsp. sylvatica,p
2002,50,C,Rubus hirtus W. et K.,Rubus hirtus Waldst. & Kit. group,p
2003,50,C,Acer obtusatum Waldst. & Kit.,Acer opalus Mill. subsp. obtusatum (Waldst. & Kit. ex Willd.) Gams,p
2003,50,C,Brachypodium rupestre (Host) Roem. & Schult. subsp. rupestre,Brachypodium rupestre (Host) Roem. & Schult.,p
2003,50,C,Fagus sylvatica L.,Fagus sylvatica L. subsp. sylvatica,p
2003,50,C,Hedera helix L. subsp. helix,Hedera helix L. subsp. helix,p
2003,50,C,Polystichum setiferum (Forsskal) Woynar,Polystichum setiferum (Forssk.) T.Moore ex Woyn.,p
2003,50,C,Rubus hirtus W. et K.,Rubus hirtus Waldst. & Kit. group,p
2015,50,A,Acer obtusatum Waldst. & Kit.,Acer opalus Mill. subsp. obtusatum (Waldst. & Kit. ex Willd.) Gams,1
2015,50,A,Acer pseudoplatanus L.,Acer pseudoplatanus L.,1
2015,50,A,Fagus sylvatica L.,Fagus sylvatica L. subsp. sylvatica,4
2015,50,B,Acer obtusatum Waldst. & Kit.,Acer opalus Mill. subsp. obtusatum (Waldst. & Kit. ex Willd.) Gams,+
2015,50,B,Acer pseudoplatanus L.,Acer pseudoplatanus L.,+
2015,50,B,Fagus sylvatica L.,Fagus sylvatica L. subsp. sylvatica,1
2015,50,C,Acer platanoides L.,Acer platanoides L.,+
2015,50,C,Brachypodium sylvaticum (Huds.) Beauv.,Brachypodium sylvaticum (Huds.) P.Beauv. subsp. sylvaticum,+
2015,50,C,Cardamine bulbifera (L.) Crantz,Cardamine bulbifera (L.) Crantz,+
2015,50,C,Carex digitata L.,Carex digitata L.,+
2015,50,C,Cephalanthera rubra (L.) L.C. Rich.,Cephalanthera rubra (L.) Rich.,+
2015,50,C,Daphne laureola L.,Daphne laureola L.,+
2015,50,C,Euonymus latifolius (L.) Mill.,Euonymus latifolius (L.) Mill. subsp. latifolius,+
2015,50,C,Galium odoratum (L.) Scop.,Galium odoratum (L.) Scop.,+
2015,50,C,Hedera helix L. subsp. helix,Hedera helix L. subsp. helix,1
2015,50,C,Hepatica nobilis Mill.,Hepatica nobilis Schreb.,+
2015,50,C,Lilium martagon L.,Lilium martagon L.,+
2020,50,A,Acer obtusatum Waldst. & Kit.,Acer opalus Mill. subsp. obtusatum (Waldst. & Kit. ex Willd.) Gams,2
2020,50,A,Acer pseudoplatanus L.,Acer pseudoplatanus L.,2
2020,50,A,Fagus sylvatica L.,Fagus sylvatica L. subsp. sylvatica,5
2020,50,B,Acer obtusatum Waldst. & Kit.,Acer opalus Mill. subsp. obtusatum (Waldst. & Kit. ex Willd.) Gams,+
2020,50,B,Fagus sylvatica L.,Fagus sylvatica L. subsp. sylvatica,2
2020,50,C,Acer platanoides L.,Acer platanoides L.,+
2020,50,C,Acer pseudoplatanus L.,Acer pseudoplatanus L.,+
2020,50,C,Brachypodium sylvaticum (Huds.) Beauv.,Brachypodium sylvaticum (Huds.) P.Beauv. subsp. sylvaticum,+
2020,50,C,Cardamine bulbifera (L.) Crantz,Cardamine bulbifera (L.) Crantz,+
2020,50,C,Carex digitata L.,Carex digitata L.,+
2020,50,C,Cephalanthera rubra (L.) L.C. Rich.,Cephalanthera rubra (L.) Rich.,+
2020,50,C,Daphne laureola L.,Daphne laureola L.,+
2020,50,C,Euonymus latifolius (L.) Mill.,Euonymus latifolius (L.) Mill. subsp. latifolius,+
2020,50,C,Fagus sylvatica L.,Fagus sylvatica L. subsp. sylvatica,+
2020,50,C,Galium odoratum (L.) Scop.,Galium odoratum (L.) Scop.,+
2020,50,C,Geranium robertianum L.,Geranium robertianum L.,+
2020,50,C,Hedera helix L. subsp. helix,Hedera helix L. subsp. helix,1
2020,50,C,Lilium martagon L.,Lilium martagon L.,+
2020,50,C,Neottia nidus-avis (L.) L.C.Rich.,Neottia nidus-avis (L.) Rich.,+
2020,50,C,Saxifraga rotundifolia L.,Saxifraga rotundifolia L. subsp. rotundifolia,+
2024,50,A,Acer obtusatum Waldst. & Kit.,Acer opalus Mill. subsp. obtusatum (Waldst. & Kit. ex Willd.) Gams,2
2024,50,A,Acer pseudoplatanus L.,Acer pseudoplatanus L.,2
2024,50,A,Fagus sylvatica L.,Fagus sylvatica L. subsp. sylvatica,5
2024,50,A,Hedera helix L. subsp. helix,Hedera helix L. subsp. helix,1
2024,50,A,Taxus baccata L.,Taxus baccata L.,+
2024,50,B,Fagus sylvatica L.,Fagus sylvatica L. subsp. sylvatica,1
2024,50,B,Hedera helix L. subsp. helix,Hedera helix L. subsp. helix,+
2024,50,B,Ilex aquifolium L.,Ilex aquifolium L.,+
2024,50,C,Acer platanoides L.,Acer platanoides L.,+
2024,50,C,Cardamine bulbifera (L.) Crantz,Cardamine bulbifera (L.) Crantz,+
2024,50,C,Cephalanthera rubra (L.) L.C. Rich.,Cephalanthera rubra (L.) Rich.,+
2024,50,C,Fagus sylvatica L.,Fagus sylvatica L. subsp. sylvatica,+
2024,50,C,Galium odoratum (L.) Scop.,Galium odoratum (L.) Scop.,+
2024,50,C,Hedera helix L. subsp. helix,Hedera helix L. subsp. helix,1
2024,50,C,Hepatica nobilis Mill.,Hepatica nobilis Schreb.,+
2024,50,C,Ilex aquifolium L.,Ilex aquifolium L.,+
2024,50,C,Lilium martagon L.,Lilium martagon L.,+
2024,50,C,Viola reichenbachiana Jord. ex Boreau,Viola reichenbachiana Jord. ex Boreau,+
2002,51,C,Acer obtusatum Waldst. & Kit.,Acer opalus Mill. subsp. obtusatum (Waldst. & Kit. ex Willd.) Gams,p
2002,51,C,Acer pseudoplatanus L.,Acer pseudoplatanus L.,p
2002,51,C,Daphne laureola L.,Daphne laureola L.,p
2002,51,C,Epipactis helleborine (L.) Crantz,Epipactis helleborine (L.) Crantz,p
2002,51,C,Euonymus latifolius (L.) Mill.,Euonymus latifolius (L.) Mill. subsp. latifolius,p
2002,51,C,Fagus sylvatica L.,Fagus sylvatica L. subsp. sylvatica,p
2002,51,C,Hedera helix L. subsp. helix,Hedera helix L. subsp. helix,p
2002,51,C,Hepatica nobilis Mill.,Hepatica nobilis Schreb.,p
2002,51,C,Luzula sylvatica (Huds.) Gaudin,Luzula sylvatica (Huds.) Gaudin subsp. sylvatica,p
2002,51,C,Melica uniflora Retz.,Melica uniflora Retz.,p
2002,51,C,Mycelis muralis (L.) Dumort.,Mycelis muralis (L.) Dumort. subsp. muralis,p
2002,51,C,Rubus hirtus W. et K.,Rubus hirtus Waldst. & Kit. group,p
2002,51,C,Sanicula europaea L.,Sanicula europaea L.,p
2002,51,C,Viola reichenbachiana Jord. ex Boreau,Viola reichenbachiana Jord. ex Boreau,p
2003,51,C,Acer obtusatum Waldst. & Kit.,Acer opalus Mill. subsp. obtusatum (Waldst. & Kit. ex Willd.) Gams,p
2003,51,C,Fagus sylvatica L.,Fagus sylvatica L. subsp. sylvatica,p
2003,51,C,Hedera helix L. subsp. helix,Hedera helix L. subsp. helix,p
2003,51,C,Rubus hirtus W. et K.,Rubus hirtus Waldst. & Kit. group,p
2015,51,A,Acer pseudoplatanus L.,Acer pseudoplatanus L.,2
2015,51,A,Fagus sylvatica L.,Fagus sylvatica L. subsp. sylvatica,4
2015,51,B,Euonymus latifolius (L.) Mill.,Euonymus latifolius (L.) Mill. subsp. latifolius,1
2015,51,B,Fagus sylvatica L.,Fagus sylvatica L. subsp. sylvatica,+
2015,51,B,Ilex aquifolium L.,Ilex aquifolium L.,1
2015,51,C,Acer obtusatum Waldst. & Kit.,Acer opalus Mill. subsp. obtusatum (Waldst. & Kit. ex Willd.) Gams,+
2015,51,C,Acer platanoides L.,Acer platanoides L.,1
2015,51,C,Brachypodium sylvaticum (Huds.) Beauv.,Brachypodium sylvaticum (Huds.) P.Beauv. subsp. sylvaticum,+
2015,51,C,Cephalanthera damasonium (Mill.) Druce,Cephalanthera damasonium (Mill.) Druce,+
2015,51,C,Cephalanthera rubra (L.) L.C. Rich.,Cephalanthera rubra (L.) Rich.,+
2015,51,C,Daphne laureola L.,Daphne laureola L.,+
2015,51,C,Epipactis helleborine (L.) Crantz,Epipactis helleborine (L.) Crantz,+
2015,51,C,Festuca heterophylla Lam.,Festuca heterophylla Lam.,+
2015,51,C,Fraxinus ornus L.,Fraxinus ornus L. subsp. ornus,+
2015,51,C,Galium odoratum (L.) Scop.,Galium odoratum (L.) Scop.,+
2015,51,C,Hedera helix L. subsp. helix,Hedera helix L. subsp. helix,1
2015,51,C,Hepatica nobilis Mill.,Hepatica nobilis Schreb.,+
2015,51,C,Lathyrus venetus (Mill.) Wohlf.,Lathyrus venetus (Mill.) Wohlf.,+
2015,51,C,Luzula forsteri (Sm.) DC.,Luzula forsteri (Sm.) DC.,+
2015,51,C,Melica uniflora Retz.,Melica uniflora Retz.,+
2015,51,C,Mercurialis perennis L.,Mercurialis perennis L.,+
2015,51,C,Primula vulgaris Huds.,Primula vulgaris Huds.,+
2015,51,C,Pulmonaria vallarsae A.Kern.,Pulmonaria hirta L.,+
2015,51,C,Rubus hirtus W. et K.,Rubus hirtus Waldst. & Kit. group,+
2015,51,C,Ruscus hypoglossum L.,Ruscus hypoglossum L.,+
2015,51,C,Sanicula europaea L.,Sanicula europaea L.,+
2015,51,C,Viola reichenbachiana Jord. ex Boreau,Viola reichenbachiana Jord. ex Boreau,+
2020,51,A,Acer pseudoplatanus L.,Acer pseudoplatanus L.,2
2020,51,A,Fagus sylvatica L.,Fagus sylvatica L. subsp. sylvatica,5
2020,51,A,Hedera helix L. subsp. helix,Hedera helix L. subsp. helix,+
2020,51,B,Fagus sylvatica L.,Fagus sylvatica L. subsp. sylvatica,1
2020,51,B,Hedera helix L. subsp. helix,Hedera helix L. subsp. helix,+
2020,51,B,Ilex aquifolium L.,Ilex aquifolium L.,1
2020,51,C,Acer platanoides L.,Acer platanoides L.,1
2020,51,C,Brachypodium sylvaticum (Huds.) Beauv.,Brachypodium sylvaticum (Huds.) P.Beauv. subsp. sylvaticum,+
2020,51,C,Cephalanthera rubra (L.) L.C. Rich.,Cephalanthera rubra (L.) Rich.,+
2020,51,C,Daphne laureola L.,Daphne laureola L.,+
2020,51,C,Euonymus latifolius (L.) Mill.,Euonymus latifolius (L.) Mill. subsp. latifolius,+
2020,51,C,Fagus sylvatica L.,Fagus sylvatica L. subsp. sylvatica,+
2020,51,C,Fraxinus ornus L.,Fraxinus ornus L. subsp. ornus,+
2020,51,C,Galium odoratum (L.) Scop.,Galium odoratum (L.) Scop.,1
2020,51,C,Hedera helix L. subsp. helix,Hedera helix L. subsp. helix,1
2020,51,C,Hepatica nobilis Mill.,Hepatica nobilis Schreb.,+
2020,51,C,Luzula forsteri (Sm.) DC.,Luzula forsteri (Sm.) DC.,+
2020,51,C,Melica uniflora Retz.,Melica uniflora Retz.,+
2020,51,C,Mercurialis perennis L.,Mercurialis perennis L.,+
2020,51,C,Primula vulgaris Huds.,Primula vulgaris Huds.,+
2020,51,C,Rosa obtusifolia Desv.,Rosa balsamica Besser,+
2020,51,C,Rubus hirtus W. et K.,Rubus hirtus Waldst. & Kit. group,+
2020,51,C,Sanicula europaea L.,Sanicula europaea L.,+
2020,51,C,Solidago virgaurea L. subsp. virgaurea,Solidago virgaurea L. subsp. virgaurea,+
2020,51,C,Viola reichenbachiana Jord. ex Boreau,Viola reichenbachiana Jord. ex Boreau,+
2024,51,A,Acer pseudoplatanus L.,Acer pseudoplatanus L.,3
2024,51,A,Fagus sylvatica L.,Fagus sylvatica L. subsp. sylvatica,5
2024,51,A,Hedera helix L. subsp. helix,Hedera helix L. subsp. helix,+
2024,51,B,Fagus sylvatica L.,Fagus sylvatica L. subsp. sylvatica,+
2024,51,B,Hedera helix L. subsp. helix,Hedera helix L. subsp. helix,+
2024,51,B,Ilex aquifolium L.,Ilex aquifolium L.,+
2024,51,C,Acer platanoides L.,Acer platanoides L.,+
2024,51,C,Acer pseudoplatanus L.,Acer pseudoplatanus L.,+
2024,51,C,Campanula trachelium L.,Campanula trachelium L. subsp. trachelium,+
2024,51,C,Cephalanthera rubra (L.) L.C. Rich.,Cephalanthera rubra (L.) Rich.,+
2024,51,C,Daphne laureola L.,Daphne laureola L.,+
2024,51,C,Fagus sylvatica L.,Fagus sylvatica L. subsp. sylvatica,+
2024,51,C,Fraxinus ornus L.,Fraxinus ornus L. subsp. ornus,+
2024,51,C,Galium odoratum (L.) Scop.,Galium odoratum (L.) Scop.,+
2024,51,C,Hedera helix L. subsp. helix,Hedera helix L. subsp. helix,+
2024,51,C,Primula vulgaris Huds.,Primula vulgaris Huds.,+
2024,51,C,Viola reichenbachiana Jord. ex Boreau,Viola reichenbachiana Jord. ex Boreau,+
2002,57,C,Acer campestre L.,Acer campestre L.,p
2002,57,C,Acer obtusatum Waldst. & Kit.,Acer opalus Mill. subsp. obtusatum (Waldst. & Kit. ex Willd.) Gams,p
2002,57,C,Asperula laevigata L.,Asperula laevigata L.,p
2002,57,C,Cardamine bulbifera (L.) Crantz,Cardamine bulbifera (L.) Crantz,p
2002,57,C,Euonymus latifolius (L.) Mill.,Euonymus latifolius (L.) Mill. subsp. latifolius,p
2002,57,C,Euonymus verrucosus Scop.,Euonymus verrucosus Scop.,p
2002,57,C,Fagus sylvatica L.,Fagus sylvatica L. subsp. sylvatica,p
2002,57,C,Hedera helix L. subsp. helix,Hedera helix L. subsp. helix,p
2002,57,C,Hepatica nobilis Mill.,Hepatica nobilis Schreb.,p
2002,57,C,Lathyrus venetus (Mill.) Wohlf.,Lathyrus venetus (Mill.) Wohlf.,p
2002,57,C,Ligustrum vulgare L.,Ligustrum vulgare L.,p
2002,57,C,Lilium martagon L.,Lilium martagon L.,p
2002,57,C,Melica uniflora Retz.,Melica uniflora Retz.,p
2002,57,C,Mercurialis perennis L.,Mercurialis perennis L.,p
2002,57,C,Ostrya carpinifolia Scop.,Ostrya carpinifolia Scop.,p
2002,57,C,Primula vulgaris Huds.,Primula vulgaris Huds.,p
2002,57,C,Pulmonaria vallarsae A.Kern.,Pulmonaria hirta L.,p
2002,57,C,Rubus hirtus W. et K.,Rubus hirtus Waldst. & Kit. group,p
2002,57,C,Sanicula europaea L.,Sanicula europaea L.,p
2002,57,C,Viburnum lantana L.,Viburnum lantana L.,p
2002,57,C,Viola reichenbachiana Jord. ex Boreau,Viola reichenbachiana Jord. ex Boreau,p
2003,57,C,Artemisia alba Turra,Artemisia alba Turra,p
2003,57,C,Brachypodium rupestre (Host) Roem. & Schult. subsp. rupestre,Brachypodium rupestre (Host) Roem. & Schult.,p
2003,57,C,Bromus erectus Huds.,Bromopsis erecta (Huds.) Fourr.,p
2003,57,C,Carex macrolepis DC.,Carex macrolepis DC.,p
2003,57,C,Centaurea ambigua Guss. subsp. ambigua,Centaurea arrigonii Greuter,p
2003,57,C,Crepis lacera Ten.,Crepis lacera Ten.,p
2003,57,C,Cytisus sessilifolius L.,Cytisophyllum sessilifolium (L.) O.Lang,p
2003,57,C,Eryngium amethystinum L.,Eryngium amethystinum L.,p
2003,57,C,Euphorbia myrsinites L.,Euphorbia myrsinites L. subsp. myrsinites,p
2003,57,C,Festuca inops De Not.,Festuca inops De Not.,p
2003,57,C,Galium corrudifolium Vill.,Galium corrudifolium Vill.,p
2003,57,C,Genista januensis Viv.,Genista januensis Viv. subsp. januensis,p
2003,57,C,Helianthemum apenninum (L.) Mill.,Helianthemum apenninum (L.) Mill. subsp. apenninum,p
2003,57,C,Helichrysum italicum (Roth) Don subsp. italicum,Helichrysum italicum (Roth) G.Don subsp. italicum,p
2003,57,C,Hippocrepis comosa L.,Hippocrepis comosa L. subsp. comosa,p
2003,57,C,Juniperus oxycedrus L. subsp. oxycedrus,Juniperus deltoides R.P.Adams ,p
2003,57,C,Knautia purpurea (Vill.) Borbás,Knautia calycina (C.Presl) Guss.,p
2003,57,C,Koeleria macrantha (Ledeb.) Sprengel,Koeleria macrantha (Ledeb.) Schult. subsp. macrantha,p
2003,57,C,Poa molineri Balb.,Poa molinerii Balb.,p
2003,57,C,Quercus pubescens Willd.,Quercus pubescens Willd. subsp. pubescens,p
2003,57,C,Rosa canina L.,Rosa canina L.,p
2003,57,C,Sedum album L.,Sedum album L. subsp. album,p
2003,57,C,Sedum rupestre L. subsp. rupestre,Petrosedum rupestre (L.) P.V.Heath,p
2003,57,C,Sesleria nitida Ten.,Sesleria nitida Ten.,p
2003,57,C,Stachys recta L. subsp. recta,Stachys recta L. subsp. recta,p
2003,57,C,Tanacetum corymbosum var. tenuifolium (Willd.) Briq. et Cavill.,Tanacetum corymbosum (L.) Sch.Bip. subsp. achilleae (L.) Greuter,p
2003,57,C,Thymus longicaulis Presl,Thymus longicaulis C.Presl subsp. longicaulis,p
2015,57,A,Acer obtusatum Waldst. & Kit.,Acer opalus Mill. subsp. obtusatum (Waldst. & Kit. ex Willd.) Gams,+
2015,57,A,Euonymus latifolius (L.) Mill.,Euonymus latifolius (L.) Mill. subsp. latifolius,+
2015,57,A,Fagus sylvatica L.,Fagus sylvatica L. subsp. sylvatica,1
2015,57,A,Ostrya carpinifolia Scop.,Ostrya carpinifolia Scop.,2
2015,57,B,Fagus sylvatica L.,Fagus sylvatica L. subsp. sylvatica,1
2015,57,C,Acer campestre L.,Acer campestre L.,+
2015,57,C,Acer obtusatum Waldst. & Kit.,Acer opalus Mill. subsp. obtusatum (Waldst. & Kit. ex Willd.) Gams,+
2015,57,C,Acer platanoides L.,Acer platanoides L.,+
2015,57,C,Acer pseudoplatanus L.,Acer pseudoplatanus L.,+
2015,57,C,Aegopodium podagraria L.,Aegopodium podagraria L.,+
2015,57,C,Arctium nemorosum Lej. et Court.,Arctium nemorosum Lej.,1
2015,57,C,Brachypodium sylvaticum (Huds.) Beauv.,Brachypodium sylvaticum (Huds.) P.Beauv. subsp. sylvaticum,+
2015,57,C,Campanula rapunculus L.,Campanula rapunculus L.,+
2015,57,C,Campanula trachelium L.,Campanula trachelium L. subsp. trachelium,+
2015,57,C,Cardamine bulbifera (L.) Crantz,Cardamine bulbifera (L.) Crantz,+
2015,57,C,Carex digitata L.,Carex digitata L.,+
2015,57,C,Cephalanthera rubra (L.) L.C. Rich.,Cephalanthera rubra (L.) Rich.,+
2015,57,C,Cirsium arvense (L.) Scop.,Cirsium arvense (L.) Scop.,+
2015,57,C,Cirsium vulgare (Savi) Ten. subsp. vulgare,Cirsium vulgare (Savi) Ten.,+
2015,57,C,Clematis vitalba L.,Clematis vitalba L.,+
2015,57,C,Cornus sanguinea L.,Cornus sanguinea L. subsp. hungarica (Kárpáti) Soó,+
2015,57,C,Coronilla emerus L. subsp. emerus,Emerus major Mill. subsp. major,+
2015,57,C,Daphne laureola L.,Daphne laureola L.,+
2015,57,C,Digitalis ferruginea L.,Digitalis ferruginea L.,+
2015,57,C,Digitalis micrantha Roth,Digitalis micrantha Roth ex Schweigg.,+
2015,57,C,Doronicum columnae Ten.,Doronicum columnae Ten.,+
2015,57,C,Dryopteris filix-mas (L.) Schott,Dryopteris filix-mas (L.) Schott,+
2015,57,C,Epipactis helleborine (L.) Crantz,Epipactis helleborine (L.) Crantz,+
2015,57,C,Euonymus latifolius (L.) Mill.,Euonymus latifolius (L.) Mill. subsp. latifolius,+
2015,57,C,Fagus sylvatica L.,Fagus sylvatica L. subsp. sylvatica,+
2015,57,C,Fraxinus ornus L.,Fraxinus ornus L. subsp. ornus,+
2015,57,C,Geranium robertianum L.,Geranium robertianum L.,+
2015,57,C,Hedera helix L. subsp. helix,Hedera helix L. subsp. helix,1
2015,57,C,Laburnum anagyroides Medicus,Laburnum anagyroides Medik. subsp. anagyroides,+
2015,57,C,Lathyrus venetus (Mill.) Wohlf.,Lathyrus venetus (Mill.) Wohlf.,+
2015,57,C,Luzula sylvatica (Huds.) Gaudin,Luzula sylvatica (Huds.) Gaudin subsp. sylvatica,1
2015,57,C,Medicago lupulina L.,Medicago lupulina L.,+
2015,57,C,Melica uniflora Retz.,Melica uniflora Retz.,+
2015,57,C,Melittis melissophyllum L.,Melittis melissophyllum L. subsp. melissophyllum,+
2015,57,C,Mercurialis perennis L.,Mercurialis perennis L.,+
2015,57,C,Moehringia muscosa L.,Moehringia muscosa L.,+
2015,57,C,Mycelis muralis (L.) Dumort.,Mycelis muralis (L.) Dumort. subsp. muralis,+
2015,57,C,Neottia nidus-avis (L.) L.C.Rich.,Neottia nidus-avis (L.) Rich.,+
2015,57,C,Plantago major L. subsp. major,Plantago major L.,+
2015,57,C,Polystichum setiferum (Forsskal) Woynar,Polystichum setiferum (Forssk.) T.Moore ex Woyn.,+
2015,57,C,Primula vulgaris Huds.,Primula vulgaris Huds.,+
2015,57,C,Rosa obtusifolia Desv.,Rosa balsamica Besser,+
2015,57,C,Rubus hirtus W. et K.,Rubus hirtus Waldst. & Kit. group,1
2015,57,C,Sanicula europaea L.,Sanicula europaea L.,+
2015,57,C,Solidago virgaurea L. subsp. virgaurea,Solidago virgaurea L. subsp. virgaurea,+
2015,57,C,Sorbus aria (L.) Crantz,Sorbus aria (L.) Crantz,+
2015,57,C,Trifolium pratense L. subsp. pratense,Trifolium pratense L. subsp. pratense,+
2015,57,C,Verbascum thapsus L. subsp. thapsus,Verbascum thapsus L. subsp. thapsus,+
2015,57,C,Vicia onobrychioides L.,Vicia onobrychioides L.,+
2015,57,C,Viola alba Besser subsp. dehnhardtii (Ten.) W. Becker,Viola alba Besser subsp. dehnhardtii (Ten.) W.Becker,+
2015,57,C,Viola reichenbachiana Jord. ex Boreau,Viola reichenbachiana Jord. ex Boreau,+
2020,57,A,Acer obtusatum Waldst. & Kit.,Acer opalus Mill. subsp. obtusatum (Waldst. & Kit. ex Willd.) Gams,1
2020,57,A,Acer pseudoplatanus L.,Acer pseudoplatanus L.,1
2020,57,A,Fagus sylvatica L.,Fagus sylvatica L. subsp. sylvatica,2
2020,57,A,Ostrya carpinifolia Scop.,Ostrya carpinifolia Scop.,3
2020,57,B,Acer obtusatum Waldst. & Kit.,Acer opalus Mill. subsp. obtusatum (Waldst. & Kit. ex Willd.) Gams,+
2020,57,B,Corylus avellana L.,Corylus avellana L.,+
2020,57,B,Euonymus latifolius (L.) Mill.,Euonymus latifolius (L.) Mill. subsp. latifolius,+
2020,57,B,Fagus sylvatica L.,Fagus sylvatica L. subsp. sylvatica,2
2020,57,B,Ilex aquifolium L.,Ilex aquifolium L.,+
2020,57,B,Ostrya carpinifolia Scop.,Ostrya carpinifolia Scop.,2
2020,57,C,Acer obtusatum Waldst. & Kit.,Acer opalus Mill. subsp. obtusatum (Waldst. & Kit. ex Willd.) Gams,1
2020,57,C,Acer pseudoplatanus L.,Acer pseudoplatanus L.,+
2020,57,C,Arctium nemorosum Lej. et Court.,Arctium nemorosum Lej.,+
2020,57,C,Asplenium trichomanes L.,Asplenium trichomanes L.,+
2020,57,C,Bromus ramosus Huds.,Bromopsis ramosa (Huds.) Holub subsp. ramosa,1
2020,57,C,Campanula rapunculus L.,Campanula rapunculus L.,+
2020,57,C,Carduus nutans L. subsp. nutans,Carduus nutans L. subsp. nutans,+
2020,57,C,Carduus personata (L.) Jacq. subsp. personata,Carduus personata (L.) Jacq. subsp. personata,1
2020,57,C,Carex sylvatica Huds.,Carex sylvatica Huds.,+
2020,57,C,Cephalanthera rubra (L.) L.C. Rich.,Cephalanthera rubra (L.) Rich.,+
2020,57,C,Clematis vitalba L.,Clematis vitalba L.,1
2020,57,C,Coronilla emerus L. subsp. emerus,Emerus major Mill. subsp. major,+
2020,57,C,Digitalis micrantha Roth,Digitalis micrantha Roth ex Schweigg.,+
2020,57,C,Dryopteris filix-mas (L.) Schott,Dryopteris filix-mas (L.) Schott,+
2020,57,C,Epipactis helleborine (L.) Crantz,Epipactis helleborine (L.) Crantz,+
2020,57,C,Euonymus latifolius (L.) Mill.,Euonymus latifolius (L.) Mill. subsp. latifolius,+
2020,57,C,Fagus sylvatica L.,Fagus sylvatica L. subsp. sylvatica,+
2020,57,C,Fragaria vesca L.,Fragaria vesca L. subsp. vesca,+
2020,57,C,Fraxinus ornus L.,Fraxinus ornus L. subsp. ornus,1
2020,57,C,Galium odoratum (L.) Scop.,Galium odoratum (L.) Scop.,+
2020,57,C,Geranium robertianum L.,Geranium robertianum L.,+
2020,57,C,Geum urbanum L.,Geum urbanum L.,+
2020,57,C,Hedera helix L. subsp. helix,Hedera helix L. subsp. helix,+
2020,57,C,Hordelymus europaeus (L.) Harz,Hordelymus europaeus (L.) Harz,+
2020,57,C,Laburnum anagyroides Medicus,Laburnum anagyroides Medik. subsp. anagyroides,+
2020,57,C,Lamium garganicum L. subsp. laevigatum Arcang.,Lamium garganicum L. subsp. longiflorum (Ten.) Kerguélen,+
2020,57,C,Lathyrus venetus (Mill.) Wohlf.,Lathyrus venetus (Mill.) Wohlf.,+
2020,57,C,Luzula sylvatica (Huds.) Gaudin,Luzula sylvatica (Huds.) Gaudin subsp. sylvatica,+
2020,57,C,Melica uniflora Retz.,Melica uniflora Retz.,+
2020,57,C,Mercurialis perennis L.,Mercurialis perennis L.,1
2020,57,C,Moehringia muscosa L.,Moehringia muscosa L.,+
2020,57,C,Mycelis muralis (L.) Dumort.,Mycelis muralis (L.) Dumort. subsp. muralis,1
2020,57,C,Ostrya carpinifolia Scop.,Ostrya carpinifolia Scop.,+
2020,57,C,Polystichum setiferum (Forsskal) Woynar,Polystichum setiferum (Forssk.) T.Moore ex Woyn.,+
2020,57,C,Primula vulgaris Huds.,Primula vulgaris Huds.,+
2020,57,C,Pulmonaria vallarsae A.Kern.,Pulmonaria hirta L.,+
2020,57,C,Rubus hirtus W. et K.,Rubus hirtus Waldst. & Kit. group,+
2020,57,C,Salvia glutinosa L.,Salvia glutinosa L.,1
2020,57,C,Sanicula europaea L.,Sanicula europaea L.,1
2020,57,C,Solidago virgaurea L. subsp. virgaurea,Solidago virgaurea L. subsp. virgaurea,+
2020,57,C,Sorbus aria (L.) Crantz,Sorbus aria (L.) Crantz,+
2020,57,C,Verbascum thapsus L. subsp. thapsus,Verbascum thapsus L. subsp. thapsus,+
2020,57,C,Viola alba Besser subsp. dehnhardtii (Ten.) W. Becker,Viola alba Besser subsp. dehnhardtii (Ten.) W.Becker,+
2020,57,C,Viola reichenbachiana Jord. ex Boreau,Viola reichenbachiana Jord. ex Boreau,+
2024,57,A,Acer obtusatum Waldst. & Kit.,Acer opalus Mill. subsp. obtusatum (Waldst. & Kit. ex Willd.) Gams,1
2024,57,A,Acer pseudoplatanus L.,Acer pseudoplatanus L.,1
2024,57,A,Fagus sylvatica L.,Fagus sylvatica L. subsp. sylvatica,4
2024,57,A,Ostrya carpinifolia Scop.,Ostrya carpinifolia Scop.,2
2024,57,B,Acer obtusatum Waldst. & Kit.,Acer opalus Mill. subsp. obtusatum (Waldst. & Kit. ex Willd.) Gams,+
2024,57,B,Euonymus latifolius (L.) Mill.,Euonymus latifolius (L.) Mill. subsp. latifolius,+
2024,57,B,Fagus sylvatica L.,Fagus sylvatica L. subsp. sylvatica,2
2024,57,B,Fraxinus ornus L.,Fraxinus ornus L. subsp. ornus,1
2024,57,B,Ostrya carpinifolia Scop.,Ostrya carpinifolia Scop.,2
2024,57,C,Acer campestre L.,Acer campestre L.,+
2024,57,C,Acer obtusatum Waldst. & Kit.,Acer opalus Mill. subsp. obtusatum (Waldst. & Kit. ex Willd.) Gams,1
2024,57,C,Acer pseudoplatanus L.,Acer pseudoplatanus L.,+
2024,57,C,Aegopodium podagraria L.,Aegopodium podagraria L.,+
2024,57,C,Bromus ramosus Huds.,Bromopsis ramosa (Huds.) Holub subsp. ramosa,1
2024,57,C,Campanula trachelium L.,Campanula trachelium L. subsp. trachelium,1
2024,57,C,Cardamine bulbifera (L.) Crantz,Cardamine bulbifera (L.) Crantz,+
2024,57,C,Cardamine enneaphyllos (L.) Crantz,Cardamine enneaphyllos (L.) Crantz,+
2024,57,C,Carduus personata (L.) Jacq. subsp. personata,Carduus personata (L.) Jacq. subsp. personata,+
2024,57,C,Carex sylvatica Huds.,Carex sylvatica Huds.,+
2024,57,C,Clematis vitalba L.,Clematis vitalba L.,+
2024,57,C,Coronilla emerus L. subsp. emerus,Emerus major Mill. subsp. major,+
2024,57,C,Corylus avellana L.,Corylus avellana L.,+
2024,57,C,Daphne laureola L.,Daphne laureola L.,+
2024,57,C,Digitalis micrantha Roth,Digitalis micrantha Roth ex Schweigg.,1
2024,57,C,Dryopteris filix-mas (L.) Schott,Dryopteris filix-mas (L.) Schott,+
2024,57,C,Fagus sylvatica L.,Fagus sylvatica L. subsp. sylvatica,+
2024,57,C,Fraxinus ornus L.,Fraxinus ornus L. subsp. ornus,+
2024,57,C,Galanthus nivalis L.,Galanthus nivalis L.,+
2024,57,C,Hedera helix L. subsp. helix,Hedera helix L. subsp. helix,1
2024,57,C,Ilex aquifolium L.,Ilex aquifolium L.,+
2024,57,C,Luzula sylvatica (Huds.) Gaudin,Luzula sylvatica (Huds.) Gaudin subsp. sylvatica,1
2024,57,C,Melica uniflora Retz.,Melica uniflora Retz.,1
2024,57,C,Melittis melissophyllum L.,Melittis melissophyllum L. subsp. melissophyllum,+
2024,57,C,Mercurialis perennis L.,Mercurialis perennis L.,2
2024,57,C,Moehringia muscosa L.,Moehringia muscosa L.,+
2024,57,C,Mycelis muralis (L.) Dumort.,Mycelis muralis (L.) Dumort. subsp. muralis,1
2024,57,C,Ostrya carpinifolia Scop.,Ostrya carpinifolia Scop.,+
2024,57,C,Polystichum setiferum (Forsskal) Woynar,Polystichum setiferum (Forssk.) T.Moore ex Woyn.,+
2024,57,C,Primula vulgaris Huds.,Primula vulgaris Huds.,+
2024,57,C,Ribes alpinum L.,Ribes alpinum L.,+
2024,57,C,Rubus hirtus W. et K.,Rubus hirtus Waldst. & Kit. group,1
2024,57,C,Salvia glutinosa L.,Salvia glutinosa L.,+
2024,57,C,Sanicula europaea L.,Sanicula europaea L.,1
2024,57,C,Solidago virgaurea L. subsp. virgaurea,Solidago virgaurea L. subsp. virgaurea,+
2024,57,C,Sorbus aria (L.) Crantz,Sorbus aria (L.) Crantz,+
2024,57,C,Thalictrum aquilegiifolium L.,Thalictrum aquilegiifolium L. subsp. aquilegiifolium,+
2024,57,C,Verbascum thapsus L. subsp. thapsus,Verbascum thapsus L. subsp. thapsus,+
2002,58,C,Acer obtusatum Waldst. & Kit.,Acer opalus Mill. subsp. obtusatum (Waldst. & Kit. ex Willd.) Gams,p
2002,58,C,Brachypodium sylvaticum (Huds.) Beauv.,Brachypodium sylvaticum (Huds.) P.Beauv. subsp. sylvaticum,p
2002,58,C,Cornus sanguinea L.,Cornus sanguinea L. subsp. hungarica (Kárpáti) Soó,p
2002,58,C,Daphne laureola L.,Daphne laureola L.,p
2002,58,C,Fagus sylvatica L.,Fagus sylvatica L. subsp. sylvatica,p
2002,58,C,Hedera helix L. subsp. helix,Hedera helix L. subsp. helix,p
2002,58,C,Hepatica nobilis Mill.,Hepatica nobilis Schreb.,p
2002,58,C,Ilex aquifolium L.,Ilex aquifolium L.,p
2002,58,C,Lilium martagon L.,Lilium martagon L.,p
2002,58,C,Luzula sylvatica (Huds.) Gaudin,Luzula sylvatica (Huds.) Gaudin subsp. sylvatica,p
2002,58,C,Rubus hirtus W. et K.,Rubus hirtus Waldst. & Kit. group,p
2002,58,C,Ruscus hypoglossum L.,Ruscus hypoglossum L.,p
2002,58,C,Viola reichenbachiana Jord. ex Boreau,Viola reichenbachiana Jord. ex Boreau,p
2003,58,C,Acer monspessulanum L.,Acer monspessulanum L. subsp. monspessulanum,p
2003,58,C,Artemisia alba Turra,Artemisia alba Turra,p
2003,58,C,Brachypodium rupestre (Host) Roem. & Schult. subsp. rupestre,Brachypodium rupestre (Host) Roem. & Schult.,p
2003,58,C,Bromus erectus Huds.,Bromopsis erecta (Huds.) Fourr.,p
2003,58,C,Bupleurum falcatum L. subsp. cernuum (Ten.) Arcang.,Bupleurum falcatum L. subsp. cernuum (Nyman) Arcang.,p
2003,58,C,Carex macrolepis DC.,Carex macrolepis DC.,p
2003,58,C,Clematis vitalba L.,Clematis vitalba L.,p
2003,58,C,Cytisus sessilifolius L.,Cytisophyllum sessilifolium (L.) O.Lang,p
2003,58,C,Dactylis glomerata L.,Dactylis glomerata L. subsp. glomerata,p
2003,58,C,Echinops sphaerocephalus L. subsp. sphaerocephalus,Echinops sphaerocephalus L. subsp. sphaerocephalus,p
2003,58,C,Eryngium amethystinum L.,Eryngium amethystinum L.,p
2003,58,C,Euphorbia myrsinites L.,Euphorbia myrsinites L. subsp. myrsinites,p
2003,58,C,Festuca circummediterranea Patzke,Festuca circummediterranea Patzke,p
2003,58,C,Fraxinus ornus L.,Fraxinus ornus L. subsp. ornus,p
2003,58,C,Galium corrudifolium Vill.,Galium corrudifolium Vill.,p
2003,58,C,Helianthemum apenninum (L.) Mill.,Helianthemum apenninum (L.) Mill. subsp. apenninum,p
2003,58,C,Juniperus oxycedrus L. subsp. oxycedrus,Juniperus deltoides R.P.Adams ,p
2003,58,C,Knautia purpurea (Vill.) Borbás,Knautia calycina (C.Presl) Guss.,p
2003,58,C,Malus sylvestris Mill.,Malus sylvestris (L.) Mill.,p
2003,58,C,Orobanche minor Sm.,Orobanche minor Sm.,p
2003,58,C,Ostrya carpinifolia Scop.,Ostrya carpinifolia Scop.,p
2003,58,C,Quercus pubescens Willd.,Quercus pubescens Willd. subsp. pubescens,p
2003,58,C,Rosa canina L.,Rosa canina L.,p
2003,58,C,Rubus ulmifolius Schott,Rubus ulmifolius Schott,p
2003,58,C,Sanguisorba minor Scop. subsp. muricata (Gremli) Briq.,Poterium sanguisorba L. subsp. balearicum (Bourg. ex Nyman) Stace,p
2003,58,C,Sesleria nitida Ten.,Sesleria nitida Ten.,p
2003,58,C,Stachys recta L. subsp. recta,Stachys recta L. subsp. recta,p
2003,58,C,Tanacetum corymbosum var. tenuifolium (Willd.) Briq. et Cavill.,Tanacetum corymbosum (L.) Sch.Bip. subsp. achilleae (L.) Greuter,p
2003,58,C,Teucrium chamaedrys L.,Teucrium chamaedrys L. subsp. chamaedrys,p
2003,58,C,Thymus longicaulis Presl,Thymus longicaulis C.Presl subsp. longicaulis,p
2015,58,A,Fagus sylvatica L.,Fagus sylvatica L. subsp. sylvatica,5
2015,58,A,Prunus avium L.,Prunus avium (L.) L.,1
2015,58,B,Fagus sylvatica L.,Fagus sylvatica L. subsp. sylvatica,1
2015,58,B,Ilex aquifolium L.,Ilex aquifolium L.,+
2015,58,C,Acer pseudoplatanus L.,Acer pseudoplatanus L.,+
2015,58,C,Aegopodium podagraria L.,Aegopodium podagraria L.,+
2015,58,C,Arabis hirsuta (L.) Scop.,Arabis hirsuta (L.) Scop.,1
2015,58,C,Brachypodium sylvaticum (Huds.) Beauv.,Brachypodium sylvaticum (Huds.) P.Beauv. subsp. sylvaticum,+
2015,58,C,Cardamine bulbifera (L.) Crantz,Cardamine bulbifera (L.) Crantz,+
2015,58,C,Cephalanthera damasonium (Mill.) Druce,Cephalanthera damasonium (Mill.) Druce,+
2015,58,C,Daphne laureola L.,Daphne laureola L.,1
2015,58,C,Fagus sylvatica L.,Fagus sylvatica L. subsp. sylvatica,+
2015,58,C,Galium odoratum (L.) Scop.,Galium odoratum (L.) Scop.,+
2015,58,C,Hedera helix L. subsp. helix,Hedera helix L. subsp. helix,+
2015,58,C,Lilium martagon L.,Lilium martagon L.,+
2015,58,C,Polystichum setiferum (Forsskal) Woynar,Polystichum setiferum (Forssk.) T.Moore ex Woyn.,+
2015,58,C,Prenanthes purpurea L.,Prenanthes purpurea L.,+
2015,58,C,Pulmonaria vallarsae A.Kern.,Pulmonaria hirta L.,+
2015,58,C,Rubus hirtus W. et K.,Rubus hirtus Waldst. & Kit. group,+
2015,58,C,Ruscus hypoglossum L.,Ruscus hypoglossum L.,+
2015,58,C,Sanicula europaea L.,Sanicula europaea L.,+
2015,58,C,Viola reichenbachiana Jord. ex Boreau,Viola reichenbachiana Jord. ex Boreau,+
2020,58,A,Acer obtusatum Waldst. & Kit.,Acer opalus Mill. subsp. obtusatum (Waldst. & Kit. ex Willd.) Gams,2
2020,58,A,Acer pseudoplatanus L.,Acer pseudoplatanus L.,1
2020,58,A,Fagus sylvatica L.,Fagus sylvatica L. subsp. sylvatica,5
2020,58,A,Hedera helix L. subsp. helix,Hedera helix L. subsp. helix,1
2020,58,B,Acer pseudoplatanus L.,Acer pseudoplatanus L.,+
2020,58,B,Fagus sylvatica L.,Fagus sylvatica L. subsp. sylvatica,+
2020,58,B,Hedera helix L. subsp. helix,Hedera helix L. subsp. helix,+
2020,58,C,Acer pseudoplatanus L.,Acer pseudoplatanus L.,+
2020,58,C,Aegopodium podagraria L.,Aegopodium podagraria L.,+
2020,58,C,Brachypodium sylvaticum (Huds.) Beauv.,Brachypodium sylvaticum (Huds.) P.Beauv. subsp. sylvaticum,+
2020,58,C,Cardamine bulbifera (L.) Crantz,Cardamine bulbifera (L.) Crantz,+
2020,58,C,Cephalanthera damasonium (Mill.) Druce,Cephalanthera damasonium (Mill.) Druce,+
2020,58,C,Daphne laureola L.,Daphne laureola L.,+
2020,58,C,Fagus sylvatica L.,Fagus sylvatica L. subsp. sylvatica,+
2020,58,C,Galium odoratum (L.) Scop.,Galium odoratum (L.) Scop.,+
2020,58,C,Hedera helix L. subsp. helix,Hedera helix L. subsp. helix,+
2020,58,C,Ilex aquifolium L.,Ilex aquifolium L.,+
2020,58,C,Lilium martagon L.,Lilium martagon L.,+
2020,58,C,Melica uniflora Retz.,Melica uniflora Retz.,+
2020,58,C,Polystichum setiferum (Forsskal) Woynar,Polystichum setiferum (Forssk.) T.Moore ex Woyn.,+
2020,58,C,Rubus hirtus W. et K.,Rubus hirtus Waldst. & Kit. group,+
2020,58,C,Ruscus hypoglossum L.,Ruscus hypoglossum L.,+
2020,58,C,Sanicula europaea L.,Sanicula europaea L.,+
2020,58,C,Viola reichenbachiana Jord. ex Boreau,Viola reichenbachiana Jord. ex Boreau,+
2024,58,A,Acer obtusatum Waldst. & Kit.,Acer opalus Mill. subsp. obtusatum (Waldst. & Kit. ex Willd.) Gams,2
2024,58,A,Acer pseudoplatanus L.,Acer pseudoplatanus L.,1
2024,58,A,Fagus sylvatica L.,Fagus sylvatica L. subsp. sylvatica,5
2024,58,A,Hedera helix L. subsp. helix,Hedera helix L. subsp. helix,1
2024,58,B,Fagus sylvatica L.,Fagus sylvatica L. subsp. sylvatica,1
2024,58,B,Hedera helix L. subsp. helix,Hedera helix L. subsp. helix,+
2024,58,C,Acer pseudoplatanus L.,Acer pseudoplatanus L.,+
2024,58,C,Aegopodium podagraria L.,Aegopodium podagraria L.,1
2024,58,C,Brachypodium sylvaticum (Huds.) Beauv.,Brachypodium sylvaticum (Huds.) P.Beauv. subsp. sylvaticum,+
2024,58,C,Campanula trachelium L.,Campanula trachelium L. subsp. trachelium,+
2024,58,C,Cardamine bulbifera (L.) Crantz,Cardamine bulbifera (L.) Crantz,+
2024,58,C,Fagus sylvatica L.,Fagus sylvatica L. subsp. sylvatica,+
2024,58,C,Galium odoratum (L.) Scop.,Galium odoratum (L.) Scop.,+
2024,58,C,Hedera helix L. subsp. helix,Hedera helix L. subsp. helix,+
2024,58,C,Ilex aquifolium L.,Ilex aquifolium L.,+
2024,58,C,Lilium martagon L.,Lilium martagon L.,+
2024,58,C,Polystichum setiferum (Forsskal) Woynar,Polystichum setiferum (Forssk.) T.Moore ex Woyn.,1
2024,58,C,Pulmonaria vallarsae A.Kern.,Pulmonaria hirta L.,+
2024,58,C,Tamus communis L.,Dioscorea communis (L.) Caddick & Wilkin,+
2024,58,C,Viola reichenbachiana Jord. ex Boreau,Viola reichenbachiana Jord. ex Boreau,+
2002,59,C,Acer campestre L.,Acer campestre L.,p
2002,59,C,Acer obtusatum Waldst. & Kit.,Acer opalus Mill. subsp. obtusatum (Waldst. & Kit. ex Willd.) Gams,p
2002,59,C,Daphne laureola L.,Daphne laureola L.,p
2002,59,C,Fagus sylvatica L.,Fagus sylvatica L. subsp. sylvatica,p
2002,59,C,Hedera helix L. subsp. helix,Hedera helix L. subsp. helix,p
2002,59,C,Hepatica nobilis Mill.,Hepatica nobilis Schreb.,p
2002,59,C,Lilium martagon L.,Lilium martagon L.,p
2002,59,C,Luzula sylvatica (Huds.) Gaudin,Luzula sylvatica (Huds.) Gaudin subsp. sylvatica,p
2002,59,C,Melica uniflora Retz.,Melica uniflora Retz.,p
2002,59,C,Prenanthes purpurea L.,Prenanthes purpurea L.,p
2002,59,C,Rubus hirtus W. et K.,Rubus hirtus Waldst. & Kit. group,p
2002,59,C,Ruscus hypoglossum L.,Ruscus hypoglossum L.,p
2002,59,C,Tamus communis L.,Dioscorea communis (L.) Caddick & Wilkin,p
2002,59,C,Viola reichenbachiana Jord. ex Boreau,Viola reichenbachiana Jord. ex Boreau,p
2003,59,C,Asperula cynanchica L.,Cynanchica pyrenaica (L.) P.Caputo & Del Guacchio subsp. cynanchica (L.) P.Caputo & Del Guacchio,p
2003,59,C,Brachypodium rupestre (Host) Roem. & Schult. subsp. rupestre,Brachypodium rupestre (Host) Roem. & Schult.,p
2003,59,C,Bromus erectus Huds.,Bromopsis erecta (Huds.) Fourr.,p
2003,59,C,Centaurea ambigua Guss. subsp. ambigua,Centaurea arrigonii Greuter,p
2003,59,C,Cornus mas L.,Cornus mas L.,p
2003,59,C,Cytisus sessilifolius L.,Cytisophyllum sessilifolium (L.) O.Lang,p
2003,59,C,Festuca inops De Not.,Festuca inops De Not.,p
2003,59,C,Fraxinus ornus L.,Fraxinus ornus L. subsp. ornus,p
2003,59,C,Galium corrudifolium Vill.,Galium corrudifolium Vill.,p
2003,59,C,Helianthemum apenninum (L.) Mill.,Helianthemum apenninum (L.) Mill. subsp. apenninum,p
2003,59,C,Hippocrepis comosa L.,Hippocrepis comosa L. subsp. comosa,p
2003,59,C,Quercus pubescens Willd.,Quercus pubescens Willd. subsp. pubescens,p
2003,59,C,Rosa canina L.,Rosa canina L.,p
2003,59,C,Sedum rupestre L. subsp. rupestre,Petrosedum rupestre (L.) P.V.Heath,p
2003,59,C,Sesleria nitida Ten.,Sesleria nitida Ten.,p
2003,59,C,Stachys recta L. subsp. recta,Stachys recta L. subsp. recta,p
2003,59,C,Tanacetum corymbosum var. tenuifolium (Willd.) Briq. et Cavill.,Tanacetum corymbosum (L.) Sch.Bip. subsp. achilleae (L.) Greuter,p
2003,59,C,Teucrium chamaedrys L.,Teucrium chamaedrys L. subsp. chamaedrys,p
2003,59,C,Thymus longicaulis Presl,Thymus longicaulis C.Presl subsp. longicaulis,p
2015,59,A,Acer pseudoplatanus L.,Acer pseudoplatanus L.,1
2015,59,A,Fagus sylvatica L.,Fagus sylvatica L. subsp. sylvatica,4
2015,59,B,Acer pseudoplatanus L.,Acer pseudoplatanus L.,+
2015,59,B,Fagus sylvatica L.,Fagus sylvatica L. subsp. sylvatica,+
2015,59,C,Acer obtusatum Waldst. & Kit.,Acer opalus Mill. subsp. obtusatum (Waldst. & Kit. ex Willd.) Gams,+
2015,59,C,Acer platanoides L.,Acer platanoides L.,+
2015,59,C,Acer pseudoplatanus L.,Acer pseudoplatanus L.,1
2015,59,C,Cardamine bulbifera (L.) Crantz,Cardamine bulbifera (L.) Crantz,+
2015,59,C,Cephalanthera damasonium (Mill.) Druce,Cephalanthera damasonium (Mill.) Druce,+
2015,59,C,Daphne laureola L.,Daphne laureola L.,+
2015,59,C,Euonymus europaeus L.,Euonymus europaeus L.,+
2015,59,C,Fagus sylvatica L.,Fagus sylvatica L. subsp. sylvatica,+
2015,59,C,Galium odoratum (L.) Scop.,Galium odoratum (L.) Scop.,1
2015,59,C,Geranium robertianum L.,Geranium robertianum L.,+
2015,59,C,Hedera helix L. subsp. helix,Hedera helix L. subsp. helix,1
2015,59,C,Lilium martagon L.,Lilium martagon L.,+
2015,59,C,Luzula sylvatica (Huds.) Gaudin,Luzula sylvatica (Huds.) Gaudin subsp. sylvatica,+
2015,59,C,Melica uniflora Retz.,Melica uniflora Retz.,+
2015,59,C,Mercurialis perennis L.,Mercurialis perennis L.,+
2015,59,C,Moehringia muscosa L.,Moehringia muscosa L.,+
2015,59,C,Mycelis muralis (L.) Dumort.,Mycelis muralis (L.) Dumort. subsp. muralis,+
2015,59,C,Polygonatum multiflorum (L.) All.,Polygonatum multiflorum (L.) All.,+
2015,59,C,Polystichum setiferum (Forsskal) Woynar,Polystichum setiferum (Forssk.) T.Moore ex Woyn.,+
2015,59,C,Pulmonaria vallarsae A.Kern.,Pulmonaria hirta L.,+
2015,59,C,Rubus hirtus W. et K.,Rubus hirtus Waldst. & Kit. group,+
2015,59,C,Ruscus hypoglossum L.,Ruscus hypoglossum L.,+
2015,59,C,Saxifraga rotundifolia L.,Saxifraga rotundifolia L. subsp. rotundifolia,+
2015,59,C,Sorbus aria (L.) Crantz,Sorbus aria (L.) Crantz,+
2015,59,C,Tamus communis L.,Dioscorea communis (L.) Caddick & Wilkin,+
2015,59,C,Viola reichenbachiana Jord. ex Boreau,Viola reichenbachiana Jord. ex Boreau,+
2020,59,A,Acer obtusatum Waldst. & Kit.,Acer opalus Mill. subsp. obtusatum (Waldst. & Kit. ex Willd.) Gams,1
2020,59,A,Acer pseudoplatanus L.,Acer pseudoplatanus L.,2
2020,59,A,Fagus sylvatica L.,Fagus sylvatica L. subsp. sylvatica,5
2020,59,C,Aegopodium podagraria L.,Aegopodium podagraria L.,+
2020,59,C,Cardamine bulbifera (L.) Crantz,Cardamine bulbifera (L.) Crantz,1
2020,59,C,Fraxinus ornus L.,Fraxinus ornus L. subsp. ornus,+
2020,59,C,Galium odoratum (L.) Scop.,Galium odoratum (L.) Scop.,1
2020,59,C,Geranium robertianum L.,Geranium robertianum L.,+
2020,59,C,Hedera helix L. subsp. helix,Hedera helix L. subsp. helix,1
2020,59,C,Lilium martagon L.,Lilium martagon L.,+
2020,59,C,Luzula sylvatica (Huds.) Gaudin,Luzula sylvatica (Huds.) Gaudin subsp. sylvatica,+
2020,59,C,Melica uniflora Retz.,Melica uniflora Retz.,+
2020,59,C,Mercurialis perennis L.,Mercurialis perennis L.,+
2020,59,C,Moehringia muscosa L.,Moehringia muscosa L.,+
2020,59,C,Mycelis muralis (L.) Dumort.,Mycelis muralis (L.) Dumort. subsp. muralis,+
2020,59,C,Polystichum setiferum (Forsskal) Woynar,Polystichum setiferum (Forssk.) T.Moore ex Woyn.,+
2020,59,C,Primula vulgaris Huds.,Primula vulgaris Huds.,+
2020,59,C,Pulmonaria vallarsae A.Kern.,Pulmonaria hirta L.,+
2020,59,C,Rubus hirtus W. et K.,Rubus hirtus Waldst. & Kit. group,+
2020,59,C,Ruscus hypoglossum L.,Ruscus hypoglossum L.,+
2020,59,C,Saxifraga rotundifolia L.,Saxifraga rotundifolia L. subsp. rotundifolia,+
2020,59,C,Tamus communis L.,Dioscorea communis (L.) Caddick & Wilkin,+
2020,59,C,Viola reichenbachiana Jord. ex Boreau,Viola reichenbachiana Jord. ex Boreau,+
2024,59,A,Acer obtusatum Waldst. & Kit.,Acer opalus Mill. subsp. obtusatum (Waldst. & Kit. ex Willd.) Gams,2
2024,59,A,Acer pseudoplatanus L.,Acer pseudoplatanus L.,+
2024,59,A,Fagus sylvatica L.,Fagus sylvatica L. subsp. sylvatica,5
2024,59,B,Fagus sylvatica L.,Fagus sylvatica L. subsp. sylvatica,1
2024,59,C,Acer pseudoplatanus L.,Acer pseudoplatanus L.,+
2024,59,C,Aegopodium podagraria L.,Aegopodium podagraria L.,+
2024,59,C,Cardamine bulbifera (L.) Crantz,Cardamine bulbifera (L.) Crantz,1
2024,59,C,Cardamine enneaphyllos (L.) Crantz,Cardamine enneaphyllos (L.) Crantz,+
2024,59,C,Cyclamen repandum S. et S.,Cyclamen repandum Sm. subsp. repandum,+
2024,59,C,Daphne laureola L.,Daphne laureola L.,+
2024,59,C,Fagus sylvatica L.,Fagus sylvatica L. subsp. sylvatica,+
2024,59,C,Galanthus nivalis L.,Galanthus nivalis L.,+
2024,59,C,Galium odoratum (L.) Scop.,Galium odoratum (L.) Scop.,1
2024,59,C,Geranium robertianum L.,Geranium robertianum L.,+
2024,59,C,Hedera helix L. subsp. helix,Hedera helix L. subsp. helix,1
2024,59,C,Lilium martagon L.,Lilium martagon L.,+
2024,59,C,Luzula sylvatica (Huds.) Gaudin,Luzula sylvatica (Huds.) Gaudin subsp. sylvatica,+
2024,59,C,Mercurialis perennis L.,Mercurialis perennis L.,+
2024,59,C,Neottia nidus-avis (L.) L.C.Rich.,Neottia nidus-avis (L.) Rich.,+
2024,59,C,Polystichum setiferum (Forsskal) Woynar,Polystichum setiferum (Forssk.) T.Moore ex Woyn.,+
2024,59,C,Tamus communis L.,Dioscorea communis (L.) Caddick & Wilkin,+
2002,60,C,Acer obtusatum Waldst. & Kit.,Acer opalus Mill. subsp. obtusatum (Waldst. & Kit. ex Willd.) Gams,p
2002,60,C,Brachypodium sylvaticum (Huds.) Beauv.,Brachypodium sylvaticum (Huds.) P.Beauv. subsp. sylvaticum,p
2002,60,C,Cardamine bulbifera (L.) Crantz,Cardamine bulbifera (L.) Crantz,p
2002,60,C,Crataegus oxyacantha L.,Crataegus laevigata (Poir.) DC.,p
2002,60,C,Daphne laureola L.,Daphne laureola L.,p
2002,60,C,Euonymus latifolius (L.) Mill.,Euonymus latifolius (L.) Mill. subsp. latifolius,p
2002,60,C,Euphorbia amygdaloides L. subsp. amygdaloides,Euphorbia amygdaloides L.,p
2002,60,C,Fagus sylvatica L.,Fagus sylvatica L. subsp. sylvatica,p
2002,60,C,Fraxinus ornus L.,Fraxinus ornus L. subsp. ornus,p
2002,60,C,Hedera helix L. subsp. helix,Hedera helix L. subsp. helix,p
2002,60,C,Hordelymus europaeus (L.) Harz,Hordelymus europaeus (L.) Harz,p
2002,60,C,Lathyrus venetus (Mill.) Wohlf.,Lathyrus venetus (Mill.) Wohlf.,p
2002,60,C,Lilium bulbiferum L. subsp. croceum (Chaix) Baker,Lilium bulbiferum L. subsp. croceum (Chaix) Jan,p
2002,60,C,Lilium martagon L.,Lilium martagon L.,p
2002,60,C,Melica uniflora Retz.,Melica uniflora Retz.,p
2002,60,C,Mercurialis perennis L.,Mercurialis perennis L.,p
2002,60,C,Rosa canina L.,Rosa canina L.,p
2002,60,C,Rubus hirtus W. et K.,Rubus hirtus Waldst. & Kit. group,p
2002,60,C,Tilia platyphyllos Scop. subsp. platyphyllos,Tilia platyphyllos Scop. subsp. platyphyllos,p
2003,60,C,Acer monspessulanum L.,Acer monspessulanum L. subsp. monspessulanum,p
2003,60,C,Brachypodium rupestre (Host) Roem. & Schult. subsp. rupestre,Brachypodium rupestre (Host) Roem. & Schult.,p
2003,60,C,Bromus erectus Huds.,Bromopsis erecta (Huds.) Fourr.,p
2003,60,C,Carex macrolepis DC.,Carex macrolepis DC.,p
2003,60,C,Centaurea ambigua Guss. subsp. ambigua,Centaurea arrigonii Greuter,p
2003,60,C,Cytisus sessilifolius L.,Cytisophyllum sessilifolium (L.) O.Lang,p
2003,60,C,Euphorbia myrsinites L.,Euphorbia myrsinites L. subsp. myrsinites,p
2003,60,C,Festuca inops De Not.,Festuca inops De Not.,p
2003,60,C,Galium corrudifolium Vill.,Galium corrudifolium Vill.,p
2003,60,C,Helianthemum apenninum (L.) Mill.,Helianthemum apenninum (L.) Mill. subsp. apenninum,p
2003,60,C,Juniperus oxycedrus L. subsp. oxycedrus,Juniperus deltoides R.P.Adams ,p
2003,60,C,Knautia purpurea (Vill.) Borbás,Knautia calycina (C.Presl) Guss.,p
2003,60,C,Quercus pubescens Willd.,Quercus pubescens Willd. subsp. pubescens,p
2003,60,C,Sedum rupestre L. subsp. rupestre,Petrosedum rupestre (L.) P.V.Heath,p
2003,60,C,Sesleria nitida Ten.,Sesleria nitida Ten.,p
2003,60,C,Sorbus aria (L.) Crantz,Sorbus aria (L.) Crantz,p
2003,60,C,Stachys recta L. subsp. recta,Stachys recta L. subsp. recta,p
2003,60,C,Teucrium chamaedrys L.,Teucrium chamaedrys L. subsp. chamaedrys,p
2003,60,C,Thymus longicaulis Presl,Thymus longicaulis C.Presl subsp. longicaulis,p
2015,60,A,Acer obtusatum Waldst. & Kit.,Acer opalus Mill. subsp. obtusatum (Waldst. & Kit. ex Willd.) Gams,2
2015,60,A,Fagus sylvatica L.,Fagus sylvatica L. subsp. sylvatica,4
2015,60,A,Fraxinus ornus L.,Fraxinus ornus L. subsp. ornus,1
2015,60,B,Acer obtusatum Waldst. & Kit.,Acer opalus Mill. subsp. obtusatum (Waldst. & Kit. ex Willd.) Gams,+
2015,60,B,Daphne laureola L.,Daphne laureola L.,+
2015,60,B,Euonymus latifolius (L.) Mill.,Euonymus latifolius (L.) Mill. subsp. latifolius,+
2015,60,B,Fagus sylvatica L.,Fagus sylvatica L. subsp. sylvatica,1
2015,60,C,Acer campestre L.,Acer campestre L.,+
2015,60,C,Brachypodium sylvaticum (Huds.) Beauv.,Brachypodium sylvaticum (Huds.) P.Beauv. subsp. sylvaticum,1
2015,60,C,Bromus ramosus Huds.,Bromopsis ramosa (Huds.) Holub subsp. ramosa,+
2015,60,C,Campanula trachelium L.,Campanula trachelium L. subsp. trachelium,+
2015,60,C,Carex sylvatica Huds.,Carex sylvatica Huds.,+
2015,60,C,Cephalanthera longifolia (Huds.) Fritsch,Cephalanthera longifolia (L.) Fritsch,+
2015,60,C,Coronilla emerus L. subsp. emerus,Emerus major Mill. subsp. major,+
2015,60,C,Epipactis helleborine (L.) Crantz,Epipactis helleborine (L.) Crantz,+
2015,60,C,Euonymus europaeus L.,Euonymus europaeus L.,+
2015,60,C,Euonymus latifolius (L.) Mill.,Euonymus latifolius (L.) Mill. subsp. latifolius,+
2015,60,C,Euphorbia amygdaloides L. subsp. amygdaloides,Euphorbia amygdaloides L.,+
2015,60,C,Festuca altissima All.,Drymochloa sylvatica (Pollich) Holub,+
2015,60,C,Festuca heterophylla Lam.,Festuca heterophylla Lam.,+
2015,60,C,Fraxinus ornus L.,Fraxinus ornus L. subsp. ornus,+
2015,60,C,Galium odoratum (L.) Scop.,Galium odoratum (L.) Scop.,+
2015,60,C,Hedera helix L. subsp. helix,Hedera helix L. subsp. helix,+
2015,60,C,Hordelymus europaeus (L.) Harz,Hordelymus europaeus (L.) Harz,+
2015,60,C,Ilex aquifolium L.,Ilex aquifolium L.,+
2015,60,C,Lamium maculatum L.,Lamium maculatum L.,+
2015,60,C,Lathyrus venetus (Mill.) Wohlf.,Lathyrus venetus (Mill.) Wohlf.,+
2015,60,C,Lilium martagon L.,Lilium martagon L.,+
2015,60,C,Luzula sylvatica (Huds.) Gaudin,Luzula sylvatica (Huds.) Gaudin subsp. sylvatica,+
2015,60,C,Melica uniflora Retz.,Melica uniflora Retz.,1
2015,60,C,Mercurialis perennis L.,Mercurialis perennis L.,+
2015,60,C,Neottia nidus-avis (L.) L.C.Rich.,Neottia nidus-avis (L.) Rich.,+
2015,60,C,Pulmonaria vallarsae A.Kern.,Pulmonaria hirta L.,+
2015,60,C,Rosa obtusifolia Desv.,Rosa balsamica Besser,+
2015,60,C,Rubus hirtus W. et K.,Rubus hirtus Waldst. & Kit. group,1
2015,60,C,Ruscus hypoglossum L.,Ruscus hypoglossum L.,+
2015,60,C,Salvia glutinosa L.,Salvia glutinosa L.,1
2015,60,C,Sanicula europaea L.,Sanicula europaea L.,+
2015,60,C,Tamus communis L.,Dioscorea communis (L.) Caddick & Wilkin,+
2015,60,C,Viola alba Besser subsp. dehnhardtii (Ten.) W. Becker,Viola alba Besser subsp. dehnhardtii (Ten.) W.Becker,+
2015,60,C,Viola reichenbachiana Jord. ex Boreau,Viola reichenbachiana Jord. ex Boreau,+
2020,60,A,Acer obtusatum Waldst. & Kit.,Acer opalus Mill. subsp. obtusatum (Waldst. & Kit. ex Willd.) Gams,4
2020,60,A,Fagus sylvatica L.,Fagus sylvatica L. subsp. sylvatica,2
2020,60,A,Hedera helix L. subsp. helix,Hedera helix L. subsp. helix,1
2020,60,B,Acer obtusatum Waldst. & Kit.,Acer opalus Mill. subsp. obtusatum (Waldst. & Kit. ex Willd.) Gams,+
2020,60,B,Fagus sylvatica L.,Fagus sylvatica L. subsp. sylvatica,1
2020,60,B,Hedera helix L. subsp. helix,Hedera helix L. subsp. helix,+
2020,60,C,Acer obtusatum Waldst. & Kit.,Acer opalus Mill. subsp. obtusatum (Waldst. & Kit. ex Willd.) Gams,1
2020,60,C,Acer platanoides L.,Acer platanoides L.,+
2020,60,C,Brachypodium sylvaticum (Huds.) Beauv.,Brachypodium sylvaticum (Huds.) P.Beauv. subsp. sylvaticum,+
2020,60,C,Bromus ramosus Huds.,Bromopsis ramosa (Huds.) Holub subsp. ramosa,+
2020,60,C,Carex sylvatica Huds.,Carex sylvatica Huds.,+
2020,60,C,Cephalanthera longifolia (Huds.) Fritsch,Cephalanthera longifolia (L.) Fritsch,+
2020,60,C,Coronilla emerus L. subsp. emerus,Emerus major Mill. subsp. major,+
2020,60,C,Cyclamen repandum S. et S.,Cyclamen repandum Sm. subsp. repandum,+
2020,60,C,Daphne laureola L.,Daphne laureola L.,+
2020,60,C,Epipactis helleborine (L.) Crantz,Epipactis helleborine (L.) Crantz,+
2020,60,C,Euonymus latifolius (L.) Mill.,Euonymus latifolius (L.) Mill. subsp. latifolius,+
2020,60,C,Euphorbia amygdaloides L. subsp. amygdaloides,Euphorbia amygdaloides L.,1
2020,60,C,Fagus sylvatica L.,Fagus sylvatica L. subsp. sylvatica,+
2020,60,C,Festuca heterophylla Lam.,Festuca heterophylla Lam.,+
2020,60,C,Fraxinus ornus L.,Fraxinus ornus L. subsp. ornus,+
2020,60,C,Galium odoratum (L.) Scop.,Galium odoratum (L.) Scop.,+
2020,60,C,Hedera helix L. subsp. helix,Hedera helix L. subsp. helix,1
2020,60,C,Hordelymus europaeus (L.) Harz,Hordelymus europaeus (L.) Harz,+
2020,60,C,Lathyrus venetus (Mill.) Wohlf.,Lathyrus venetus (Mill.) Wohlf.,+
2020,60,C,Lilium martagon L.,Lilium martagon L.,+
2020,60,C,Lonicera xylosteum L.,Lonicera xylosteum L.,+
2020,60,C,Luzula sylvatica (Huds.) Gaudin,Luzula sylvatica (Huds.) Gaudin subsp. sylvatica,+
2020,60,C,Melica uniflora Retz.,Melica uniflora Retz.,+
2020,60,C,Mycelis muralis (L.) Dumort.,Mycelis muralis (L.) Dumort. subsp. muralis,+
2020,60,C,Pulmonaria vallarsae A.Kern.;,Pulmonaria hirta L.,+
2020,60,C,Rubus hirtus W. et K.,Rubus hirtus Waldst. & Kit. group,+
2020,60,C,Ruscus hypoglossum L.,Ruscus hypoglossum L.,+
2020,60,C,Salvia glutinosa L.,Salvia glutinosa L.,+
2020,60,C,Sanicula europaea L.,Sanicula europaea L.,+
2020,60,C,Sesleria nitida Ten.,Sesleria nitida Ten.,1
2020,60,C,Sorbus domestica L.,Sorbus domestica L.,+
2020,60,C,Tamus communis L.,Dioscorea communis (L.) Caddick & Wilkin,+
2020,60,C,Viola reichenbachiana Jord. ex Boreau,Viola reichenbachiana Jord. ex Boreau,+
2024,60,A,Acer obtusatum Waldst. & Kit.,Acer opalus Mill. subsp. obtusatum (Waldst. & Kit. ex Willd.) Gams,4
2024,60,A,Fagus sylvatica L.,Fagus sylvatica L. subsp. sylvatica,4
2024,60,A,Hedera helix L. subsp. helix,Hedera helix L. subsp. helix,1
2024,60,B,Acer obtusatum Waldst. & Kit.,Acer opalus Mill. subsp. obtusatum (Waldst. & Kit. ex Willd.) Gams,+
2024,60,B,Fagus sylvatica L.,Fagus sylvatica L. subsp. sylvatica,1
2024,60,B,Hedera helix L. subsp. helix,Hedera helix L. subsp. helix,+
2024,60,C,Acer obtusatum Waldst. & Kit.,Acer opalus Mill. subsp. obtusatum (Waldst. & Kit. ex Willd.) Gams,+
2024,60,C,Acer platanoides L.,Acer platanoides L.,+
2024,60,C,Bromus erectus Huds.,Bromopsis erecta (Huds.) Fourr.,+
2024,60,C,Campanula trachelium L.,Campanula trachelium L. subsp. trachelium,+
2024,60,C,Carex digitata L.,Carex digitata L.,+
2024,60,C,Coronilla emerus L. subsp. emerus,Emerus major Mill. subsp. major,+
2024,60,C,Cyclamen repandum S. et S.,Cyclamen repandum Sm. subsp. repandum,+
2024,60,C,Daphne laureola L.,Daphne laureola L.,1
2024,60,C,Doronicum columnae Ten.,Doronicum columnae Ten.,+
2024,60,C,Epipactis helleborine (L.) Crantz,Epipactis helleborine (L.) Crantz,+
2024,60,C,Euonymus latifolius (L.) Mill.,Euonymus latifolius (L.) Mill. subsp. latifolius,+
2024,60,C,Euphorbia amygdaloides L. subsp. amygdaloides,Euphorbia amygdaloides L.,1
2024,60,C,Fagus sylvatica L.,Fagus sylvatica L. subsp. sylvatica,1
2024,60,C,Festuca altissima All.,Drymochloa sylvatica (Pollich) Holub,+
2024,60,C,Festuca heterophylla Lam.,Festuca heterophylla Lam.,+
2024,60,C,Fraxinus ornus L.,Fraxinus ornus L. subsp. ornus,+
2024,60,C,Galium odoratum (L.) Scop.,Galium odoratum (L.) Scop.,1
2024,60,C,Hedera helix L. subsp. helix,Hedera helix L. subsp. helix,1
2024,60,C,Hordelymus europaeus (L.) Harz,Hordelymus europaeus (L.) Harz,1
2024,60,C,Ilex aquifolium L.,Ilex aquifolium L.,+
2024,60,C,Lathyrus venetus (Mill.) Wohlf.,Lathyrus venetus (Mill.) Wohlf.,+
2024,60,C,Lilium martagon L.,Lilium martagon L.,+
2024,60,C,Luzula sylvatica (Huds.) Gaudin,Luzula sylvatica (Huds.) Gaudin subsp. sylvatica,1
2024,60,C,Melica uniflora Retz.,Melica uniflora Retz.,+
2024,60,C,Mercurialis perennis L.,Mercurialis perennis L.,1
2024,60,C,Neottia nidus-avis (L.) L.C.Rich.,Neottia nidus-avis (L.) Rich.,+
2024,60,C,Primula vulgaris Huds.,Primula vulgaris Huds.,+
2024,60,C,Pulmonaria vallarsae A.Kern.,Pulmonaria hirta L.,+
2024,60,C,Rubus hirtus W. et K.,Rubus hirtus Waldst. & Kit. group,+
2024,60,C,Ruscus hypoglossum L.,Ruscus hypoglossum L.,1
2024,60,C,Sesleria nitida Ten.,Sesleria nitida Ten.,1
2024,60,C,Sorbus aria (L.) Crantz,Sorbus aria (L.) Crantz,+
2024,60,C,Tamus communis L.,Dioscorea communis (L.) Caddick & Wilkin,+
2024,60,C,Viola reichenbachiana Jord. ex Boreau,Viola reichenbachiana Jord. ex Boreau,+